month,pfaf_id,Rainf_tavg,Qair_f_tavg,Qs_tavg,Evap_tavg,Tair_f_tavg,SoilMoist_inst_lvl_0,SoilMoist_inst_lvl_1,SoilMoist_inst_lvl_2,SoilMoist_inst_lvl_3,SoilTemp_inst_lvl_0,SoilTemp_inst_lvl_1,SoilTemp_inst_lvl_2,SoilTemp_inst_lvl_3,Streamflow_tavg
4,64249,3.695634126663208,15.96989631652832,0.027664532884955406,3.4108493328094482,25.618478775024414,0.32040223479270935,0.32599160075187683,0.3353284001350403,0.35547229647636414,25.73732566833496,26.124122619628906,25.837814331054688,25.73969841003418,1839.6883544921875
5,64249,1.7938132286071777,12.711886405944824,0.006556753069162369,2.8455281257629395,24.598777770996094,0.28402578830718994,0.30271798372268677,0.3158169984817505,0.335269033908844,24.313196182250977,24.951322555541992,24.871301651000977,25.0969295501709,1726.109619140625
6,64249,1.0086864233016968,10.443290710449219,0.0016999893123283982,1.9558155536651611,24.02018928527832,0.23883090913295746,0.28472456336021423,0.29824501276016235,0.31567028164863586,23.893495559692383,24.54033660888672,24.167741775512695,24.323360443115234,857.5173950195312
7,64249,0.7997376918792725,9.089561462402344,0.0010219912510365248,1.4550392627716064,24.71514892578125,0.20467765629291534,0.27396079897880554,0.28625285625457764,0.30164778232574463,24.751907348632812,25.334749221801758,24.430355072021484,24.140323638916016,396.1775207519531
8,64249,0.8462250232696533,8.63584041595459,0.0012466778280213475,1.3872944116592407,27.090707778930664,0.18480537831783295,0.26649048924446106,0.2771252393722534,0.2912621796131134,27.211776733398438,27.582279205322266,25.988239288330078,24.980588912963867,194.4315185546875
9,64249,1.5590286254882812,10.158086776733398,0.005568108055740595,1.8660202026367188,29.193283081054688,0.1923336684703827,0.26053667068481445,0.26885199546813965,0.2827953100204468,29.758039474487305,29.99001121520996,28.156644821166992,26.69186782836914,103.39978790283203
