month,pfaf_id,Rainf_tavg,Qair_f_tavg,Qs_tavg,Evap_tavg,Tair_f_tavg,SoilMoist_inst_lvl_0,SoilMoist_inst_lvl_1,SoilMoist_inst_lvl_2,SoilMoist_inst_lvl_3,SoilTemp_inst_lvl_0,SoilTemp_inst_lvl_1,SoilTemp_inst_lvl_2,SoilTemp_inst_lvl_3,Streamflow_tavg
4,61565,6.358973026275635,16.436168670654297,0.034539707005023956,3.5601627826690674,25.964237213134766,0.30631023645401,0.303570032119751,0.2926044464111328,0.2858230173587799,28.152223587036133,27.84305763244629,28.376163482666016,28.957895278930664,802.7080078125
5,61565,6.372353553771973,16.5179443359375,0.04569755867123604,3.5334622859954834,25.472949981689453,0.32299748063087463,0.32462793588638306,0.3247065842151642,0.3250577747821808,27.03712272644043,26.46727180480957,26.60115623474121,26.99799919128418,1015.7385864257812
6,61565,6.334627628326416,16.56686019897461,0.034360580146312714,3.5687923431396484,25.400218963623047,0.33202531933784485,0.33466586470603943,0.33970028162002563,0.352600634098053,26.532747268676758,25.949596405029297,25.82741928100586,25.92398452758789,1244.126220703125
7,61565,6.286599636077881,16.35833168029785,0.03530045971274376,3.464672803878784,25.241193771362305,0.3357774317264557,0.3391856253147125,0.34677430987358093,0.3667953908443451,26.18609046936035,25.662303924560547,25.44778823852539,25.41346549987793,1306.352783203125
8,61565,6.12942361831665,16.420991897583008,0.033983610570430756,3.459808826446533,25.566560745239258,0.33709222078323364,0.34070393443107605,0.34981903433799744,0.37320512533187866,26.429229736328125,25.86320686340332,25.442731857299805,25.222734451293945,1269.925537109375
9,61565,6.0154500007629395,16.639102935791016,0.03560354560613632,3.547276735305786,26.25845718383789,0.33602479100227356,0.340058833360672,0.34996870160102844,0.374216765165329,27.06150245666504,26.394983291625977,25.808528900146484,25.392053604125977,1207.1480712890625
