month,pfaf_id,Rainf_tavg,Qair_f_tavg,Qs_tavg,Evap_tavg,Tair_f_tavg,SoilMoist_inst_lvl_0,SoilMoist_inst_lvl_1,SoilMoist_inst_lvl_2,SoilMoist_inst_lvl_3,SoilTemp_inst_lvl_0,SoilTemp_inst_lvl_1,SoilTemp_inst_lvl_2,SoilTemp_inst_lvl_3,Streamflow_tavg
4,61596,7.278834342956543,17.38018035888672,0.03492572903633118,3.3615024089813232,24.630657196044922,0.3543326258659363,0.3509383499622345,0.3365996181964874,0.30164051055908203,26.38920021057129,25.861860275268555,25.850547790527344,25.892715454101562,137.6165771484375
5,61596,7.438756465911865,17.356355667114258,0.05465993657708168,3.2288451194763184,24.44319725036621,0.36670905351638794,0.36820244789123535,0.3681473433971405,0.37141749262809753,26.1959228515625,25.575735092163086,25.390933990478516,25.367399215698242,101.47019958496094
6,61596,7.411770343780518,17.39763832092285,0.03672794625163078,3.3483192920684814,24.468355178833008,0.37291190028190613,0.3757970929145813,0.38199207186698914,0.40400147438049316,26.01643180847168,25.460840225219727,25.225305557250977,25.11842918395996,303.75
7,61596,7.468311786651611,17.21356773376465,0.02376631833612919,3.2665345668792725,24.358381271362305,0.375036358833313,0.37779414653778076,0.38528910279273987,0.4106263816356659,25.729711532592773,25.257871627807617,25.04836082458496,24.957103729248047,420.6092224121094
8,61596,7.147047996520996,17.26522445678711,0.021941957995295525,3.294729709625244,24.544694900512695,0.3739383816719055,0.37696561217308044,0.3847874701023102,0.4101562201976776,25.775728225708008,25.26316261291504,24.981576919555664,24.836868286132812,444.2238464355469
9,61596,6.6688690185546875,17.508983612060547,0.024208953604102135,3.413743019104004,24.95813751220703,0.372139573097229,0.3749980628490448,0.3825198709964752,0.4068391025066376,26.173410415649414,25.565670013427734,25.166759490966797,24.894577026367188,393.4953308105469
