month,pfaf_id,Rainf_tavg,Qair_f_tavg,Qs_tavg,Evap_tavg,Tair_f_tavg,SoilMoist_inst_lvl_0,SoilMoist_inst_lvl_1,SoilMoist_inst_lvl_2,SoilMoist_inst_lvl_3,SoilTemp_inst_lvl_0,SoilTemp_inst_lvl_1,SoilTemp_inst_lvl_2,SoilTemp_inst_lvl_3,Streamflow_tavg
4,61585,9.362622261047363,17.385448455810547,0.2308201640844345,3.649916172027588,25.427806854248047,0.35727009177207947,0.35743531584739685,0.3520331382751465,0.33364880084991455,26.987653732299805,26.620460510253906,26.4326171875,26.409896850585938,448.81591796875
5,61585,9.507813453674316,17.43242645263672,0.42713528871536255,3.6313693523406982,25.466567993164062,0.36777788400650024,0.37061792612075806,0.3765507638454437,0.3950347900390625,26.941343307495117,26.512451171875,26.249420166015625,26.189285278320312,1430.9029541015625
6,61585,9.437439918518066,17.454980850219727,0.320930540561676,3.7620887756347656,25.55768585205078,0.3702116906642914,0.3737911283969879,0.38157767057418823,0.4065154790878296,26.844621658325195,26.44362449645996,26.16654396057129,26.082763671875,2105.92041015625
7,61585,9.424480438232422,17.395612716674805,0.2677839398384094,3.750014066696167,25.524429321289062,0.37071120738983154,0.3743319511413574,0.3823680281639099,0.4082111716270447,26.695980072021484,26.382112503051758,26.112092971801758,26.023757934570312,2289.24755859375
8,61585,9.182880401611328,17.40865707397461,0.26366740465164185,3.853823184967041,25.751127243041992,0.37045806646347046,0.37385571002960205,0.381833553314209,0.4075426161289215,26.823123931884766,26.481149673461914,26.1430606842041,26.00269889831543,2289.546630859375
9,61585,8.880733489990234,17.5170955657959,0.3029666841030121,3.985013484954834,26.202146530151367,0.36940741539001465,0.37270522117614746,0.3805645704269409,0.4055287539958954,27.224342346191406,26.806501388549805,26.37516975402832,26.13068962097168,2072.230712890625
