month,pfaf_id,Rainf_tavg,Qair_f_tavg,Qs_tavg,Evap_tavg,Tair_f_tavg,SoilMoist_inst_lvl_0,SoilMoist_inst_lvl_1,SoilMoist_inst_lvl_2,SoilMoist_inst_lvl_3,SoilTemp_inst_lvl_0,SoilTemp_inst_lvl_1,SoilTemp_inst_lvl_2,SoilTemp_inst_lvl_3,Streamflow_tavg
4,62245,7.420312881469727,17.241125106811523,0.04916144534945488,3.441396713256836,24.885610580444336,0.34660252928733826,0.3501479923725128,0.35896286368370056,0.39112886786460876,25.802534103393555,25.758638381958008,25.508438110351562,25.359617233276367,16774.732421875
5,62245,5.264288902282715,16.827407836914062,0.027218982577323914,3.166074752807617,24.659019470214844,0.33907341957092285,0.3429504334926605,0.35190844535827637,0.38208019733428955,25.286523818969727,25.262922286987305,25.143287658691406,25.155975341796875,10523.7607421875
6,62245,2.762874126434326,15.443976402282715,0.008323581889271736,3.0074894428253174,24.31528091430664,0.32368120551109314,0.3271046578884125,0.33537325263023376,0.36021456122398376,24.29583740234375,24.352190017700195,24.410816192626953,24.670581817626953,5458.9443359375
7,62245,1.613462209701538,13.503748893737793,0.00372394104488194,3.2576165199279785,24.60910415649414,0.3015238344669342,0.30454128980636597,0.3112090826034546,0.32881492376327515,23.781978607177734,23.737844467163086,23.665924072265625,23.972658157348633,2014.6435546875
8,62245,2.174518346786499,13.612127304077148,0.007478230632841587,3.572890043258667,26.22056007385254,0.28311780095100403,0.2834339439868927,0.2850133776664734,0.29444339871406555,25.272857666015625,24.920854568481445,24.222118377685547,23.927425384521484,703.9229736328125
9,62245,4.331796169281006,15.802127838134766,0.026234325021505356,3.7703464031219482,26.799856185913086,0.2982863485813141,0.29230430722236633,0.28023412823677063,0.2757045030593872,26.609466552734375,26.23389434814453,25.42047882080078,24.80256462097168,328.6913146972656
