month,pfaf_id,Rainf_tavg,Qair_f_tavg,Qs_tavg,Evap_tavg,Tair_f_tavg,SoilMoist_inst_lvl_0,SoilMoist_inst_lvl_1,SoilMoist_inst_lvl_2,SoilMoist_inst_lvl_3,SoilTemp_inst_lvl_0,SoilTemp_inst_lvl_1,SoilTemp_inst_lvl_2,SoilTemp_inst_lvl_3,Streamflow_tavg
4,62234,5.7044878005981445,16.543437957763672,0.06784437596797943,3.357945680618286,23.866193771362305,0.3853336572647095,0.3809974193572998,0.37156715989112854,0.34621289372444153,24.987064361572266,24.88157081604004,24.70838737487793,24.6298770904541,705.8359375
5,62234,5.419039726257324,16.78840446472168,0.06671757996082306,3.305490255355835,24.0421085357666,0.39031028747558594,0.38865941762924194,0.38519731163978577,0.37399980425834656,24.993640899658203,24.818580627441406,24.605533599853516,24.52822494506836,434.7320251464844
6,62234,4.636992454528809,16.654056549072266,0.04750904440879822,3.253671884536743,23.973363876342773,0.39121145009994507,0.3910823166370392,0.39127153158187866,0.3917183578014374,24.8255615234375,24.694129943847656,24.519163131713867,24.46117401123047,460.1642761230469
7,62234,3.705686330795288,16.22357749938965,0.029352670535445213,3.2591440677642822,23.841617584228516,0.38672950863838196,0.3872312307357788,0.38856613636016846,0.3929462432861328,24.47089195251465,24.40472412109375,24.284875869750977,24.31220817565918,413.27099609375
8,62234,2.956899404525757,16.254703521728516,0.01803935505449772,3.466869354248047,24.141368865966797,0.3785010278224945,0.3788728713989258,0.3798443377017975,0.3835819661617279,24.733623504638672,24.582338333129883,24.285192489624023,24.1934871673584,283.87335205078125
9,62234,2.2681057453155518,16.127532958984375,0.010290319100022316,3.778029203414917,24.83121109008789,0.36099666357040405,0.3615059554576874,0.3615390956401825,0.36299124360084534,25.23988151550293,25.021263122558594,24.594942092895508,24.343318939208984,156.1826629638672
