month,pfaf_id,Rainf_tavg,Qair_f_tavg,Qs_tavg,Evap_tavg,Tair_f_tavg,SoilMoist_inst_lvl_0,SoilMoist_inst_lvl_1,SoilMoist_inst_lvl_2,SoilMoist_inst_lvl_3,SoilTemp_inst_lvl_0,SoilTemp_inst_lvl_1,SoilTemp_inst_lvl_2,SoilTemp_inst_lvl_3,Streamflow_tavg
4,62227,5.43701171875,16.76094627380371,0.03269167244434357,3.4197468757629395,24.476015090942383,0.3237324059009552,0.3267636299133301,0.33495059609413147,0.36463218927383423,25.197092056274414,25.561777114868164,25.43526840209961,25.50397300720215,4115.95947265625
5,62227,2.93424916267395,15.39389705657959,0.009697157889604568,2.987299680709839,23.99291229248047,0.3068329989910126,0.312943696975708,0.3238333463668823,0.3530973494052887,24.302597045898438,24.75680160522461,24.710453033447266,24.94943618774414,2484.580810546875
6,62227,1.197611927986145,12.981393814086914,0.0016986440168693662,2.6279733180999756,23.72918701171875,0.27407193183898926,0.28885185718536377,0.301002562046051,0.32542967796325684,23.41288948059082,24.00005340576172,23.90342140197754,24.25353240966797,1259.8726806640625
7,62227,0.6064527630805969,10.74351978302002,0.00048147112829610705,2.4746320247650146,24.38045310974121,0.2303171008825302,0.2616974115371704,0.27435457706451416,0.2938051223754883,23.81586456298828,24.34110450744629,23.776350021362305,23.8243350982666,469.4626159667969
8,62227,0.6067678928375244,9.50057601928711,0.0004926322144456208,2.3618946075439453,26.370155334472656,0.18859125673770905,0.23594695329666138,0.24735525250434875,0.2629050314426422,25.924297332763672,26.192129135131836,25.006378173828125,24.402929306030273,170.34706115722656
9,62227,1.68406081199646,10.965063095092773,0.0062514981254935265,2.5972747802734375,28.125600814819336,0.19132836163043976,0.22108080983161926,0.2241045981645584,0.23664526641368866,28.275869369506836,28.369783401489258,26.916141510009766,25.847503662109375,78.90269470214844
