month,pfaf_id,Rainf_tavg,Qair_f_tavg,Qs_tavg,Evap_tavg,Tair_f_tavg,SoilMoist_inst_lvl_0,SoilMoist_inst_lvl_1,SoilMoist_inst_lvl_2,SoilMoist_inst_lvl_3,SoilTemp_inst_lvl_0,SoilTemp_inst_lvl_1,SoilTemp_inst_lvl_2,SoilTemp_inst_lvl_3,Streamflow_tavg
4,62496,4.809201240539551,15.174759864807129,0.04416923224925995,2.9727869033813477,22.292068481445312,0.30820032954216003,0.3123353123664856,0.3234950006008148,0.3559146225452423,23.108673095703125,24.139141082763672,24.114717483520508,24.344104766845703,274.47088623046875
5,62496,2.0734291076660156,12.576494216918945,0.010796197690069675,2.380850076675415,21.101993560791016,0.28074100613594055,0.29252004623413086,0.3084152042865753,0.34090718626976013,21.617197036743164,22.835065841674805,22.823759078979492,23.276123046875,184.5731964111328
6,62496,0.9898198843002319,10.435447692871094,0.002887120470404625,1.7345318794250488,20.349266052246094,0.24636301398277283,0.27305907011032104,0.2917148172855377,0.3212011456489563,20.56873893737793,22.010005950927734,21.798870086669922,22.244657516479492,77.70124053955078
7,62496,0.800251841545105,9.335402488708496,0.0016593612963333726,1.3858481645584106,20.59319496154785,0.2155122458934784,0.25957563519477844,0.27863508462905884,0.30554771423339844,21.10822868347168,22.566865921020508,21.790103912353516,21.801546096801758,38.69186019897461
8,62496,0.7598413228988647,9.050948143005371,0.0015231396537274122,1.3008784055709839,22.452138900756836,0.1909497231245041,0.251687616109848,0.26922571659088135,0.2940465807914734,23.291336059570312,24.66626739501953,23.194141387939453,22.504709243774414,22.01612663269043
9,62496,1.6653562784194946,10.421759605407715,0.008267232216894627,1.708996057510376,24.759157180786133,0.19393211603164673,0.24961145222187042,0.26199743151664734,0.2849845588207245,25.85895347595215,27.150476455688477,25.370901107788086,24.16105842590332,14.282988548278809
