month,pfaf_id,Rainf_tavg,Qair_f_tavg,Qs_tavg,Evap_tavg,Tair_f_tavg,SoilMoist_inst_lvl_0,SoilMoist_inst_lvl_1,SoilMoist_inst_lvl_2,SoilMoist_inst_lvl_3,SoilTemp_inst_lvl_0,SoilTemp_inst_lvl_1,SoilTemp_inst_lvl_2,SoilTemp_inst_lvl_3,Streamflow_tavg
4,62309,7.242758750915527,17.669864654541016,0.10344138741493225,3.8319387435913086,25.655227661132812,0.3967280387878418,0.3983001708984375,0.406025767326355,0.43003392219543457,26.701990127563477,26.817394256591797,26.6203556060791,26.55213737487793,3412.524658203125
5,62309,6.509078025817871,17.92605209350586,0.07304456830024719,3.6520743370056152,25.870328903198242,0.39284828305244446,0.39490410685539246,0.4025697708129883,0.4245603382587433,26.739564895629883,26.79353141784668,26.544296264648438,26.447969436645508,3062.22705078125
6,62309,4.436852931976318,17.643539428710938,0.036366820335388184,3.5548715591430664,25.784671783447266,0.3837120234966278,0.3861369788646698,0.39360103011131287,0.41301849484443665,26.438135147094727,26.551591873168945,26.393945693969727,26.365346908569336,2394.751708984375
7,62309,2.973989486694336,16.980403900146484,0.018731528893113136,3.630657434463501,25.800857543945312,0.3675057888031006,0.37091219425201416,0.37694376707077026,0.3911464512348175,26.15753936767578,26.323835372924805,26.142778396606445,26.164873123168945,1393.7137451171875
8,62309,2.4913814067840576,16.618412017822266,0.011450040154159069,3.9363467693328857,26.754682540893555,0.3453352749347687,0.35156479477882385,0.3552088737487793,0.36378735303878784,26.842449188232422,26.920324325561523,26.409805297851562,26.1613712310791,658.7764892578125
9,62309,2.6666133403778076,16.41334342956543,0.011541424319148064,4.137478828430176,27.610702514648438,0.32680046558380127,0.3329355716705322,0.3318333625793457,0.33427348732948303,27.6947021484375,27.74132537841797,27.07014274597168,26.591745376586914,339.3731384277344
