month,pfaf_id,Rainf_tavg,Qair_f_tavg,Qs_tavg,Evap_tavg,Tair_f_tavg,SoilMoist_inst_lvl_0,SoilMoist_inst_lvl_1,SoilMoist_inst_lvl_2,SoilMoist_inst_lvl_3,SoilTemp_inst_lvl_0,SoilTemp_inst_lvl_1,SoilTemp_inst_lvl_2,SoilTemp_inst_lvl_3,Streamflow_tavg
4,62246,7.4229607582092285,17.15511703491211,0.1300184726715088,3.4204208850860596,24.360164642333984,0.41647207736968994,0.4186188280582428,0.42513129115104675,0.44423341751098633,25.449134826660156,25.339466094970703,25.255659103393555,25.206153869628906,770.4658203125
5,62246,4.740089416503906,16.194026947021484,0.06387317180633545,3.1358165740966797,24.01907730102539,0.40940073132514954,0.41208648681640625,0.41898512840270996,0.4369167983531952,24.63579750061035,24.564393997192383,24.6625919342041,24.85738754272461,554.5118408203125
6,62246,2.3904144763946533,14.464181900024414,0.01769246533513069,3.0075972080230713,23.631858825683594,0.39415794610977173,0.39701971411705017,0.4029439687728882,0.4163232147693634,23.6029109954834,23.583660125732422,23.805015563964844,24.23194122314453,241.97726440429688
7,62246,1.123826265335083,11.923158645629883,0.005935350898653269,3.2001953125,24.106611251831055,0.35810914635658264,0.3709949851036072,0.3766176700592041,0.38595035672187805,23.4542179107666,23.226215362548828,23.141550064086914,23.511611938476562,73.94739532470703
8,62246,1.2297773361206055,11.284850120544434,0.006541864015161991,3.31204891204834,26.46707534790039,0.30820295214653015,0.33816757798194885,0.34285199642181396,0.34906959533691406,25.754770278930664,25.110305786132812,24.148204803466797,23.642192840576172,20.76614761352539
9,62246,3.3741769790649414,13.871025085449219,0.03794591501355171,3.6342592239379883,27.232778549194336,0.3260115683078766,0.3316042125225067,0.3232901692390442,0.32039591670036316,27.19882583618164,26.583303451538086,25.589082717895508,24.752002716064453,9.013227462768555
