month,pfaf_id,Rainf_tavg,Qair_f_tavg,Qs_tavg,Evap_tavg,Tair_f_tavg,SoilMoist_inst_lvl_0,SoilMoist_inst_lvl_1,SoilMoist_inst_lvl_2,SoilMoist_inst_lvl_3,SoilTemp_inst_lvl_0,SoilTemp_inst_lvl_1,SoilTemp_inst_lvl_2,SoilTemp_inst_lvl_3,Streamflow_tavg
4,62210,7.572326183319092,17.682937622070312,0.08796265721321106,3.5865135192871094,25.86713218688965,0.3782171308994293,0.37973639369010925,0.3877030313014984,0.4136822819709778,26.720584869384766,26.85305404663086,26.606307983398438,26.493181228637695,216488.109375
5,62210,6.981075763702393,17.91381072998047,0.06402537971735,3.4819772243499756,26.085329055786133,0.37636420130729675,0.37821608781814575,0.3862520158290863,0.41176578402519226,26.77230453491211,26.858293533325195,26.580677032470703,26.447540283203125,196381.140625
6,62210,4.948782444000244,17.748044967651367,0.024249017238616943,3.373394250869751,26.0459041595459,0.3682490289211273,0.37082797288894653,0.37923404574394226,0.40298306941986084,26.563621520996094,26.701438903808594,26.494117736816406,26.412038803100586,169619.640625
7,62210,3.3591055870056152,17.275972366333008,0.010079141706228256,3.4035980701446533,25.956741333007812,0.3547590672969818,0.35751911997795105,0.36457347869873047,0.3830258250236511,26.24237060546875,26.426856994628906,26.25393295288086,26.253931045532227,132436.421875
8,62210,3.1533827781677246,17.327728271484375,0.007411963306367397,3.6753787994384766,26.74236297607422,0.3451095223426819,0.34690234065055847,0.3508274555206299,0.3626399040222168,26.721059799194336,26.799428939819336,26.386266708374023,26.19597816467285,99949.625
9,62210,2.8949601650238037,17.263826370239258,0.0068795280531048775,3.883479118347168,27.529115676879883,0.3326382637023926,0.33424487709999084,0.33574143052101135,0.34221217036247253,27.36315155029297,27.414283752441406,26.86492919921875,26.491979598999023,77644.4921875
