month,pfaf_id,Rainf_tavg,Qair_f_tavg,Qs_tavg,Evap_tavg,Tair_f_tavg,SoilMoist_inst_lvl_0,SoilMoist_inst_lvl_1,SoilMoist_inst_lvl_2,SoilMoist_inst_lvl_3,SoilTemp_inst_lvl_0,SoilTemp_inst_lvl_1,SoilTemp_inst_lvl_2,SoilTemp_inst_lvl_3,Streamflow_tavg
4,61624,4.184141159057617,15.242116928100586,0.01293924544006586,3.6228880882263184,22.88780403137207,0.30098336935043335,0.29397833347320557,0.2827353775501251,0.2801677882671356,24.198667526245117,24.354393005371094,24.209653854370117,24.159116744995117,542.4954223632812
5,61624,4.672607421875,15.691790580749512,0.0162337739020586,3.49176025390625,22.830917358398438,0.31638726592063904,0.31007540225982666,0.2954377830028534,0.28246602416038513,24.12589454650879,24.07151985168457,23.790874481201172,23.74266242980957,225.5717010498047
6,61624,4.835300445556641,15.799367904663086,0.018291065469384193,3.4548587799072266,22.791717529296875,0.3221679627895355,0.316829651594162,0.3071696162223816,0.2912081182003021,24.121963500976562,24.073339462280273,23.734506607055664,23.603111267089844,193.6739044189453
7,61624,4.660572528839111,15.685914993286133,0.015393482521176338,3.4734978675842285,22.690805435180664,0.32234588265419006,0.3190246522426605,0.3125116527080536,0.29992127418518066,23.858348846435547,23.873571395874023,23.58512306213379,23.50094985961914,329.1963806152344
8,61624,4.110440731048584,15.66575813293457,0.011233207769691944,3.533291816711426,22.822851181030273,0.31826499104499817,0.3160388171672821,0.31101563572883606,0.3032529056072235,23.834915161132812,23.851884841918945,23.511638641357422,23.39157485961914,549.7852783203125
9,61624,3.102416515350342,15.598215103149414,0.006414721254259348,3.5198562145233154,23.03055763244629,0.30526113510131836,0.3040626645088196,0.300260990858078,0.29532700777053833,23.913930892944336,23.965641021728516,23.572288513183594,23.405996322631836,558.8341064453125
