month,pfaf_id,Rainf_tavg,Qair_f_tavg,Qs_tavg,Evap_tavg,Tair_f_tavg,SoilMoist_inst_lvl_0,SoilMoist_inst_lvl_1,SoilMoist_inst_lvl_2,SoilMoist_inst_lvl_3,SoilTemp_inst_lvl_0,SoilTemp_inst_lvl_1,SoilTemp_inst_lvl_2,SoilTemp_inst_lvl_3,Streamflow_tavg
4,62267,5.578383445739746,17.31127166748047,0.030249720439314842,3.3978734016418457,25.18214988708496,0.33327624201774597,0.3355940878391266,0.34041333198547363,0.36089566349983215,26.134916305541992,25.98304557800293,25.881324768066406,25.922903060913086,13516.591796875
5,62267,3.639784097671509,15.746193885803223,0.013734155334532261,3.1462299823760986,24.289945602416992,0.3239066004753113,0.32764339447021484,0.3350856602191925,0.35880234837532043,24.870790481567383,24.79248809814453,24.94154930114746,25.284788131713867,10763.2353515625
6,62267,2.518192768096924,14.343768119812012,0.0065228589810431,3.02065110206604,24.146461486816406,0.31006914377212524,0.3148117959499359,0.32224738597869873,0.34272268414497375,24.146404266357422,24.011035919189453,24.07801628112793,24.471311569213867,6947.17626953125
7,62267,1.747387409210205,12.715728759765625,0.0029607629403471947,3.158430814743042,25.00384521484375,0.28580859303474426,0.29488953948020935,0.3019735813140869,0.3184020519256592,24.402862548828125,24.014671325683594,23.705793380737305,23.89100456237793,4591.87744140625
8,62267,1.7581430673599243,12.298757553100586,0.0027713850140571594,3.3865301609039307,27.358510971069336,0.26131534576416016,0.2748911380767822,0.2780977487564087,0.2888895869255066,26.459686279296875,25.720823287963867,24.7806339263916,24.29421043395996,2924.188232421875
9,62267,2.6399085521698,13.280866622924805,0.007821407169103622,3.67594575881958,28.540075302124023,0.2610510587692261,0.26431700587272644,0.2573848068714142,0.2606413662433624,27.973852157592773,27.223630905151367,26.206758499145508,25.468854904174805,1702.4481201171875
