month,pfaf_id,Rainf_tavg,Qair_f_tavg,Qs_tavg,Evap_tavg,Tair_f_tavg,SoilMoist_inst_lvl_0,SoilMoist_inst_lvl_1,SoilMoist_inst_lvl_2,SoilMoist_inst_lvl_3,SoilTemp_inst_lvl_0,SoilTemp_inst_lvl_1,SoilTemp_inst_lvl_2,SoilTemp_inst_lvl_3,Streamflow_tavg
4,62283,6.810524940490723,17.54488754272461,0.014229525811970234,3.7024142742156982,25.65583038330078,0.3376200199127197,0.3402135968208313,0.34654250741004944,0.36663222312927246,26.911338806152344,26.680011749267578,26.542224884033203,26.51978302001953,12609.658203125
5,62283,6.876677513122559,17.661344528198242,0.01554182916879654,3.623479127883911,25.72677993774414,0.34038957953453064,0.3439836800098419,0.35249653458595276,0.37791937589645386,26.82359504699707,26.508764266967773,26.313413619995117,26.28708839416504,14768.8388671875
6,62283,6.190769672393799,17.676496505737305,0.007876137271523476,3.519385576248169,25.733007431030273,0.3392496705055237,0.3429863750934601,0.35218510031700134,0.37872573733329773,26.657703399658203,26.379886627197266,26.18421745300293,26.146207809448242,20896.857421875
7,62283,5.563613414764404,17.482999801635742,0.006446131505072117,3.427889347076416,25.615467071533203,0.33636346459388733,0.3399295210838318,0.348754346370697,0.3738296627998352,26.377819061279297,26.14516830444336,25.98240089416504,25.992090225219727,23754.43359375
8,62283,5.493215084075928,17.58329963684082,0.005275389179587364,3.6390421390533447,26.21327781677246,0.33475661277770996,0.3378930687904358,0.3460003435611725,0.3695030212402344,26.767786026000977,26.413843154907227,26.062955856323242,25.92502784729004,24629.41015625
9,62283,5.547952651977539,17.810916900634766,0.006424230057746172,3.8769726753234863,26.91458511352539,0.3336253762245178,0.3365454375743866,0.34402763843536377,0.3662611246109009,27.444580078125,26.994274139404297,26.490875244140625,26.17003631591797,23100.263671875
