month,pfaf_id,Rainf_tavg,Qair_f_tavg,Qs_tavg,Evap_tavg,Tair_f_tavg,SoilMoist_inst_lvl_0,SoilMoist_inst_lvl_1,SoilMoist_inst_lvl_2,SoilMoist_inst_lvl_3,SoilTemp_inst_lvl_0,SoilTemp_inst_lvl_1,SoilTemp_inst_lvl_2,SoilTemp_inst_lvl_3,Streamflow_tavg
4,67106,1.0985301733016968,9.228926658630371,0.00833442248404026,1.4333093166351318,13.824807167053223,0.22778736054897308,0.2397690862417221,0.24263328313827515,0.2571689784526825,17.273740768432617,16.314313888549805,14.375051498413086,12.580547332763672,52.630977630615234
5,67106,0.36081695556640625,7.245859622955322,0.00047586773871444166,0.9547407031059265,13.311936378479004,0.20299223065376282,0.22361496090888977,0.23275946080684662,0.25008082389831543,16.400981903076172,15.86103343963623,14.425365447998047,13.013081550598145,25.359262466430664
6,67106,0.21930986642837524,6.098854064941406,0.00015636200259905308,0.6439708471298218,12.816240310668945,0.18487662076950073,0.21229174733161926,0.22384345531463623,0.24174274504184723,15.398144721984863,14.92760181427002,13.627045631408691,12.57071304321289,12.336450576782227
7,67106,0.21748259663581848,5.772276878356934,0.00010656587255652994,0.5491389036178589,12.841130256652832,0.1743725687265396,0.20642653107643127,0.2179480642080307,0.23534296452999115,15.822460174560547,14.945340156555176,13.410849571228027,12.175445556640625,7.250804424285889
8,67106,0.25025826692581177,5.66960334777832,0.0001387565425829962,0.5191085338592529,13.431110382080078,0.16342459619045258,0.20216065645217896,0.21332833170890808,0.23029357194900513,17.524396896362305,15.839652061462402,13.917520523071289,12.298752784729004,4.867091178894043
9,67106,0.36008232831954956,5.85607385635376,0.0003594851295929402,0.5909123420715332,14.080928802490234,0.15632329881191254,0.19927756488323212,0.20924653112888336,0.22623991966247559,18.967424392700195,17.043508529663086,14.891441345214844,12.96939468383789,3.6134045124053955
