month,pfaf_id,Rainf_tavg,Qair_f_tavg,Qs_tavg,Evap_tavg,Tair_f_tavg,SoilMoist_inst_lvl_0,SoilMoist_inst_lvl_1,SoilMoist_inst_lvl_2,SoilMoist_inst_lvl_3,SoilTemp_inst_lvl_0,SoilTemp_inst_lvl_1,SoilTemp_inst_lvl_2,SoilTemp_inst_lvl_3,Streamflow_tavg
4,61592,9.460665702819824,18.04010009765625,0.15519091486930847,3.498551607131958,25.264490127563477,0.36138302087783813,0.3628453016281128,0.3631061613559723,0.3666314482688904,27.256765365600586,26.921035766601562,26.838354110717773,26.886079788208008,334.6574401855469
5,61592,9.648336410522461,18.060861587524414,0.2639499306678772,3.435488700866699,25.171329498291016,0.36765211820602417,0.3710422217845917,0.37754273414611816,0.39878904819488525,27.084829330444336,26.6253604888916,26.431276321411133,26.435028076171875,742.3790283203125
6,61592,9.618206024169922,18.087526321411133,0.2562742829322815,3.4380645751953125,25.212766647338867,0.3683302104473114,0.3717019557952881,0.37841612100601196,0.40058633685112,27.047697067260742,26.584016799926758,26.305438995361328,26.21919822692871,935.6884155273438
7,61592,9.618620872497559,17.991405487060547,0.1941213607788086,3.4296696186065674,25.119768142700195,0.36854270100593567,0.3717789649963379,0.3785427510738373,0.40082934498786926,26.844297409057617,26.471588134765625,26.209733963012695,26.123361587524414,939.3491821289062
8,61592,9.376378059387207,18.02466583251953,0.09776154905557632,3.485355854034424,25.382953643798828,0.3682434558868408,0.371316522359848,0.37818458676338196,0.40041235089302063,27.001333236694336,26.58145523071289,26.233999252319336,26.080801010131836,919.4104614257812
9,61592,9.007644653320312,18.189043045043945,0.18335206806659698,3.550684928894043,25.877708435058594,0.3671845495700836,0.3703477680683136,0.3771931529045105,0.3988668620586395,27.34986686706543,26.898107528686523,26.465784072875977,26.210994720458984,858.0899658203125
