month,pfaf_id,Rainf_tavg,Qair_f_tavg,Qs_tavg,Evap_tavg,Tair_f_tavg,SoilMoist_inst_lvl_0,SoilMoist_inst_lvl_1,SoilMoist_inst_lvl_2,SoilMoist_inst_lvl_3,SoilTemp_inst_lvl_0,SoilTemp_inst_lvl_1,SoilTemp_inst_lvl_2,SoilTemp_inst_lvl_3,Streamflow_tavg
4,62470,6.048906326293945,17.45012855529785,0.08531978726387024,3.524238109588623,24.948610305786133,0.3705584704875946,0.37253332138061523,0.37965789437294006,0.4015201926231384,25.623310089111328,26.01461410522461,25.994882583618164,26.15863037109375,5177.11962890625
5,62470,3.377857208251953,16.377513885498047,0.028314847499132156,3.255054235458374,24.643945693969727,0.35631510615348816,0.36116135120391846,0.3712311089038849,0.39400532841682434,24.93498420715332,25.39375114440918,25.395240783691406,25.674034118652344,4040.614501953125
6,62470,1.5128105878829956,13.757905006408691,0.005476035643368959,2.8721015453338623,24.712427139282227,0.3143690824508667,0.33621686697006226,0.3486314117908478,0.3683718144893646,24.28937339782715,24.868148803710938,24.771230697631836,25.121179580688477,2046.6217041015625
7,62470,0.770679771900177,11.145998001098633,0.0013508701231330633,2.175352096557617,25.414262771606445,0.24699008464813232,0.3147738575935364,0.3262192904949188,0.34221506118774414,25.24900245666504,25.819169998168945,25.078384399414062,24.944189071655273,778.158203125
8,62470,0.688082754611969,9.800321578979492,0.0015338388038799167,1.761609673500061,27.266508102416992,0.19734567403793335,0.30058151483535767,0.3090227544307709,0.3215288817882538,27.665800094604492,28.01670265197754,26.639347076416016,25.79964256286621,370.49505615234375
9,62470,1.796222448348999,11.334567070007324,0.014091969467699528,2.191467761993408,28.886672973632812,0.21020860970020294,0.29045194387435913,0.2949223220348358,0.3055625557899475,29.725570678710938,30.04517936706543,28.592397689819336,27.3934268951416,224.727294921875
