month,pfaf_id,Rainf_tavg,Qair_f_tavg,Qs_tavg,Evap_tavg,Tair_f_tavg,SoilMoist_inst_lvl_0,SoilMoist_inst_lvl_1,SoilMoist_inst_lvl_2,SoilMoist_inst_lvl_3,SoilTemp_inst_lvl_0,SoilTemp_inst_lvl_1,SoilTemp_inst_lvl_2,SoilTemp_inst_lvl_3,Streamflow_tavg
4,61597,7.015870094299316,17.13684844970703,0.04656972363591194,3.4645469188690186,24.794212341308594,0.35701504349708557,0.3543092608451843,0.343459814786911,0.3223254978656769,26.699302673339844,26.147693634033203,26.142417907714844,26.17898178100586,1340.4832763671875
5,61597,7.181918621063232,17.09918785095215,0.06610602885484695,3.307521104812622,24.532772064208984,0.3686937987804413,0.37011095881462097,0.37087011337280273,0.37496498227119446,26.333988189697266,25.701642990112305,25.539060592651367,25.53274154663086,983.8877563476562
6,61597,7.190064430236816,17.13270378112793,0.044015154242515564,3.3529841899871826,24.563173294067383,0.37426745891571045,0.376469224691391,0.3816714584827423,0.4000524580478668,26.053466796875,25.48253631591797,25.26066017150879,25.166223526000977,1358.2044677734375
7,61597,7.193310737609863,16.950902938842773,0.029515080153942108,3.272761583328247,24.450519561767578,0.37638556957244873,0.37890681624412537,0.3858753442764282,0.40855225920677185,25.80739402770996,25.29056167602539,25.052167892456055,24.937707901000977,1693.783203125
8,61597,6.884035587310791,17.000762939453125,0.02997264452278614,3.364560604095459,24.721590042114258,0.37556037306785583,0.3783220648765564,0.3857039213180542,0.4088161885738373,25.977771759033203,25.406259536743164,25.048847198486328,24.83175277709961,1870.966552734375
9,61597,6.491879940032959,17.24811363220215,0.029822001233696938,3.512209177017212,25.18728256225586,0.37374791502952576,0.37637123465538025,0.38366562128067017,0.40589508414268494,26.448225021362305,25.788471221923828,25.307239532470703,24.94862937927246,1795.354736328125
