month,pfaf_id,Rainf_tavg,Qair_f_tavg,Qs_tavg,Evap_tavg,Tair_f_tavg,SoilMoist_inst_lvl_0,SoilMoist_inst_lvl_1,SoilMoist_inst_lvl_2,SoilMoist_inst_lvl_3,SoilTemp_inst_lvl_0,SoilTemp_inst_lvl_1,SoilTemp_inst_lvl_2,SoilTemp_inst_lvl_3,Streamflow_tavg
4,62455,5.651910305023193,17.63053321838379,0.07354480773210526,3.5869181156158447,25.632282257080078,0.3789861798286438,0.38120394945144653,0.38984793424606323,0.41354653239250183,26.069459915161133,26.440277099609375,26.285236358642578,26.345661163330078,8057.015625
5,62455,3.2883124351501465,16.76032829284668,0.027893098071217537,3.511837959289551,25.424087524414062,0.36027005314826965,0.3665355145931244,0.377714067697525,0.4001983106136322,25.595195770263672,26.08904457092285,25.970624923706055,26.11241340637207,6288.3525390625
6,62455,1.4721685647964478,13.992630004882812,0.005579441320151091,2.892345905303955,25.490148544311523,0.30474600195884705,0.3394702076911926,0.35377374291419983,0.373609334230423,25.261859893798828,25.923070907592773,25.639698028564453,25.801023483276367,3291.669677734375
7,62455,0.9302574396133423,11.485878944396973,0.001687490614131093,1.9210495948791504,26.132648468017578,0.23485907912254333,0.32551199197769165,0.3355138599872589,0.3510432839393616,26.391427993774414,27.142555236816406,26.26885986328125,25.922449111938477,1187.26171875
8,62455,0.7890582084655762,10.503988265991211,0.001499859499745071,1.5192430019378662,27.817068099975586,0.1920275241136551,0.31716594099998474,0.3242323100566864,0.33628594875335693,28.542320251464844,29.14469337463379,27.75711441040039,26.849023818969727,536.1212158203125
9,62455,1.7611185312271118,11.921416282653809,0.013845081441104412,1.9744932651519775,29.47677230834961,0.20409859716892242,0.3095012307167053,0.31412455439567566,0.32511216402053833,30.481815338134766,31.025100708007812,29.605710983276367,28.37629508972168,314.47802734375
