month,pfaf_id,Rainf_tavg,Qair_f_tavg,Qs_tavg,Evap_tavg,Tair_f_tavg,SoilMoist_inst_lvl_0,SoilMoist_inst_lvl_1,SoilMoist_inst_lvl_2,SoilMoist_inst_lvl_3,SoilTemp_inst_lvl_0,SoilTemp_inst_lvl_1,SoilTemp_inst_lvl_2,SoilTemp_inst_lvl_3,Streamflow_tavg
4,62228,5.3916916847229,16.544723510742188,0.04501798003911972,3.436654567718506,24.022708892822266,0.3405199348926544,0.3432455062866211,0.3517753481864929,0.3813115954399109,24.937517166137695,25.162817001342773,25.06451416015625,25.107650756835938,1058.0421142578125
5,62228,2.7141151428222656,14.512054443359375,0.012924938462674618,3.1012842655181885,23.396886825561523,0.3215950131416321,0.32684871554374695,0.3368610441684723,0.36349254846572876,23.5985107421875,23.962234497070312,24.075178146362305,24.425317764282227,592.5153198242188
6,62228,1.006657361984253,11.985322952270508,0.002271885285153985,2.7519075870513916,23.078067779541016,0.2817304730415344,0.3005613386631012,0.31143224239349365,0.33255699276924133,22.679780960083008,23.064542770385742,23.06222152709961,23.505441665649414,273.38555908203125
7,62228,0.5515565872192383,10.034777641296387,0.0009831342613324523,2.551386833190918,23.66192054748535,0.23135702311992645,0.27151596546173096,0.2827287018299103,0.29898765683174133,23.28038215637207,23.53146743774414,22.96124267578125,22.99896240234375,108.13617706298828
8,62228,0.6219252347946167,9.182859420776367,0.0010888073593378067,2.4548730850219727,25.734983444213867,0.18981556594371796,0.2451300472021103,0.2545737028121948,0.2669910490512848,25.66080093383789,25.6269474029541,24.365562438964844,23.659709930419922,33.517276763916016
9,62228,1.9596277475357056,11.15954875946045,0.010358150117099285,2.863567352294922,27.50780487060547,0.20442208647727966,0.23083242774009705,0.2299634963274002,0.23925814032554626,27.883731842041016,27.72610855102539,26.306119918823242,25.19306182861328,13.093765258789062
