month,pfaf_id,Rainf_tavg,Qair_f_tavg,Qs_tavg,Evap_tavg,Tair_f_tavg,SoilMoist_inst_lvl_0,SoilMoist_inst_lvl_1,SoilMoist_inst_lvl_2,SoilMoist_inst_lvl_3,SoilTemp_inst_lvl_0,SoilTemp_inst_lvl_1,SoilTemp_inst_lvl_2,SoilTemp_inst_lvl_3,Streamflow_tavg
4,62259,6.4339823722839355,17.098512649536133,0.11821374297142029,3.668217897415161,26.199905395507812,0.39064764976501465,0.3932437002658844,0.40037035942077637,0.4215206205844879,27.433164596557617,27.400617599487305,27.17206382751465,27.043437957763672,151578.953125
5,62259,5.961183547973633,17.54535484313965,0.06830448657274246,3.5234436988830566,26.22637367248535,0.3894590139389038,0.3919043242931366,0.3988904058933258,0.4194507300853729,27.418333053588867,27.34415054321289,27.039487838745117,26.892702102661133,142874.859375
6,62259,4.291748046875,17.532163619995117,0.02511504665017128,3.4076850414276123,26.124143600463867,0.3824720084667206,0.38515177369117737,0.3923496603965759,0.4115792512893677,27.203489303588867,27.176494598388672,26.923519134521484,26.804759979248047,124721.3359375
7,62259,3.1463305950164795,16.890567779541016,0.012684437446296215,3.400977611541748,26.21373176574707,0.3709607720375061,0.3739840090274811,0.3802921175956726,0.39552420377731323,26.923847198486328,26.914575576782227,26.6755313873291,26.625503540039062,103157.3984375
8,62259,3.054633378982544,16.546945571899414,0.012868499383330345,3.7581021785736084,28.019451141357422,0.35910671949386597,0.3612557649612427,0.36480119824409485,0.3745113015174866,27.8702392578125,27.637514114379883,27.00274085998535,26.631656646728516,83713.8984375
9,62259,3.938666820526123,17.13619041442871,0.022575268521904945,3.968353271484375,28.82152557373047,0.35846376419067383,0.35799649357795715,0.3571021556854248,0.36000049114227295,28.82628059387207,28.549989700317383,27.78811264038086,27.168243408203125,67641.359375
