month,pfaf_id,Rainf_tavg,Qair_f_tavg,Qs_tavg,Evap_tavg,Tair_f_tavg,SoilMoist_inst_lvl_0,SoilMoist_inst_lvl_1,SoilMoist_inst_lvl_2,SoilMoist_inst_lvl_3,SoilTemp_inst_lvl_0,SoilTemp_inst_lvl_1,SoilTemp_inst_lvl_2,SoilTemp_inst_lvl_3,Streamflow_tavg
4,62304,7.634650707244873,18.03888702392578,0.03936370834708214,3.8033909797668457,25.694555282592773,0.34936049580574036,0.35167503356933594,0.3612752854824066,0.39199134707450867,26.607372283935547,26.74867057800293,26.427684783935547,26.285947799682617,351.1991271972656
5,62304,7.278666973114014,18.236940383911133,0.029800083488225937,3.641767740249634,25.788707733154297,0.34648653864860535,0.3488627076148987,0.3579232394695282,0.38624513149261475,26.6042537689209,26.731813430786133,26.457000732421875,26.34562873840332,295.6501159667969
6,62304,5.526800155639648,18.094554901123047,0.01645606942474842,3.5324294567108154,25.77165985107422,0.3396945297718048,0.3423420786857605,0.3515644371509552,0.3782551884651184,26.470399856567383,26.64265251159668,26.415058135986328,26.346506118774414,258.7003479003906
7,62304,3.822736978530884,17.632678985595703,0.00718372967094183,3.5536231994628906,25.659984588623047,0.3269614577293396,0.3294563293457031,0.3374456465244293,0.3589658737182617,26.165760040283203,26.392099380493164,26.213611602783203,26.2307186126709,173.28787231445312
8,62304,3.630544900894165,17.715377807617188,0.0059255571104586124,3.7432847023010254,26.039854049682617,0.3190760910511017,0.3205704092979431,0.32558369636535645,0.3405434191226959,26.482072830200195,26.643585205078125,26.287288665771484,26.16672706604004,95.86309814453125
9,62304,3.027134418487549,17.473947525024414,0.003964737057685852,4.017671585083008,26.61320686340332,0.3070007562637329,0.30808189511299133,0.31163662672042847,0.3224552571773529,26.930070877075195,27.105382919311523,26.634166717529297,26.378049850463867,54.92376708984375
