month,pfaf_id,Rainf_tavg,Qair_f_tavg,Qs_tavg,Evap_tavg,Tair_f_tavg,SoilMoist_inst_lvl_0,SoilMoist_inst_lvl_1,SoilMoist_inst_lvl_2,SoilMoist_inst_lvl_3,SoilTemp_inst_lvl_0,SoilTemp_inst_lvl_1,SoilTemp_inst_lvl_2,SoilTemp_inst_lvl_3,Streamflow_tavg
4,62289,8.073423385620117,17.416881561279297,0.027398066595196724,3.520740509033203,24.55320930480957,0.3410812020301819,0.34319567680358887,0.3490290641784668,0.3712990880012512,26.355451583862305,25.9154109954834,25.769372940063477,25.696041107177734,4003.638916015625
5,62289,8.320636749267578,17.435632705688477,0.022066660225391388,3.401102304458618,24.439725875854492,0.3441982865333557,0.34698623418807983,0.3549383878707886,0.38269558548927307,26.133291244506836,25.635122299194336,25.41681671142578,25.345876693725586,6443.35791015625
6,62289,8.223752975463867,17.464555740356445,0.01563548669219017,3.3064563274383545,24.514230728149414,0.344467431306839,0.34749776124954224,0.35620275139808655,0.3853026330471039,26.017562866210938,25.532407760620117,25.266035079956055,25.14097785949707,8283.9013671875
7,62289,8.054179191589355,17.317798614501953,0.015314425341784954,3.2691235542297363,24.435911178588867,0.3439057171344757,0.3471967577934265,0.35618355870246887,0.3854713439941406,25.8198184967041,25.38006591796875,25.127071380615234,25.0126895904541,8458.7841796875
8,62289,7.681431770324707,17.343399047851562,0.015461320988833904,3.3935890197753906,24.74304962158203,0.34239399433135986,0.3458693325519562,0.3547991216182709,0.38346928358078003,26.0195255279541,25.517436981201172,25.15859031677246,24.959253311157227,8301.7392578125
9,62289,7.445140838623047,17.544801712036133,0.017732955515384674,3.5768256187438965,25.119417190551758,0.341055303812027,0.3443370461463928,0.3529634177684784,0.38056594133377075,26.48649787902832,25.9061279296875,25.437538146972656,25.113298416137695,7663.97900390625
