month,pfaf_id,Rainf_tavg,Qair_f_tavg,Qs_tavg,Evap_tavg,Tair_f_tavg,SoilMoist_inst_lvl_0,SoilMoist_inst_lvl_1,SoilMoist_inst_lvl_2,SoilMoist_inst_lvl_3,SoilTemp_inst_lvl_0,SoilTemp_inst_lvl_1,SoilTemp_inst_lvl_2,SoilTemp_inst_lvl_3,Streamflow_tavg
4,61599,5.703531742095947,14.699419021606445,0.02532486990094185,3.4231648445129395,22.408981323242188,0.3521566390991211,0.346221387386322,0.3290485143661499,0.29965049028396606,24.55730628967285,23.797283172607422,23.893112182617188,24.005176544189453,713.1463623046875
5,61599,5.710694789886475,14.667304992675781,0.025759229436516762,3.370901346206665,22.128690719604492,0.3603344261646271,0.3576723635196686,0.349631667137146,0.32654431462287903,24.117177963256836,23.2138614654541,23.099143981933594,23.136127471923828,556.8450927734375
6,61599,5.728377342224121,14.631460189819336,0.02500532567501068,3.353611469268799,22.073970794677734,0.3649364709854126,0.36404889822006226,0.360995888710022,0.35459887981414795,23.784587860107422,22.94576644897461,22.743091583251953,22.663606643676758,649.9588012695312
7,61599,5.6105055809021,14.439096450805664,0.023424897342920303,3.3038229942321777,21.85335350036621,0.36849191784858704,0.3691873550415039,0.37041810154914856,0.3767324686050415,23.4399471282959,22.686548233032227,22.468563079833984,22.372156143188477,755.98388671875
8,61599,5.358553886413574,14.451139450073242,0.01966164819896221,3.429158926010132,22.266250610351562,0.36962494254112244,0.37123796343803406,0.37497296929359436,0.3881823718547821,23.593984603881836,22.781723022460938,22.42296600341797,22.211946487426758,826.9038696289062
9,61599,5.250257968902588,14.670045852661133,0.020592525601387024,3.5566022396087646,22.767187118530273,0.36939680576324463,0.37110215425491333,0.3755834400653839,0.3907186686992645,23.994915008544922,23.149812698364258,22.669530868530273,22.308979034423828,800.5636596679688
