month,pfaf_id,Rainf_tavg,Qair_f_tavg,Qs_tavg,Evap_tavg,Tair_f_tavg,SoilMoist_inst_lvl_0,SoilMoist_inst_lvl_1,SoilMoist_inst_lvl_2,SoilMoist_inst_lvl_3,SoilTemp_inst_lvl_0,SoilTemp_inst_lvl_1,SoilTemp_inst_lvl_2,SoilTemp_inst_lvl_3,Streamflow_tavg
4,67108,2.39182448387146,13.650675773620605,0.05024469271302223,2.1277458667755127,23.4864559173584,0.24896140396595,0.27010196447372437,0.26221856474876404,0.3026224970817566,26.52337646484375,24.96298599243164,23.825538635253906,22.8673095703125,187.2410430908203
5,67108,0.6525043249130249,12.113458633422852,0.0021927226334810257,1.2498433589935303,22.34518814086914,0.20892156660556793,0.2507028579711914,0.24864083528518677,0.29358169436454773,26.379352569580078,24.875497817993164,24.11725616455078,23.423965454101562,85.39964294433594
6,67108,0.32367315888404846,11.100057601928711,0.0003588343970477581,0.8509564399719238,21.430845260620117,0.18543310463428497,0.23902276158332825,0.23794196546077728,0.2830185890197754,25.82756996154785,24.33211898803711,23.732046127319336,23.345022201538086,28.74760627746582
7,67108,0.250407874584198,10.414820671081543,0.00018812903726939112,0.6953827738761902,21.19830894470215,0.1698675900697708,0.23101793229579926,0.23013582825660706,0.27509212493896484,26.17814826965332,24.340988159179688,23.592601776123047,23.137897491455078,13.137459754943848
8,67108,0.2250877171754837,10.185574531555176,0.00015214314043987542,0.6037214994430542,21.404935836791992,0.1573459655046463,0.22467440366744995,0.22365425527095795,0.268673837184906,27.093748092651367,24.866859436035156,23.870956420898438,23.17900276184082,7.149411678314209
9,67108,0.28739336133003235,10.361710548400879,0.0002641692408360541,0.6574097275733948,21.893573760986328,0.1514303982257843,0.2183501273393631,0.21728837490081787,0.2632889449596405,28.295366287231445,25.682607650756836,24.505260467529297,23.559467315673828,4.5129194259643555
