month,pfaf_id,Rainf_tavg,Qair_f_tavg,Qs_tavg,Evap_tavg,Tair_f_tavg,SoilMoist_inst_lvl_0,SoilMoist_inst_lvl_1,SoilMoist_inst_lvl_2,SoilMoist_inst_lvl_3,SoilTemp_inst_lvl_0,SoilTemp_inst_lvl_1,SoilTemp_inst_lvl_2,SoilTemp_inst_lvl_3,Streamflow_tavg
4,61629,6.137164115905762,16.76187515258789,0.030683089047670364,3.3449316024780273,24.594396591186523,0.3250828683376312,0.31230399012565613,0.2775316536426544,0.2218071073293686,25.825607299804688,25.783117294311523,25.6060848236084,25.54396629333496,418.32000732421875
5,61629,6.404857635498047,16.94284439086914,0.04386318102478981,3.3431899547576904,24.654865264892578,0.341085821390152,0.3361814022064209,0.32036635279655457,0.26561257243156433,25.75423812866211,25.586206436157227,25.33415985107422,25.28002166748047,166.4668731689453
6,61629,6.235039710998535,16.989164352416992,0.05344707891345024,3.3847153186798096,24.720195770263672,0.3470260798931122,0.34533119201660156,0.3394177556037903,0.32225728034973145,25.777551651000977,25.6087703704834,25.311861038208008,25.19424057006836,189.08078002929688
7,61629,5.733610153198242,16.864107131958008,0.05188630893826485,3.379551410675049,24.68670082092285,0.3499912917613983,0.35085347294807434,0.3515157997608185,0.35761427879333496,25.617412567138672,25.51407241821289,25.240991592407227,25.14525032043457,354.0094299316406
8,61629,5.005387783050537,16.8760929107666,0.03881530091166496,3.5465996265411377,24.915241241455078,0.3496244549751282,0.3514057695865631,0.35525640845298767,0.3705967664718628,25.70737648010254,25.593505859375,25.24971580505371,25.10685920715332,542.6300048828125
9,61629,4.227982044219971,16.999767303466797,0.026024388149380684,3.7575817108154297,25.18128204345703,0.3450373709201813,0.34629806876182556,0.3501199781894684,0.3654608130455017,26.078676223754883,25.90925407409668,25.47495460510254,25.23219108581543,490.05816650390625
