month,pfaf_id,Rainf_tavg,Qair_f_tavg,Qs_tavg,Evap_tavg,Tair_f_tavg,SoilMoist_inst_lvl_0,SoilMoist_inst_lvl_1,SoilMoist_inst_lvl_2,SoilMoist_inst_lvl_3,SoilTemp_inst_lvl_0,SoilTemp_inst_lvl_1,SoilTemp_inst_lvl_2,SoilTemp_inst_lvl_3,Streamflow_tavg
4,62225,6.928125858306885,16.94003677368164,0.07918040454387665,3.4771170616149902,24.6867618560791,0.3566156029701233,0.3594728410243988,0.36731258034706116,0.39554718136787415,25.35390281677246,25.515670776367188,25.390079498291016,25.418067932128906,11191.8369140625
5,62225,4.761012554168701,16.518844604492188,0.03252419829368591,3.1552720069885254,24.415061950683594,0.34895259141921997,0.35273605585098267,0.3617874085903168,0.38985979557037354,24.853778839111328,25.030261993408203,24.95362091064453,25.082998275756836,8963.958984375
6,62225,2.1274800300598145,14.955860137939453,0.00904944445937872,2.923645257949829,24.039695739746094,0.32833006978034973,0.33302608132362366,0.3423977792263031,0.3654489517211914,23.93288803100586,24.242149353027344,24.272380828857422,24.591876983642578,5260.2509765625
7,62225,0.9982137680053711,12.654470443725586,0.002926017390564084,3.051032543182373,24.436832427978516,0.2944282293319702,0.304966002702713,0.31451350450515747,0.331417053937912,23.748964309692383,24.054475784301758,23.824085235595703,24.05689239501953,2025.9342041015625
8,62225,0.7616512179374695,10.844629287719727,0.0018848427571356297,3.091660976409912,26.294118881225586,0.243738055229187,0.27056190371513367,0.28040310740470886,0.2932763695716858,25.417924880981445,25.445085525512695,24.568796157836914,24.222949981689453,671.5288696289062
9,62225,2.2721567153930664,12.22647476196289,0.012917476706206799,3.189638376235962,27.671966552734375,0.23754453659057617,0.25335249304771423,0.25234588980674744,0.2594812512397766,27.577253341674805,27.39594078063965,26.2136287689209,25.354785919189453,294.39178466796875
