month,pfaf_id,Rainf_tavg,Qair_f_tavg,Qs_tavg,Evap_tavg,Tair_f_tavg,SoilMoist_inst_lvl_0,SoilMoist_inst_lvl_1,SoilMoist_inst_lvl_2,SoilMoist_inst_lvl_3,SoilTemp_inst_lvl_0,SoilTemp_inst_lvl_1,SoilTemp_inst_lvl_2,SoilTemp_inst_lvl_3,Streamflow_tavg
4,67109,2.1275386810302734,14.310848236083984,0.03840704634785652,1.7555276155471802,23.374364852905273,0.226642444729805,0.24566444754600525,0.24097269773483276,0.2752171754837036,26.32916831970215,25.477087020874023,25.298246383666992,25.251060485839844,189.049560546875
5,67109,0.5605652332305908,12.45891284942627,0.002216912806034088,1.1415315866470337,21.860288619995117,0.19179293513298035,0.2261415421962738,0.22845114767551422,0.2652479112148285,25.265525817871094,24.361936569213867,24.283342361450195,24.465532302856445,87.5816879272461
6,67109,0.24524551630020142,11.373290061950684,0.00017990250489674509,0.7370071411132812,20.944175720214844,0.16806656122207642,0.21482890844345093,0.21885035932064056,0.2553071677684784,24.482534408569336,23.499706268310547,23.38047218322754,23.62135124206543,29.562255859375
7,67109,0.18756380677223206,10.696721076965332,6.250616570468992e-05,0.5750157237052917,20.602724075317383,0.15355804562568665,0.20780088007450104,0.21218527853488922,0.24811199307441711,24.503158569335938,23.243833541870117,22.93364715576172,23.045486450195312,13.46739673614502
8,67109,0.16803452372550964,10.455300331115723,4.644370710593648e-05,0.49932608008384705,20.726863861083984,0.14146529138088226,0.20232877135276794,0.2067505419254303,0.24245640635490417,25.185842514038086,23.5925235748291,23.012025833129883,22.86858558654785,7.323230266571045
9,67109,0.18506355583667755,10.587645530700684,7.295193063328043e-05,0.5226204991340637,21.047746658325195,0.1326516568660736,0.1967933177947998,0.20123960077762604,0.23778632283210754,26.159847259521484,24.257261276245117,23.50508689880371,23.121845245361328,4.6204833984375
