month,pfaf_id,Rainf_tavg,Qair_f_tavg,Qs_tavg,Evap_tavg,Tair_f_tavg,SoilMoist_inst_lvl_0,SoilMoist_inst_lvl_1,SoilMoist_inst_lvl_2,SoilMoist_inst_lvl_3,SoilTemp_inst_lvl_0,SoilTemp_inst_lvl_1,SoilTemp_inst_lvl_2,SoilTemp_inst_lvl_3,Streamflow_tavg
4,62480,4.7058539390563965,16.408363342285156,0.08606234937906265,3.450266122817993,24.33586311340332,0.36648380756378174,0.3694748282432556,0.37704938650131226,0.39486557245254517,24.738439559936523,25.18022346496582,25.095739364624023,25.172672271728516,2747.89013671875
5,62480,2.012004852294922,13.83935832977295,0.019285015761852264,3.0804240703582764,23.664907455444336,0.33184054493904114,0.3479931950569153,0.36107340455055237,0.3803173005580902,23.529640197753906,24.16249656677246,24.198143005371094,24.540552139282227,2095.984130859375
6,62480,0.8742422461509705,11.106471061706543,0.003140274668112397,1.9397988319396973,23.38608741760254,0.2586279809474945,0.32880571484565735,0.3415299654006958,0.35821980237960815,23.44405174255371,24.125974655151367,23.734481811523438,23.900875091552734,947.5712890625
7,62480,0.7114296555519104,9.484424591064453,0.0019340566359460354,1.2360342741012573,23.93950080871582,0.20969948172569275,0.32327112555503845,0.331686794757843,0.34454309940338135,24.604171752929688,25.276105880737305,24.33719253540039,23.968854904174805,401.56878662109375
8,62480,0.7237610220909119,8.789958953857422,0.0025550455320626497,1.1628241539001465,25.98463249206543,0.19181817770004272,0.3183249533176422,0.3248770534992218,0.3358790874481201,26.755571365356445,27.28523826599121,25.82250213623047,24.88486671447754,208.9035186767578
9,62480,1.7399898767471313,10.495477676391602,0.017959916964173317,1.8575493097305298,28.083494186401367,0.21266232430934906,0.3127434253692627,0.318060964345932,0.32876843214035034,28.96477508544922,29.385292053222656,27.75888442993164,26.428241729736328,133.43577575683594
