month,pfaf_id,Rainf_tavg,Qair_f_tavg,Qs_tavg,Evap_tavg,Tair_f_tavg,SoilMoist_inst_lvl_0,SoilMoist_inst_lvl_1,SoilMoist_inst_lvl_2,SoilMoist_inst_lvl_3,SoilTemp_inst_lvl_0,SoilTemp_inst_lvl_1,SoilTemp_inst_lvl_2,SoilTemp_inst_lvl_3,Streamflow_tavg
4,61640,6.3758955001831055,16.708209991455078,0.05456924811005592,3.4834389686584473,24.61770248413086,0.35203516483306885,0.3423795700073242,0.3185324966907501,0.274556040763855,25.73954963684082,25.64490509033203,25.426267623901367,25.304161071777344,803.4966430664062
5,61640,6.792025566101074,17.04597282409668,0.08342673629522324,3.453144073486328,24.67919921875,0.36800113320350647,0.3644474744796753,0.35454145073890686,0.32200416922569275,25.73796272277832,25.54692268371582,25.28440284729004,25.190567016601562,479.6057434082031
6,61640,6.636987209320068,17.10443687438965,0.09629181027412415,3.4941139221191406,24.76111602783203,0.3751845955848694,0.3740546405315399,0.3727532625198364,0.3707873225212097,25.749496459960938,25.570953369140625,25.29347801208496,25.163793563842773,796.3440551757812
7,61640,6.006651401519775,16.888051986694336,0.08725748211145401,3.5332512855529785,24.7240047454834,0.37695980072021484,0.3780820071697235,0.3814736604690552,0.3945697844028473,25.63198471069336,25.497976303100586,25.23825454711914,25.13454246520996,1301.9307861328125
8,61640,5.217487812042236,16.898639678955078,0.06494192034006119,3.6708407402038574,24.877723693847656,0.37534093856811523,0.3772774636745453,0.38218608498573303,0.3989655077457428,25.695453643798828,25.543392181396484,25.235715866088867,25.102718353271484,1439.6724853515625
9,61640,4.064080238342285,16.984107971191406,0.03892841562628746,3.841170072555542,25.132314682006836,0.36826807260513306,0.3699556589126587,0.37425920367240906,0.38891443610191345,25.99899673461914,25.797351837158203,25.40422248840332,25.184831619262695,1103.5703125
