month,pfaf_id,Rainf_tavg,Qair_f_tavg,Qs_tavg,Evap_tavg,Tair_f_tavg,SoilMoist_inst_lvl_0,SoilMoist_inst_lvl_1,SoilMoist_inst_lvl_2,SoilMoist_inst_lvl_3,SoilTemp_inst_lvl_0,SoilTemp_inst_lvl_1,SoilTemp_inst_lvl_2,SoilTemp_inst_lvl_3,Streamflow_tavg
4,67202,5.639410495758057,16.689287185668945,0.2046692669391632,3.064612627029419,24.211271286010742,0.3394840955734253,0.3488551080226898,0.35627543926239014,0.3686513304710388,26.244691848754883,25.008363723754883,24.161603927612305,23.48849868774414,997.7770385742188
5,67202,4.021004676818848,15.922086715698242,0.06417100131511688,3.066602945327759,24.09157371520996,0.319876104593277,0.33640187978744507,0.3453473746776581,0.3595329523086548,26.426475524902344,25.2736759185791,24.612091064453125,24.018840789794922,888.9619140625
6,67202,2.0397510528564453,14.91821575164795,0.014127855189144611,2.692986488342285,24.08132553100586,0.2840515971183777,0.31712937355041504,0.32714030146598816,0.3407330811023712,26.87371826171875,25.601688385009766,24.872394561767578,24.293603897094727,522.6521606445312
7,67202,1.005293846130371,13.8261079788208,0.002436220645904541,2.1913349628448486,24.193918228149414,0.24106594920158386,0.29546239972114563,0.3051435947418213,0.3168690502643585,27.801849365234375,26.286039352416992,25.370132446289062,24.640575408935547,244.41114807128906
8,67202,0.8807908296585083,13.28437614440918,0.001785362372174859,1.9574285745620728,24.43006134033203,0.21520425379276276,0.2771150767803192,0.285756379365921,0.29597699642181396,28.826433181762695,27.082622528076172,26.018014907836914,25.147947311401367,94.34832000732422
9,67202,0.9840298891067505,13.144100189208984,0.002111867070198059,1.875383973121643,24.623138427734375,0.20257164537906647,0.262350857257843,0.2694900333881378,0.27922824025154114,29.847148895263672,27.845590591430664,26.7100772857666,25.747150421142578,42.537803649902344
