month,pfaf_id,Rainf_tavg,Qair_f_tavg,Qs_tavg,Evap_tavg,Tair_f_tavg,SoilMoist_inst_lvl_0,SoilMoist_inst_lvl_1,SoilMoist_inst_lvl_2,SoilMoist_inst_lvl_3,SoilTemp_inst_lvl_0,SoilTemp_inst_lvl_1,SoilTemp_inst_lvl_2,SoilTemp_inst_lvl_3,Streamflow_tavg
4,62268,3.90205454826355,15.660606384277344,0.025623014196753502,3.0531857013702393,24.015247344970703,0.31793835759162903,0.3194487988948822,0.3181643784046173,0.31946372985839844,24.979520797729492,25.09099769592285,25.151216506958008,25.394420623779297,6711.16650390625
5,62268,2.5012197494506836,13.435494422912598,0.009988284669816494,2.715113401412964,22.83216094970703,0.304685115814209,0.3096405863761902,0.31178534030914307,0.31724950671195984,23.284648895263672,23.4752197265625,23.741260528564453,24.31662368774414,4072.083984375
6,62268,1.8260550498962402,11.759111404418945,0.004475771449506283,2.5235815048217773,22.36182403564453,0.2879106402397156,0.29686111211776733,0.29989925026893616,0.3055025339126587,22.381587982177734,22.52130699157715,22.628108978271484,23.194805145263672,2800.733154296875
7,62268,1.320909023284912,10.290103912353516,0.0022864644415676594,2.4398021697998047,23.280696868896484,0.26002150774002075,0.27932009100914,0.28349339962005615,0.289006769657135,22.955886840820312,22.847347259521484,22.38266372680664,22.5625,1879.6956787109375
8,62268,1.421418309211731,10.055500984191895,0.0027724315878003836,2.5376338958740234,25.62152862548828,0.23900024592876434,0.2632299065589905,0.26573529839515686,0.27024638652801514,25.288829803466797,24.911428451538086,23.73116111755371,23.135107040405273,1298.2435302734375
9,62268,2.1238160133361816,11.384804725646973,0.0054708244279026985,2.873478889465332,27.007518768310547,0.24082893133163452,0.25359079241752625,0.24978148937225342,0.25271499156951904,27.34575653076172,26.83125877380371,25.513620376586914,24.58521842956543,893.4308471679688
