month,pfaf_id,Rainf_tavg,Qair_f_tavg,Qs_tavg,Evap_tavg,Tair_f_tavg,SoilMoist_inst_lvl_0,SoilMoist_inst_lvl_1,SoilMoist_inst_lvl_2,SoilMoist_inst_lvl_3,SoilTemp_inst_lvl_0,SoilTemp_inst_lvl_1,SoilTemp_inst_lvl_2,SoilTemp_inst_lvl_3,Streamflow_tavg
4,61568,6.12015962600708,10.861337661743164,0.04941321164369583,2.332026481628418,13.02756118774414,0.34718382358551025,0.34369170665740967,0.33581018447875977,0.33127641677856445,15.85002613067627,15.681477546691895,16.199363708496094,16.67275047302246,105.86829376220703
5,61568,5.515617370605469,10.864264488220215,0.038157396018505096,2.3456201553344727,12.99997615814209,0.35462623834609985,0.35513532161712646,0.35728275775909424,0.36620643734931946,15.51340103149414,14.923027992248535,14.938919067382812,15.186677932739258,199.4981231689453
6,61568,4.9429097175598145,10.755046844482422,0.02398134395480156,2.366795539855957,12.918328285217285,0.35499653220176697,0.3558172583580017,0.3600115478038788,0.3761765658855438,15.179244995117188,14.527666091918945,14.411455154418945,14.462992668151855,234.4696502685547
7,61568,4.573003768920898,10.501104354858398,0.015768710523843765,2.302920341491699,12.747766494750977,0.3535022437572479,0.35464346408843994,0.3589628040790558,0.377093642950058,14.784510612487793,14.182567596435547,14.018444061279297,14.027297973632812,217.9585723876953
8,61568,4.362624645233154,10.449630737304688,0.014920603483915329,2.321850061416626,12.828106880187988,0.3515866696834564,0.35269367694854736,0.3570527136325836,0.3758864104747772,14.81304931640625,14.209488868713379,13.882880210876465,13.772624015808105,199.65087890625
9,61568,4.47430944442749,10.639799118041992,0.01897287741303444,2.358299732208252,13.070108413696289,0.35015979409217834,0.35133641958236694,0.35561785101890564,0.3747122585773468,15.219587326049805,14.534404754638672,14.066380500793457,13.800576210021973,194.45982360839844
