month,pfaf_id,Rainf_tavg,Qair_f_tavg,Qs_tavg,Evap_tavg,Tair_f_tavg,SoilMoist_inst_lvl_0,SoilMoist_inst_lvl_1,SoilMoist_inst_lvl_2,SoilMoist_inst_lvl_3,SoilTemp_inst_lvl_0,SoilTemp_inst_lvl_1,SoilTemp_inst_lvl_2,SoilTemp_inst_lvl_3,Streamflow_tavg
4,62243,6.702212810516357,16.81324577331543,0.04720146954059601,3.6176605224609375,25.50220489501953,0.3742995262145996,0.3773329555988312,0.3849930763244629,0.4102804660797119,26.28117561340332,26.169071197509766,25.91575050354004,25.755474090576172,20947.47265625
5,62243,5.706845283508301,16.906518936157227,0.039726611226797104,3.4104409217834473,25.4466495513916,0.3711093068122864,0.37419939041137695,0.3816748261451721,0.4054337441921234,26.081161499023438,25.949905395507812,25.738473892211914,25.648866653442383,13488.169921875
6,62243,3.607058525085449,16.05484390258789,0.016596224159002304,3.292755603790283,25.186328887939453,0.3609122335910797,0.36372604966163635,0.37059372663497925,0.3909691572189331,25.394983291625977,25.337135314941406,25.30147361755371,25.40106201171875,7861.65966796875
7,62243,2.6456170082092285,15.010549545288086,0.010093629360198975,3.4076809883117676,25.335407257080078,0.34722623229026794,0.34898021817207336,0.35337406396865845,0.36745089292526245,24.994035720825195,24.87592124938965,24.770559310913086,24.937023162841797,3235.013671875
8,62243,3.536545991897583,15.675270080566406,0.02276422455906868,3.710984706878662,26.545377731323242,0.34140950441360474,0.34130847454071045,0.34130698442459106,0.3482990264892578,26.132747650146484,25.780237197875977,25.18610382080078,24.89147186279297,1251.167724609375
9,62243,4.994455337524414,16.913904190063477,0.04635177180171013,3.9599428176879883,27.057998657226562,0.3506013751029968,0.34912195801734924,0.34583836793899536,0.3472987711429596,27.153610229492188,26.751863479614258,26.0523624420166,25.50691795349121,657.5487670898438
