month,pfaf_id,Rainf_tavg,Qair_f_tavg,Qs_tavg,Evap_tavg,Tair_f_tavg,SoilMoist_inst_lvl_0,SoilMoist_inst_lvl_1,SoilMoist_inst_lvl_2,SoilMoist_inst_lvl_3,SoilTemp_inst_lvl_0,SoilTemp_inst_lvl_1,SoilTemp_inst_lvl_2,SoilTemp_inst_lvl_3,Streamflow_tavg
4,61593,8.797015190124512,17.86875343322754,0.21693992614746094,3.464345932006836,25.139860153198242,0.3998750150203705,0.39749059081077576,0.3868214190006256,0.35907498002052307,27.40680503845215,26.94426918029785,27.01966094970703,27.153427124023438,3919.603271484375
5,61593,9.095568656921387,17.9008731842041,0.40814685821533203,3.3764469623565674,25.009963989257812,0.4168342649936676,0.41926971077919006,0.4235735833644867,0.4365251958370209,27.187667846679688,26.611846923828125,26.522903442382812,26.60710334777832,4246.888671875
6,61593,9.057175636291504,17.923736572265625,0.3849541246891022,3.3580381870269775,25.028615951538086,0.4207276403903961,0.42405685782432556,0.43129217624664307,0.4517781436443329,27.05548095703125,26.481658935546875,26.314468383789062,26.30431365966797,5265.13720703125
7,61593,9.055562019348145,17.79006004333496,0.3651615083217621,3.3091251850128174,24.907852172851562,0.4207603931427002,0.4240892827510834,0.43157529830932617,0.4523349702358246,26.791473388671875,26.30034828186035,26.142324447631836,26.122217178344727,6185.98291015625
8,61593,8.80606746673584,17.82032585144043,0.29830101132392883,3.3456928730010986,25.13789939880371,0.4204254448413849,0.4235841929912567,0.43108057975769043,0.45171311497688293,26.845731735229492,26.296859741210938,26.063629150390625,25.99085235595703,6620.7568359375
9,61593,8.335572242736816,18.039287567138672,0.3805674612522125,3.4270057678222656,25.60746192932129,0.41872453689575195,0.42201653122901917,0.4296102523803711,0.44956493377685547,27.23725128173828,26.579307556152344,26.23185157775879,26.026336669921875,6268.13525390625
