month,pfaf_id,Rainf_tavg,Qair_f_tavg,Qs_tavg,Evap_tavg,Tair_f_tavg,SoilMoist_inst_lvl_0,SoilMoist_inst_lvl_1,SoilMoist_inst_lvl_2,SoilMoist_inst_lvl_3,SoilTemp_inst_lvl_0,SoilTemp_inst_lvl_1,SoilTemp_inst_lvl_2,SoilTemp_inst_lvl_3,Streamflow_tavg
4,62244,6.041245937347412,16.74374771118164,0.1044548749923706,3.4600985050201416,24.256216049194336,0.3922489583492279,0.3943326473236084,0.4004683494567871,0.4205893278121948,25.218252182006836,25.20148468017578,25.089893341064453,25.037796020507812,8571.556640625
5,62244,3.5306589603424072,14.974912643432617,0.03867971524596214,3.207932233810425,23.57646369934082,0.37934255599975586,0.3832627832889557,0.3904454708099365,0.40923458337783813,23.975149154663086,24.072404861450195,24.236263275146484,24.531234741210938,5275.35009765625
6,62244,1.8139053583145142,13.028194427490234,0.01084713451564312,2.959428071975708,23.12895393371582,0.3517285883426666,0.3637811243534088,0.371065616607666,0.3861538767814636,23.029268264770508,23.13991355895996,23.267946243286133,23.718141555786133,2558.803955078125
7,62244,1.0345113277435303,11.294295310974121,0.003688570810481906,2.7190911769866943,23.65369987487793,0.30194225907325745,0.3404376208782196,0.3467716574668884,0.35813066363334656,23.57926368713379,23.45134925842285,23.01885223388672,23.127361297607422,919.8099975585938
8,62244,1.2154505252838135,11.02608585357666,0.00501383887603879,2.742394208908081,25.829208374023438,0.26155561208724976,0.3175259828567505,0.322153776884079,0.33039113879203796,26.063232421875,25.563737869262695,24.3570613861084,23.6197566986084,331.21826171875
9,62244,2.701996326446533,13.030509948730469,0.02342260628938675,3.24831223487854,27.20758056640625,0.2785415053367615,0.30757638812065125,0.3038238286972046,0.30752620100975037,27.669891357421875,27.226518630981445,26.009567260742188,24.974468231201172,157.20089721679688
