month,pfaf_id,Rainf_tavg,Qair_f_tavg,Qs_tavg,Evap_tavg,Tair_f_tavg,SoilMoist_inst_lvl_0,SoilMoist_inst_lvl_1,SoilMoist_inst_lvl_2,SoilMoist_inst_lvl_3,SoilTemp_inst_lvl_0,SoilTemp_inst_lvl_1,SoilTemp_inst_lvl_2,SoilTemp_inst_lvl_3,Streamflow_tavg
4,61595,7.597771644592285,17.488407135009766,0.05894065648317337,3.3816261291503906,24.668622970581055,0.35652434825897217,0.3545684516429901,0.34663107991218567,0.3268115520477295,26.551895141601562,26.05535125732422,25.94003677368164,25.938499450683594,3577.24267578125
5,61595,7.908930778503418,17.513931274414062,0.10409283638000488,3.278054714202881,24.529897689819336,0.3661292791366577,0.3683493435382843,0.3716541528701782,0.38572508096694946,26.443214416503906,25.895549774169922,25.659238815307617,25.603052139282227,3499.928466796875
6,61595,7.795806407928467,17.53984260559082,0.07511959224939346,3.317603349685669,24.53728485107422,0.36910486221313477,0.37194564938545227,0.37788617610931396,0.39929166436195374,26.316301345825195,25.81492042541504,25.553539276123047,25.4536075592041,4320.41796875
7,61595,7.871603488922119,17.37940788269043,0.06036144495010376,3.2677114009857178,24.42696189880371,0.36976611614227295,0.3724174201488495,0.37871110439300537,0.4007839262485504,26.016469955444336,25.61455535888672,25.399667739868164,25.334707260131836,5233.7724609375
8,61595,7.519269943237305,17.403297424316406,0.049610644578933716,3.3257195949554443,24.623750686645508,0.3688223659992218,0.3715246915817261,0.3778791129589081,0.39968574047088623,26.0639705657959,25.61006736755371,25.332977294921875,25.227201461791992,5682.58544921875
9,61595,7.036623954772949,17.63536834716797,0.05343577265739441,3.407463550567627,25.07526206970215,0.3672086000442505,0.36996427178382874,0.3762083351612091,0.3971528112888336,26.455835342407227,25.89202308654785,25.513463973999023,25.290925979614258,5387.69677734375
