month,pfaf_id,Rainf_tavg,Qair_f_tavg,Qs_tavg,Evap_tavg,Tair_f_tavg,SoilMoist_inst_lvl_0,SoilMoist_inst_lvl_1,SoilMoist_inst_lvl_2,SoilMoist_inst_lvl_3,SoilTemp_inst_lvl_0,SoilTemp_inst_lvl_1,SoilTemp_inst_lvl_2,SoilTemp_inst_lvl_3,Streamflow_tavg
4,67103,0.10887151211500168,13.4261474609375,1.11492254291079e-05,0.09030673652887344,21.29312515258789,0.1251361072063446,0.14767135679721832,0.12240931391716003,0.17116187512874603,23.109439849853516,23.503774642944336,24.475841522216797,25.219757080078125,36.25518035888672
5,67103,0.07448520511388779,12.061397552490234,5.1869651542801876e-06,0.07426940649747849,19.640708923339844,0.13381901383399963,0.14583569765090942,0.121999092400074,0.17121872305870056,20.497968673706055,20.831336975097656,21.670381546020508,23.091205596923828,30.021541595458984
6,67103,0.10160953551530838,11.006038665771484,0.00011854798503918573,0.06968429684638977,18.085269927978516,0.14399972558021545,0.1449226438999176,0.12156057357788086,0.17121867835521698,18.509899139404297,18.80816650390625,19.581058502197266,21.229434967041016,17.7772159576416
7,67103,0.07106150686740875,10.413382530212402,4.188855200482067e-06,0.07117471843957901,17.0118465423584,0.15133725106716156,0.14474384486675262,0.12136291712522507,0.17119100689888,17.488203048706055,17.638341903686523,18.180419921875,19.78550148010254,10.830902099609375
8,67103,0.06751462817192078,10.172467231750488,3.638553835116909e-06,0.08531299978494644,16.6158390045166,0.15200799703598022,0.1445331871509552,0.12099680304527283,0.17113126814365387,17.81561851501465,17.520204544067383,17.66956329345703,18.903993606567383,7.190304279327393
9,67103,0.08203586935997009,10.441306114196777,5.159622560313437e-06,0.11254661530256271,17.057636260986328,0.14985252916812897,0.14405621588230133,0.12063606828451157,0.1710371971130371,18.907238006591797,18.425687789916992,18.145479202270508,18.76255989074707,5.068577289581299
