month,pfaf_id,Rainf_tavg,Qair_f_tavg,Qs_tavg,Evap_tavg,Tair_f_tavg,SoilMoist_inst_lvl_0,SoilMoist_inst_lvl_1,SoilMoist_inst_lvl_2,SoilMoist_inst_lvl_3,SoilTemp_inst_lvl_0,SoilTemp_inst_lvl_1,SoilTemp_inst_lvl_2,SoilTemp_inst_lvl_3,Streamflow_tavg
4,67203,2.3287675380706787,16.161239624023438,0.07048733532428741,1.745095133781433,24.189311981201172,0.3152991533279419,0.33057063817977905,0.33007481694221497,0.32318806648254395,25.136674880981445,24.830121994018555,25.193321228027344,25.556720733642578,992.6110229492188
5,67203,1.279578447341919,15.131986618041992,0.01742105931043625,1.718306303024292,23.417516708374023,0.2974068224430084,0.3168717920780182,0.3201017379760742,0.31799834966659546,24.352231979370117,23.934537887573242,24.146621704101562,24.574316024780273,900.8173217773438
6,67203,0.5701881051063538,14.45339584350586,0.002082318067550659,1.4153531789779663,23.314224243164062,0.26179569959640503,0.3009067177772522,0.3069172501564026,0.30789607763290405,24.454578399658203,23.8648738861084,23.812145233154297,23.992517471313477,531.8890380859375
7,67203,0.2767621576786041,13.809858322143555,0.0003595428424887359,0.9733883142471313,23.16314697265625,0.21711072325706482,0.2893584966659546,0.29470205307006836,0.2975972890853882,24.89176368713379,24.085166931152344,23.85572052001953,23.851560592651367,251.40708923339844
8,67203,0.24387621879577637,13.455276489257812,0.0004367237270344049,0.7905808091163635,23.140579223632812,0.19055259227752686,0.2811034917831421,0.2849199175834656,0.28907299041748047,25.407550811767578,24.417158126831055,24.07147789001465,23.94902801513672,98.12896728515625
9,67203,0.24862335622310638,13.366814613342285,0.00030242936918511987,0.7252250909805298,23.146970748901367,0.1791021078824997,0.2728738486766815,0.2761944532394409,0.2820737361907959,25.85577964782715,24.77001953125,24.376903533935547,24.1839656829834,44.41016387939453
