month,pfaf_id,Rainf_tavg,Qair_f_tavg,Qs_tavg,Evap_tavg,Tair_f_tavg,SoilMoist_inst_lvl_0,SoilMoist_inst_lvl_1,SoilMoist_inst_lvl_2,SoilMoist_inst_lvl_3,SoilTemp_inst_lvl_0,SoilTemp_inst_lvl_1,SoilTemp_inst_lvl_2,SoilTemp_inst_lvl_3,Streamflow_tavg
4,62239,13.027790069580078,18.232633590698242,0.5636554956436157,1.260945439338684,26.11278533935547,0.4108330011367798,0.4004739820957184,0.4099276065826416,0.4419822692871094,27.739784240722656,28.23795509338379,28.491493225097656,28.798431396484375,189850.90625
5,62239,10.61925220489502,18.606948852539062,0.3594932556152344,1.2322754859924316,26.353334426879883,0.40720105171203613,0.3975502550601959,0.4075172245502472,0.43995752930641174,27.62970542907715,27.852798461914062,27.650115966796875,27.657272338867188,170521.640625
6,62239,5.339091777801514,18.407573699951172,0.0516049861907959,1.2683318853378296,26.215497970581055,0.391610711812973,0.38499414920806885,0.3954504430294037,0.42470595240592957,27.425949096679688,27.65692138671875,27.3768310546875,27.28672218322754,146457.984375
7,62239,2.8558104038238525,17.898540496826172,0.01821722835302353,1.317793369293213,26.127405166625977,0.37557271122932434,0.3715898096561432,0.3818679749965668,0.40649333596229553,27.285554885864258,27.516159057617188,27.154760360717773,27.05438232421875,117268.328125
8,62239,2.465930223464966,17.884483337402344,0.009910237975418568,1.436782956123352,27.402130126953125,0.36607614159584045,0.3628748953342438,0.372316837310791,0.39330634474754333,28.23231315612793,28.313941955566406,27.612749099731445,27.197494506835938,92095.7265625
9,62239,3.353106737136841,17.94270133972168,0.02147488482296467,1.53228759765625,28.71860694885254,0.36933767795562744,0.3640676438808441,0.3716520071029663,0.390322208404541,29.27004051208496,29.296920776367188,28.485071182250977,27.848440170288086,73028.578125
