month,pfaf_id,Rainf_tavg,Qair_f_tavg,Qs_tavg,Evap_tavg,Tair_f_tavg,SoilMoist_inst_lvl_0,SoilMoist_inst_lvl_1,SoilMoist_inst_lvl_2,SoilMoist_inst_lvl_3,SoilTemp_inst_lvl_0,SoilTemp_inst_lvl_1,SoilTemp_inst_lvl_2,SoilTemp_inst_lvl_3,Streamflow_tavg
4,62233,5.407537937164307,17.40049171447754,0.05033871904015541,3.7583765983581543,25.900516510009766,0.3518248200416565,0.35220634937286377,0.35486096143722534,0.3643932640552521,26.812793731689453,26.869876861572266,26.557907104492188,26.398698806762695,193898.421875
5,62233,5.320126056671143,17.695114135742188,0.05218818411231041,3.6421000957489014,26.13779640197754,0.353186696767807,0.3540012836456299,0.35781437158584595,0.370308518409729,26.879865646362305,26.904146194458008,26.565044403076172,26.38256072998047,176076.5
6,62233,4.149365425109863,17.575197219848633,0.022566162049770355,3.5130600929260254,26.067113876342773,0.3485761284828186,0.3506883978843689,0.35630786418914795,0.37153300642967224,26.750024795532227,26.84154510498047,26.550981521606445,26.393749237060547,152526.078125
7,62233,3.143821954727173,17.121585845947266,0.011676352471113205,3.513322591781616,25.984413146972656,0.3372492492198944,0.33952200412750244,0.3445086181163788,0.35746878385543823,26.531631469726562,26.691818237304688,26.409257888793945,26.308887481689453,122513.9140625
8,62233,2.8055520057678223,17.201452255249023,0.008709427900612354,3.7268662452697754,26.682172775268555,0.3249940574169159,0.32686054706573486,0.3296520411968231,0.33803868293762207,27.074329376220703,27.151124954223633,26.622468948364258,26.33209800720215,95638.671875
9,62233,2.3777215480804443,17.05671501159668,0.0058585116639733315,3.981172561645508,27.742389678955078,0.30642977356910706,0.3085562586784363,0.30946213006973267,0.3137269616127014,28.02535629272461,28.024511337280273,27.281455993652344,26.74388313293457,75502.3203125
