month,pfaf_id,Rainf_tavg,Qair_f_tavg,Qs_tavg,Evap_tavg,Tair_f_tavg,SoilMoist_inst_lvl_0,SoilMoist_inst_lvl_1,SoilMoist_inst_lvl_2,SoilMoist_inst_lvl_3,SoilTemp_inst_lvl_0,SoilTemp_inst_lvl_1,SoilTemp_inst_lvl_2,SoilTemp_inst_lvl_3,Streamflow_tavg
4,62499,4.389347553253174,15.288765907287598,0.025614473968744278,2.9672789573669434,22.986637115478516,0.29498034715652466,0.2996772527694702,0.31185728311538696,0.34657004475593567,23.62476921081543,24.588151931762695,24.347240447998047,24.386568069458008,544.3740234375
5,62499,1.9952168464660645,12.660882949829102,0.007327822502702475,2.3129162788391113,21.643861770629883,0.2679063081741333,0.2792764902114868,0.296008825302124,0.33011943101882935,22.149091720581055,23.360836029052734,23.217283248901367,23.5079288482666,331.05902099609375
6,62499,0.9871306419372559,10.617424011230469,0.00206039403565228,1.6839548349380493,20.817604064941406,0.23749940097332,0.2603861093521118,0.2800980508327484,0.31130361557006836,21.151777267456055,22.506223678588867,22.20008659362793,22.531747817993164,150.57009887695312
7,62499,0.7574436068534851,9.557256698608398,0.001233668066561222,1.3243211507797241,21.10830307006836,0.20889759063720703,0.24647149443626404,0.2673143148422241,0.29618600010871887,21.63544273376465,23.023300170898438,22.178897857666016,22.09981918334961,76.4186019897461
8,62499,0.7169768214225769,9.34711742401123,0.0010869390098378062,1.2413681745529175,22.986555099487305,0.18530748784542084,0.23868907988071442,0.2580297589302063,0.284847617149353,23.69438934326172,25.038484573364258,23.53102684020996,22.7862491607666,44.32490921020508
9,62499,1.4464536905288696,10.59221363067627,0.004392621573060751,1.5897969007492065,25.228092193603516,0.18435342609882355,0.23626768589019775,0.25063103437423706,0.27581602334976196,26.377567291259766,27.53327751159668,25.678754806518555,24.41267204284668,29.045873641967773
