month,pfaf_id,Rainf_tavg,Qair_f_tavg,Qs_tavg,Evap_tavg,Tair_f_tavg,SoilMoist_inst_lvl_0,SoilMoist_inst_lvl_1,SoilMoist_inst_lvl_2,SoilMoist_inst_lvl_3,SoilTemp_inst_lvl_0,SoilTemp_inst_lvl_1,SoilTemp_inst_lvl_2,SoilTemp_inst_lvl_3,Streamflow_tavg
4,61564,4.3623223304748535,14.886341094970703,0.05069480836391449,3.678492784500122,23.433284759521484,0.3349612057209015,0.3352701961994171,0.3288938105106354,0.32830625772476196,25.424909591674805,24.962078094482422,25.275646209716797,25.555593490600586,44.08600997924805
5,61564,4.181519508361816,14.954010963439941,0.0571732297539711,3.51360821723938,23.118249893188477,0.3380085527896881,0.33740517497062683,0.33381280303001404,0.33474043011665344,24.809986114501953,24.112140655517578,24.07736587524414,24.248106002807617,22.47434425354004
6,61564,4.070004940032959,14.90271282196045,0.04420088231563568,3.4341907501220703,23.051382064819336,0.33938127756118774,0.3359178304672241,0.3312016427516937,0.3373018205165863,24.414100646972656,23.727121353149414,23.529314041137695,23.484725952148438,32.64985275268555
7,61564,4.006123065948486,14.642509460449219,0.042606521397829056,3.2564311027526855,22.876285552978516,0.33951377868652344,0.33493533730506897,0.32701075077056885,0.33804014325141907,24.075843811035156,23.471027374267578,23.203895568847656,23.070125579833984,40.2051887512207
8,61564,3.8140013217926025,14.604409217834473,0.04106207564473152,3.1749014854431152,23.12889862060547,0.3355114161968231,0.33097001910209656,0.3219946026802063,0.3375069797039032,24.309186935424805,23.641830444335938,23.17915916442871,22.879953384399414,41.62115478515625
9,61564,3.6844072341918945,14.764786720275879,0.03798481449484825,3.127507209777832,23.688074111938477,0.329351544380188,0.3254960775375366,0.3167087137699127,0.3348209857940674,24.944190979003906,24.182544708251953,23.536705017089844,23.02145767211914,37.82510757446289
