month,pfaf_id,Rainf_tavg,Qair_f_tavg,Qs_tavg,Evap_tavg,Tair_f_tavg,SoilMoist_inst_lvl_0,SoilMoist_inst_lvl_1,SoilMoist_inst_lvl_2,SoilMoist_inst_lvl_3,SoilTemp_inst_lvl_0,SoilTemp_inst_lvl_1,SoilTemp_inst_lvl_2,SoilTemp_inst_lvl_3,Streamflow_tavg
4,61569,6.438146114349365,12.76789665222168,0.08509134501218796,3.006075859069824,18.614032745361328,0.36133578419685364,0.3641337454319,0.3650969862937927,0.37147530913352966,20.67171859741211,20.620346069335938,21.65261459350586,22.655277252197266,387.81585693359375
5,61569,6.089156627655029,12.762991905212402,0.0616426058113575,2.9033610820770264,18.487201690673828,0.36427003145217896,0.36668869853019714,0.3705956041812897,0.38460657000541687,20.2006778717041,19.629167556762695,19.950735092163086,20.624284744262695,508.2005920410156
6,61569,5.787283420562744,12.696476936340332,0.046302955597639084,2.850538492202759,18.443803787231445,0.36553528904914856,0.3662758469581604,0.3691418170928955,0.386242151260376,19.90092658996582,19.2313175201416,19.285627365112305,19.60850715637207,511.5048828125
7,61569,5.55049467086792,12.39798355102539,0.03478124365210533,2.7819721698760986,18.29662322998047,0.3643890619277954,0.3647785484790802,0.3668211102485657,0.38587281107902527,19.556804656982422,18.945493698120117,18.898611068725586,19.096179962158203,490.51495361328125
8,61569,5.341366291046143,12.378630638122559,0.032614145427942276,2.758603572845459,18.466779708862305,0.3607906997203827,0.36163023114204407,0.36391568183898926,0.38439270853996277,19.700931549072266,19.054092407226562,18.811325073242188,18.8483943939209,464.1662902832031
9,61569,5.368472099304199,12.652670860290527,0.03845062479376793,2.7631587982177734,18.77487564086914,0.35606518387794495,0.3579259514808655,0.36117109656333923,0.3824875056743622,20.19674301147461,19.505826950073242,19.089242935180664,18.930736541748047,456.0361328125
