month,pfaf_id,Rainf_tavg,Qair_f_tavg,Qs_tavg,Evap_tavg,Tair_f_tavg,SoilMoist_inst_lvl_0,SoilMoist_inst_lvl_1,SoilMoist_inst_lvl_2,SoilMoist_inst_lvl_3,SoilTemp_inst_lvl_0,SoilTemp_inst_lvl_1,SoilTemp_inst_lvl_2,SoilTemp_inst_lvl_3,Streamflow_tavg
4,61628,5.090777397155762,16.7262020111084,0.012446223758161068,3.281353712081909,25.236846923828125,0.277988463640213,0.26036036014556885,0.21605615317821503,0.17903515696525574,26.869003295898438,27.12961196899414,27.090604782104492,27.17228126525879,171.3047637939453
5,61628,5.581953048706055,17.066768646240234,0.017121696844697,3.412388324737549,25.14650535583496,0.3029528856277466,0.29388102889060974,0.2621070444583893,0.19709420204162598,26.523502349853516,26.462390899658203,26.251996994018555,26.325939178466797,45.44240188598633
6,61628,5.643099784851074,17.145442962646484,0.020879261195659637,3.4308841228485107,25.14457130432129,0.311686635017395,0.3067719638347626,0.2891165018081665,0.23684343695640564,26.44301986694336,26.326133728027344,26.02842903137207,25.96635627746582,48.009281158447266
7,61628,5.295660495758057,17.06836700439453,0.02049407549202442,3.504469394683838,25.11174964904785,0.3141669034957886,0.3118005692958832,0.3019716739654541,0.27405503392219543,26.20882797241211,26.175458908081055,25.870718002319336,25.79488182067871,110.31288146972656
8,61628,4.531134128570557,17.0947322845459,0.016220591962337494,3.5827994346618652,25.393260955810547,0.31149178743362427,0.31108659505844116,0.30626001954078674,0.2953392565250397,26.25919532775879,26.27898406982422,25.87520408630371,25.717330932617188,175.8909454345703
9,61628,3.249666213989258,17.142879486083984,0.009043578989803791,3.620325803756714,25.727739334106445,0.29701167345046997,0.29887089133262634,0.29746970534324646,0.2946817874908447,26.70559310913086,26.720312118530273,26.167701721191406,25.87201690673828,168.5426025390625
