month,pfaf_id,Rainf_tavg,Qair_f_tavg,Qs_tavg,Evap_tavg,Tair_f_tavg,SoilMoist_inst_lvl_0,SoilMoist_inst_lvl_1,SoilMoist_inst_lvl_2,SoilMoist_inst_lvl_3,SoilTemp_inst_lvl_0,SoilTemp_inst_lvl_1,SoilTemp_inst_lvl_2,SoilTemp_inst_lvl_3,Streamflow_tavg
4,62282,6.940845966339111,17.419692993164062,0.046166762709617615,3.67167067527771,25.70054817199707,0.3393169045448303,0.3350503146648407,0.31940966844558716,0.2947953939437866,27.102283477783203,26.94417381286621,26.886173248291016,26.922330856323242,13369.708984375
5,62282,7.167610168457031,17.561120986938477,0.05004287138581276,3.692310094833374,25.880783081054688,0.3516947031021118,0.3510947823524475,0.3477974832057953,0.33785492181777954,27.055936813354492,26.760440826416016,26.564380645751953,26.551654815673828,15508.7060546875
6,62282,6.667120933532715,17.610830307006836,0.04096531122922897,3.638414144515991,25.962495803833008,0.3571018874645233,0.35877156257629395,0.36178988218307495,0.37114912271499634,26.964447021484375,26.697036743164062,26.470664978027344,26.398757934570312,21777.150390625
7,62282,5.892038345336914,17.479164123535156,0.03210688382387161,3.5337727069854736,25.88928985595703,0.3578687012195587,0.3606284558773041,0.3665025532245636,0.3838665783405304,26.71356964111328,26.50554084777832,26.313190460205078,26.28050422668457,24649.18359375
8,62282,5.428657054901123,17.502859115600586,0.023474356159567833,3.709204912185669,26.422542572021484,0.3570026159286499,0.3598688840866089,0.36654308438301086,0.3857465088367462,27.0378475189209,26.718984603881836,26.36734390258789,26.218137741088867,25410.490234375
9,62282,5.329840660095215,17.675186157226562,0.021509399637579918,3.9478540420532227,26.949188232421875,0.35561403632164,0.3581283986568451,0.3643495738506317,0.3827132284641266,27.625446319580078,27.2166805267334,26.73284149169922,26.42097282409668,23816.5
