month,pfaf_id,Rainf_tavg,Qair_f_tavg,Qs_tavg,Evap_tavg,Tair_f_tavg,SoilMoist_inst_lvl_0,SoilMoist_inst_lvl_1,SoilMoist_inst_lvl_2,SoilMoist_inst_lvl_3,SoilTemp_inst_lvl_0,SoilTemp_inst_lvl_1,SoilTemp_inst_lvl_2,SoilTemp_inst_lvl_3,Streamflow_tavg
4,64281,4.230923652648926,15.228671073913574,0.0623532235622406,3.034903049468994,22.70313835144043,0.32876908779144287,0.3330908417701721,0.34105950593948364,0.36001306772232056,23.235511779785156,24.042194366455078,23.89784812927246,23.980960845947266,2217.151123046875
5,64281,2.0847878456115723,12.547054290771484,0.018465209752321243,2.536801338195801,21.136064529418945,0.3066777288913727,0.31886357069015503,0.3309558033943176,0.3508566617965698,21.282054901123047,22.35291290283203,22.469263076782227,22.942123413085938,1424.76171875
6,64281,1.2685480117797852,10.717674255371094,0.006556070875376463,1.9977542161941528,20.210140228271484,0.27625876665115356,0.3041822910308838,0.31773293018341064,0.3359135389328003,20.113178253173828,21.299114227294922,21.2191162109375,21.731914520263672,697.5916748046875
7,64281,1.0144394636154175,9.652112007141113,0.0038511971943080425,1.5377942323684692,20.63426971435547,0.2385389357805252,0.2940703332424164,0.30709385871887207,0.32364198565483093,20.769826889038086,21.97250747680664,21.220754623413086,21.199092864990234,360.65234375
8,64281,0.9074940085411072,9.379805564880371,0.0032562126871198416,1.3755998611450195,22.83925437927246,0.20996694266796112,0.2888912260532379,0.29987218976020813,0.31496381759643555,23.368770599365234,24.443492889404297,22.865978240966797,22.015634536743164,205.210205078125
9,64281,1.593240737915039,10.434622764587402,0.010717053897678852,1.7485055923461914,25.052995681762695,0.20959407091140747,0.2860850393772125,0.29391491413116455,0.3080691993236542,26.039936065673828,27.115753173828125,25.274646759033203,23.90857696533203,136.45614624023438
