month,pfaf_id,Rainf_tavg,Qair_f_tavg,Qs_tavg,Evap_tavg,Tair_f_tavg,SoilMoist_inst_lvl_0,SoilMoist_inst_lvl_1,SoilMoist_inst_lvl_2,SoilMoist_inst_lvl_3,SoilTemp_inst_lvl_0,SoilTemp_inst_lvl_1,SoilTemp_inst_lvl_2,SoilTemp_inst_lvl_3,Streamflow_tavg
4,62232,6.010426998138428,16.86900520324707,0.10643940418958664,3.4531781673431396,24.262882232666016,0.4007314145565033,0.3967638909816742,0.39038872718811035,0.37551456689834595,25.424531936645508,25.295106887817383,25.050975799560547,24.885173797607422,1008.0307006835938
5,62232,5.641425132751465,17.089176177978516,0.10242181271314621,3.3745195865631104,24.39180564880371,0.4061724543571472,0.40503033995628357,0.4044860899448395,0.40387222170829773,25.41567039489746,25.240825653076172,24.99593162536621,24.85762596130371,635.6134033203125
6,62232,5.026764392852783,16.971572875976562,0.07896430790424347,3.307454824447632,24.328022003173828,0.4082140624523163,0.4086090326309204,0.4114060401916504,0.41980671882629395,25.245969772338867,25.117332458496094,24.921913146972656,24.8181095123291,865.3290405273438
7,62232,4.088266372680664,16.54962921142578,0.05066600441932678,3.3224143981933594,24.219785690307617,0.4047587811946869,0.40569519996643066,0.40930116176605225,0.4194122850894928,24.932340621948242,24.86079216003418,24.716026306152344,24.6920108795166,871.0846557617188
8,62232,3.293567419052124,16.633390426635742,0.02731643244624138,3.4955179691314697,24.36252784729004,0.3979235887527466,0.39873990416526794,0.40166211128234863,0.40994879603385925,25.109718322753906,24.976472854614258,24.693973541259766,24.579952239990234,620.4141235351562
9,62232,2.5393083095550537,16.681570053100586,0.014917938970029354,3.7185122966766357,24.715669631958008,0.3843342065811157,0.3848007917404175,0.386288583278656,0.39116695523262024,25.440780639648438,25.256162643432617,24.887601852416992,24.663118362426758,334.8753356933594
