month,pfaf_id,Rainf_tavg,Qair_f_tavg,Qs_tavg,Evap_tavg,Tair_f_tavg,SoilMoist_inst_lvl_0,SoilMoist_inst_lvl_1,SoilMoist_inst_lvl_2,SoilMoist_inst_lvl_3,SoilTemp_inst_lvl_0,SoilTemp_inst_lvl_1,SoilTemp_inst_lvl_2,SoilTemp_inst_lvl_3,Streamflow_tavg
4,62294,7.0396013259887695,16.86461639404297,0.030113063752651215,3.3866279125213623,24.246620178222656,0.3507454991340637,0.3532288670539856,0.3596194386482239,0.3801571726799011,26.05026626586914,25.447654724121094,25.280315399169922,25.154150009155273,62732.91796875
5,62294,7.176914691925049,16.861539840698242,0.02886594459414482,3.289456367492676,24.125415802001953,0.353590726852417,0.3567485511302948,0.36509349942207336,0.3905434310436249,25.84808349609375,25.194334030151367,24.9533634185791,24.81477928161621,58201.68359375
6,62294,6.949535846710205,16.850231170654297,0.02161448262631893,3.2046587467193604,24.136714935302734,0.3535069227218628,0.35712453722953796,0.3662203550338745,0.3932865858078003,25.688846588134766,25.061954498291016,24.78589630126953,24.605724334716797,49650.05078125
7,62294,6.655195713043213,16.625368118286133,0.01747463084757328,3.196955919265747,23.992616653442383,0.3526131212711334,0.35626599192619324,0.36540085077285767,0.39245110750198364,25.418893814086914,24.848691940307617,24.591062545776367,24.438358306884766,42077.9140625
8,62294,6.335529804229736,16.68372917175293,0.01578926108777523,3.3605897426605225,24.411638259887695,0.3506909906864166,0.3543303310871124,0.36320269107818604,0.3893234133720398,25.661630630493164,25.012643814086914,24.61875343322754,24.35647201538086,34732.0625
9,62294,6.2366943359375,16.9630126953125,0.016580864787101746,3.5754916667938232,24.871402740478516,0.3490411043167114,0.3524366319179535,0.3607620298862457,0.3855593800544739,26.168212890625,25.439619064331055,24.925907135009766,24.516496658325195,28040.28125
