month,pfaf_id,Rainf_tavg,Qair_f_tavg,Qs_tavg,Evap_tavg,Tair_f_tavg,SoilMoist_inst_lvl_0,SoilMoist_inst_lvl_1,SoilMoist_inst_lvl_2,SoilMoist_inst_lvl_3,SoilTemp_inst_lvl_0,SoilTemp_inst_lvl_1,SoilTemp_inst_lvl_2,SoilTemp_inst_lvl_3,Streamflow_tavg
4,62459,6.886142730712891,17.39518165588379,0.0751718282699585,3.474925994873047,24.754209518432617,0.3414057195186615,0.3438149094581604,0.35160043835639954,0.38152602314949036,25.501571655273438,25.927305221557617,25.882431030273438,26.038007736206055,7290.1474609375
5,62459,4.577054500579834,16.911170959472656,0.03105771727859974,3.1601524353027344,24.484155654907227,0.3328973650932312,0.3368363082408905,0.3468281626701355,0.3777899742126465,25.07914924621582,25.524763107299805,25.42228889465332,25.61709213256836,5552.71875
6,62459,1.9363279342651367,15.232248306274414,0.007396223023533821,2.810896873474121,24.16699981689453,0.3074112832546234,0.3145955502986908,0.3265606462955475,0.35357484221458435,24.356271743774414,24.999221801757812,24.895736694335938,25.190040588378906,2796.754150390625
7,62459,0.8928772807121277,12.585991859436035,0.0015511184465140104,2.687443256378174,24.662410736083984,0.2630966007709503,0.28622329235076904,0.2997407615184784,0.32172632217407227,24.560123443603516,25.323060989379883,24.819976806640625,24.893768310546875,1031.2166748046875
8,62459,0.714331865310669,10.751734733581543,0.001097973668947816,2.4631712436676025,26.243919372558594,0.21065080165863037,0.25887250900268555,0.2728593051433563,0.29096436500549316,26.46270179748535,27.075796127319336,25.907346725463867,25.375524520874023,472.0387878417969
9,62459,1.8173893690109253,11.662090301513672,0.012053013779222965,2.5367119312286377,28.048385620117188,0.20155024528503418,0.2442476749420166,0.2504862844944,0.2649488151073456,28.911516189575195,29.3446044921875,27.894704818725586,26.823877334594727,280.5077819824219
