month,pfaf_id,Rainf_tavg,Qair_f_tavg,Qs_tavg,Evap_tavg,Tair_f_tavg,SoilMoist_inst_lvl_0,SoilMoist_inst_lvl_1,SoilMoist_inst_lvl_2,SoilMoist_inst_lvl_3,SoilTemp_inst_lvl_0,SoilTemp_inst_lvl_1,SoilTemp_inst_lvl_2,SoilTemp_inst_lvl_3,Streamflow_tavg
4,62292,6.19930362701416,17.144052505493164,0.012942987494170666,3.5210695266723633,25.13126564025879,0.3390330374240875,0.3425477147102356,0.3514377474784851,0.37828966975212097,26.328157424926758,26.012948989868164,25.858684539794922,25.801984786987305,83030.3046875
5,62292,4.951952934265137,16.629066467285156,0.008651231415569782,3.3085122108459473,24.7935733795166,0.3332122266292572,0.3366837203502655,0.3452455401420593,0.3699156939983368,25.688974380493164,25.397653579711914,25.3320369720459,25.40155792236328,79083.5859375
6,62292,3.7070698738098145,15.941696166992188,0.005278064403682947,3.1608920097351074,24.480987548828125,0.3249126076698303,0.32788872718811035,0.33530208468437195,0.35607579350471497,25.07433319091797,24.78252410888672,24.750492095947266,24.90839195251465,67168.625
7,62292,2.8648202419281006,15.055214881896973,0.003259995486587286,3.2451412677764893,24.456932067871094,0.31388983130455017,0.31606239080429077,0.32176047563552856,0.3377719521522522,24.75273323059082,24.368148803710938,24.228055953979492,24.39090347290039,54768.83984375
8,62292,2.855666160583496,15.295347213745117,0.0038768621161580086,3.5695395469665527,25.79029655456543,0.3028155565261841,0.3038491904735565,0.30689412355422974,0.3177173137664795,25.91851234436035,25.27581024169922,24.676692962646484,24.397216796875,43421.48046875
9,62292,3.2648143768310547,15.491875648498535,0.005250551737844944,3.9694268703460693,27.077516555786133,0.29548323154449463,0.2938743531703949,0.2922145128250122,0.2976144552230835,27.250173568725586,26.4541072845459,25.662508010864258,25.091318130493164,33697.80078125
