month,pfaf_id,Rainf_tavg,Qair_f_tavg,Qs_tavg,Evap_tavg,Tair_f_tavg,SoilMoist_inst_lvl_0,SoilMoist_inst_lvl_1,SoilMoist_inst_lvl_2,SoilMoist_inst_lvl_3,SoilTemp_inst_lvl_0,SoilTemp_inst_lvl_1,SoilTemp_inst_lvl_2,SoilTemp_inst_lvl_3,Streamflow_tavg
4,66405,1.433121681213379,5.657905578613281,0.03460640832781792,1.4023480415344238,7.236372947692871,0.24498270452022552,0.25090059638023376,0.2522405982017517,0.2575127184391022,11.971023559570312,11.893928527832031,11.323308944702148,10.935544967651367,247.95211791992188
5,66405,0.5478487014770508,4.013319492340088,0.01951153203845024,0.9685720801353455,5.462396621704102,0.22940953075885773,0.24199433624744415,0.248917818069458,0.2576645612716675,9.318009376525879,9.423478126525879,9.065587997436523,9.08841323852539,234.72872924804688
6,66405,0.2479846179485321,3.3650121688842773,0.010778381489217281,0.6613864302635193,4.327334880828857,0.2152203768491745,0.23143327236175537,0.24160151183605194,0.25301873683929443,7.5318708419799805,7.684366703033447,7.16283655166626,7.203610420227051,243.23533630371094
7,66405,0.2877471148967743,3.328556776046753,0.011152052320539951,0.6322609186172485,4.160902976989746,0.21112816035747528,0.22740080952644348,0.23689500987529755,0.2481415718793869,7.599023818969727,7.550854206085205,6.558317184448242,6.1460676193237305,231.3916778564453
8,66405,0.47997862100601196,3.6085214614868164,0.010145834647119045,0.7506257891654968,5.517082691192627,0.20716765522956848,0.22478605806827545,0.23363907635211945,0.24438509345054626,9.759284973144531,9.126481056213379,7.267296314239502,6.148917198181152,189.153076171875
9,66405,0.8313242793083191,4.019664287567139,0.018154650926589966,0.983844518661499,6.973880767822266,0.20554973185062408,0.22475361824035645,0.23199769854545593,0.242083340883255,12.719732284545898,11.356165885925293,8.939486503601074,7.232395648956299,152.33799743652344
