month,pfaf_id,Rainf_tavg,Qair_f_tavg,Qs_tavg,Evap_tavg,Tair_f_tavg,SoilMoist_inst_lvl_0,SoilMoist_inst_lvl_1,SoilMoist_inst_lvl_2,SoilMoist_inst_lvl_3,SoilTemp_inst_lvl_0,SoilTemp_inst_lvl_1,SoilTemp_inst_lvl_2,SoilTemp_inst_lvl_3,Streamflow_tavg
4,67206,10.152113914489746,13.784988403320312,0.2676908075809479,2.8434598445892334,18.18073272705078,0.35596486926078796,0.35723844170570374,0.3654346168041229,0.3938676118850708,20.0655460357666,19.49085235595703,19.316896438598633,19.197031021118164,1394.962890625
5,67206,9.99867057800293,13.897210121154785,0.31027260422706604,2.9233591556549072,18.326404571533203,0.35736241936683655,0.3594571053981781,0.3690570294857025,0.4004715085029602,20.042497634887695,19.362651824951172,19.038330078125,18.813344955444336,1855.637939453125
6,67206,8.485507011413574,13.797605514526367,0.21407169103622437,2.9485671520233154,18.270776748657227,0.3535115718841553,0.35581302642822266,0.36546391248703003,0.3959102928638458,19.863121032714844,19.17438507080078,18.855562210083008,18.61811637878418,1663.841552734375
7,67206,6.708700656890869,13.353473663330078,0.11195028573274612,3.0662009716033936,18.145999908447266,0.3451088070869446,0.3473189175128937,0.3566424250602722,0.3841659724712372,19.631866455078125,18.94829750061035,18.623031616210938,18.420730590820312,1168.6944580078125
8,67206,6.588001728057861,13.22265625,0.1350378692150116,3.15669322013855,18.18777847290039,0.34185269474983215,0.34347718954086304,0.35184454917907715,0.3773508369922638,19.90040397644043,19.117692947387695,18.627105712890625,18.31444549560547,957.1432495117188
9,67206,7.530536651611328,13.556686401367188,0.22580654919147491,3.184129476547241,18.4472599029541,0.3444291055202484,0.34530723094940186,0.3523269593715668,0.3771061301231384,20.574604034423828,19.61039161682129,18.957286834716797,18.474817276000977,993.3660888671875
