month,pfaf_id,Rainf_tavg,Qair_f_tavg,Qs_tavg,Evap_tavg,Tair_f_tavg,SoilMoist_inst_lvl_0,SoilMoist_inst_lvl_1,SoilMoist_inst_lvl_2,SoilMoist_inst_lvl_3,SoilTemp_inst_lvl_0,SoilTemp_inst_lvl_1,SoilTemp_inst_lvl_2,SoilTemp_inst_lvl_3,Streamflow_tavg
4,62460,4.784698009490967,17.402936935424805,0.11393073946237564,3.6243860721588135,25.641260147094727,0.3999531865119934,0.4022067189216614,0.40782424807548523,0.41917985677719116,26.03190803527832,26.332008361816406,26.252065658569336,26.366947174072266,2354.735107421875
5,62460,2.1127567291259766,15.362245559692383,0.026545830070972443,3.4116063117980957,25.568254470825195,0.3648284673690796,0.382547527551651,0.3930729925632477,0.4066602885723114,25.34649658203125,25.758052825927734,25.743642807006836,26.00128746032715,1775.9205322265625
6,62460,0.9224933981895447,11.652994155883789,0.004091356415301561,2.1089632511138916,25.92534637451172,0.2705264389514923,0.3644115924835205,0.3721930980682373,0.3827708661556244,25.724123001098633,26.193477630615234,25.699594497680664,25.705028533935547,751.15966796875
7,62460,0.7464287877082825,9.702644348144531,0.0021651836577802896,1.3850970268249512,26.540555953979492,0.22067980468273163,0.3575304448604584,0.36170342564582825,0.3687184751033783,26.931577682495117,27.429689407348633,26.528390884399414,26.06449317932129,333.1305847167969
8,62460,0.7515909075737,9.059305191040039,0.0029324323404580355,1.2934675216674805,28.29865074157715,0.2073940634727478,0.34954634308815,0.3528713285923004,0.359014630317688,28.95436668395996,29.277753829956055,27.908721923828125,26.97920036315918,178.64401245117188
9,62460,1.7928767204284668,10.892157554626465,0.02694004774093628,1.9628554582595825,30.024030685424805,0.23085832595825195,0.3420459032058716,0.34443122148513794,0.3506155014038086,30.73438835144043,31.066692352294922,29.6497859954834,28.396137237548828,115.99562072753906
