month,pfaf_id,Rainf_tavg,Qair_f_tavg,Qs_tavg,Evap_tavg,Tair_f_tavg,SoilMoist_inst_lvl_0,SoilMoist_inst_lvl_1,SoilMoist_inst_lvl_2,SoilMoist_inst_lvl_3,SoilTemp_inst_lvl_0,SoilTemp_inst_lvl_1,SoilTemp_inst_lvl_2,SoilTemp_inst_lvl_3,Streamflow_tavg
4,62303,7.124995231628418,17.875335693359375,0.04957711696624756,3.827754020690918,25.782024383544922,0.3888338506221771,0.3903481960296631,0.3981460630893707,0.4246370792388916,26.8185977935791,26.90533447265625,26.592512130737305,26.429363250732422,360.5300598144531
5,62303,6.681458473205566,18.060405731201172,0.039043013006448746,3.6928517818450928,25.897024154663086,0.38632848858833313,0.3881092965602875,0.39553725719451904,0.42027005553245544,26.791784286499023,26.867752075195312,26.59752082824707,26.46571159362793,306.8105163574219
6,62303,5.05706787109375,17.8992862701416,0.021468311548233032,3.562711238861084,25.866750717163086,0.37970852851867676,0.38191473484039307,0.38972678780555725,0.413003146648407,26.541744232177734,26.660633087158203,26.477746963500977,26.425495147705078,267.2573547363281
7,62303,3.514299154281616,17.451400756835938,0.010301494039595127,3.5778579711914062,25.751684188842773,0.36718249320983887,0.36948832869529724,0.37618517875671387,0.3944547772407532,26.213600158691406,26.36946678161621,26.222871780395508,26.253841400146484,181.9261932373047
8,62303,3.42912220954895,17.610998153686523,0.008652281016111374,3.7761037349700928,26.161701202392578,0.35993948578834534,0.361247718334198,0.36476221680641174,0.37612754106521606,26.578781127929688,26.655115127563477,26.299240112304688,26.16545867919922,101.50910186767578
9,62303,2.861919403076172,17.480857849121094,0.00585935777053237,4.002397060394287,26.77996063232422,0.3476545810699463,0.34939685463905334,0.3517330288887024,0.35916879773139954,27.080303192138672,27.147790908813477,26.664331436157227,26.375089645385742,57.75132369995117
