month,pfaf_id,Rainf_tavg,Qair_f_tavg,Qs_tavg,Evap_tavg,Tair_f_tavg,SoilMoist_inst_lvl_0,SoilMoist_inst_lvl_1,SoilMoist_inst_lvl_2,SoilMoist_inst_lvl_3,SoilTemp_inst_lvl_0,SoilTemp_inst_lvl_1,SoilTemp_inst_lvl_2,SoilTemp_inst_lvl_3,Streamflow_tavg
4,62252,6.336855411529541,16.693544387817383,0.1213739737868309,3.5842528343200684,25.06671142578125,0.3835781514644623,0.38173243403434753,0.3758079409599304,0.3576400876045227,26.055097579956055,25.859649658203125,25.622318267822266,25.49507713317871,161043.234375
5,62252,6.177157878875732,16.97446060180664,0.10231316834688187,3.5201399326324463,25.29515838623047,0.38807412981987,0.38791555166244507,0.386689156293869,0.38188451528549194,26.130094528198242,25.87567710876465,25.596994400024414,25.452640533447266,150722.15625
6,62252,5.353517532348633,16.958171844482422,0.07291087508201599,3.4474246501922607,25.275041580200195,0.38912343978881836,0.39028680324554443,0.3925149142742157,0.3987364172935486,25.973949432373047,25.77285385131836,25.54962921142578,25.4359130859375,132745.609375
7,62252,4.358191967010498,16.592449188232422,0.04571153596043587,3.4162724018096924,25.16315460205078,0.3862323760986328,0.3878962993621826,0.39137908816337585,0.4012557864189148,25.65562629699707,25.52284812927246,25.353620529174805,25.322410583496094,110182.3203125
8,62252,3.6931238174438477,16.708600997924805,0.03395773842930794,3.6336405277252197,25.652761459350586,0.38064855337142944,0.3820340931415558,0.38504841923713684,0.3940088152885437,26.006685256958008,25.76531982421875,25.406028747558594,25.243465423583984,88791.6953125
9,62252,3.415886402130127,16.850337982177734,0.028670046478509903,3.9401469230651855,26.3822021484375,0.3716200888156891,0.3728356659412384,0.37426483631134033,0.3800543546676636,26.68633460998535,26.37056541442871,25.842174530029297,25.473167419433594,71222.609375
