month,pfaf_id,Rainf_tavg,Qair_f_tavg,Qs_tavg,Evap_tavg,Tair_f_tavg,SoilMoist_inst_lvl_0,SoilMoist_inst_lvl_1,SoilMoist_inst_lvl_2,SoilMoist_inst_lvl_3,SoilTemp_inst_lvl_0,SoilTemp_inst_lvl_1,SoilTemp_inst_lvl_2,SoilTemp_inst_lvl_3,Streamflow_tavg
4,61584,10.256675720214844,17.411014556884766,0.39131274819374084,3.5876004695892334,25.106369018554688,0.38503339886665344,0.38239941000938416,0.37496262788772583,0.35291093587875366,26.356422424316406,25.606325149536133,24.785696029663086,24.117671966552734,552.6272583007812
5,61584,10.390108108520508,17.4749813079834,0.7125162482261658,3.58093523979187,25.13978385925293,0.3971787691116333,0.39887484908103943,0.40495312213897705,0.42382630705833435,26.43694496154785,25.826602935791016,25.22984504699707,24.63853645324707,1668.7550048828125
6,61584,10.279746055603027,17.494834899902344,0.522159993648529,3.671471357345581,25.205421447753906,0.3990570604801178,0.4016609191894531,0.4093371331691742,0.4331376850605011,26.396564483642578,25.85153579711914,25.357772827148438,24.882761001586914,2568.98876953125
7,61584,10.296683311462402,17.425764083862305,0.35112109780311584,3.6483442783355713,25.145559310913086,0.39922258257865906,0.4021051228046417,0.4099677801132202,0.4338931143283844,26.279558181762695,25.832408905029297,25.391592025756836,24.976482391357422,2763.176025390625
8,61584,10.04575252532959,17.450288772583008,0.3276127874851227,3.719123601913452,25.34815788269043,0.39880093932151794,0.4016992449760437,0.4095795154571533,0.4332568645477295,26.465078353881836,25.99622917175293,25.494117736816406,25.038175582885742,2755.513916015625
9,61584,9.579419136047363,17.571392059326172,0.3505494296550751,3.878535270690918,25.779773712158203,0.39768996834754944,0.4003056585788727,0.4078827500343323,0.43100589513778687,26.857412338256836,26.32434844970703,25.747507095336914,25.205320358276367,2496.798095703125
