month,pfaf_id,Rainf_tavg,Qair_f_tavg,Qs_tavg,Evap_tavg,Tair_f_tavg,SoilMoist_inst_lvl_0,SoilMoist_inst_lvl_1,SoilMoist_inst_lvl_2,SoilMoist_inst_lvl_3,SoilTemp_inst_lvl_0,SoilTemp_inst_lvl_1,SoilTemp_inst_lvl_2,SoilTemp_inst_lvl_3,Streamflow_tavg
4,62263,7.651373863220215,17.59258460998535,0.019517166540026665,3.596102237701416,25.920560836791992,0.3482288122177124,0.35223188996315,0.3626062870025635,0.3924989700317383,26.977506637573242,26.760812759399414,26.555620193481445,26.461841583251953,36246.23046875
5,62263,6.3872480392456055,17.502622604370117,0.013342117890715599,3.3984627723693848,25.808866500854492,0.3441610336303711,0.34813690185546875,0.3582319915294647,0.38657519221305847,26.60868263244629,26.43490219116211,26.28569221496582,26.2701358795166,30795.55078125
6,62263,4.361985683441162,16.677562713623047,0.006762469653040171,3.2361435890197754,25.529247283935547,0.3347223103046417,0.33847320079803467,0.3477097451686859,0.3723362684249878,25.922401428222656,25.814760208129883,25.794422149658203,25.938936233520508,20969.744140625
7,62263,3.336912155151367,15.883563995361328,0.003730860073119402,3.3141133785247803,25.498889923095703,0.32389768958091736,0.3266927897930145,0.3338271379470825,0.35284850001335144,25.576677322387695,25.392379760742188,25.281787872314453,25.460330963134766,13370.8076171875
8,62263,3.5718162059783936,16.448923110961914,0.005686964839696884,3.637781858444214,26.558170318603516,0.3172060549259186,0.31865447759628296,0.3229674994945526,0.3366444706916809,26.626895904541016,26.197572708129883,25.653051376342773,25.409969329833984,8181.8271484375
9,62263,4.015344142913818,16.76140022277832,0.0076407878659665585,4.03769588470459,27.748950958251953,0.31506964564323425,0.31532078981399536,0.31696903705596924,0.32627245783805847,27.918731689453125,27.303192138671875,26.555824279785156,26.02128028869629,5204.25146484375
