month,pfaf_id,Rainf_tavg,Qair_f_tavg,Qs_tavg,Evap_tavg,Tair_f_tavg,SoilMoist_inst_lvl_0,SoilMoist_inst_lvl_1,SoilMoist_inst_lvl_2,SoilMoist_inst_lvl_3,SoilTemp_inst_lvl_0,SoilTemp_inst_lvl_1,SoilTemp_inst_lvl_2,SoilTemp_inst_lvl_3,Streamflow_tavg
4,61566,6.049706935882568,16.110401153564453,0.05957439914345741,3.7004597187042236,25.04442024230957,0.36221805214881897,0.3640390932559967,0.3629801571369171,0.3646395802497864,26.996139526367188,26.526941299438477,27.109752655029297,27.706815719604492,193.12698364257812
5,61566,6.079310894012451,16.108495712280273,0.07308812439441681,3.5307559967041016,24.723169326782227,0.3732341527938843,0.37628379464149475,0.38062918186187744,0.3915671408176422,26.32258415222168,25.583269119262695,25.696796417236328,26.064449310302734,124.53094482421875
6,61566,6.103239059448242,16.138565063476562,0.05863197520375252,3.415642499923706,24.71239471435547,0.37926778197288513,0.3821640908718109,0.3881998062133789,0.40607041120529175,25.842987060546875,25.148059844970703,25.066038131713867,25.173303604125977,203.76123046875
7,61566,5.99069881439209,15.93030071258545,0.05494631826877594,3.3405768871307373,24.567581176757812,0.38094690442085266,0.3840946555137634,0.3913489580154419,0.4125076234340668,25.541879653930664,24.909076690673828,24.72891616821289,24.71216583251953,260.7984313964844
8,61566,5.791548728942871,15.993992805480957,0.05140882730484009,3.384493827819824,24.880952835083008,0.3802059590816498,0.38362765312194824,0.39180299639701843,0.41398581862449646,25.795015335083008,25.107982635498047,24.72768783569336,24.530006408691406,276.95465087890625
9,61566,5.639258861541748,16.25676727294922,0.05209091678261757,3.5324010848999023,25.319664001464844,0.37801024317741394,0.38154008984565735,0.3902171850204468,0.4121994078159332,26.360685348510742,25.592031478881836,25.051618576049805,24.66705322265625,262.2185363769531
