month,pfaf_id,Rainf_tavg,Qair_f_tavg,Qs_tavg,Evap_tavg,Tair_f_tavg,SoilMoist_inst_lvl_0,SoilMoist_inst_lvl_1,SoilMoist_inst_lvl_2,SoilMoist_inst_lvl_3,SoilTemp_inst_lvl_0,SoilTemp_inst_lvl_1,SoilTemp_inst_lvl_2,SoilTemp_inst_lvl_3,Streamflow_tavg
4,64291,3.447462320327759,15.012636184692383,0.028194095939397812,2.467928171157837,23.487220764160156,0.2790358364582062,0.28856146335601807,0.2956251800060272,0.3206494152545929,24.10379981994629,25.374225616455078,25.259180068969727,25.39068031311035,2224.66845703125
5,64291,1.9080018997192383,12.29939079284668,0.009717107750475407,1.8836690187454224,21.94086456298828,0.2628774642944336,0.2801494598388672,0.2914208471775055,0.3168586194515228,21.93759536743164,23.385351181030273,23.465238571166992,23.98081398010254,1429.7628173828125
6,64291,1.3282568454742432,10.53838062286377,0.004690781235694885,1.5551385879516602,20.996816635131836,0.2476387619972229,0.2718351185321808,0.2840423882007599,0.30848821997642517,20.571060180664062,22.044193267822266,21.975265502929688,22.533721923828125,702.3484497070312
7,64291,1.0949733257293701,9.46652603149414,0.0026003271341323853,1.3630245923995972,21.509126663208008,0.2262285202741623,0.2626306414604187,0.27598217129707336,0.30002734065055847,20.804298400878906,22.281558990478516,21.648283004760742,21.770917892456055,363.3971862792969
8,64291,0.9782322645187378,9.224419593811035,0.003925652243196964,1.2833950519561768,23.84087562561035,0.20213773846626282,0.25673729181289673,0.2696459889411926,0.29275599122047424,23.271991729736328,24.61042594909668,23.108057022094727,22.405649185180664,206.73106384277344
9,64291,1.596222162246704,10.25896167755127,0.008786700665950775,1.5808236598968506,25.884521484375,0.19937750697135925,0.25482282042503357,0.26482295989990234,0.2868938744068146,25.985897064208984,27.348194122314453,25.55035972595215,24.298959732055664,137.30328369140625
