month,pfaf_id,Rainf_tavg,Qair_f_tavg,Qs_tavg,Evap_tavg,Tair_f_tavg,SoilMoist_inst_lvl_0,SoilMoist_inst_lvl_1,SoilMoist_inst_lvl_2,SoilMoist_inst_lvl_3,SoilTemp_inst_lvl_0,SoilTemp_inst_lvl_1,SoilTemp_inst_lvl_2,SoilTemp_inst_lvl_3,Streamflow_tavg
4,62288,9.280200004577637,17.650245666503906,0.11076720803976059,3.571432113647461,24.774263381958008,0.3584611713886261,0.36059266328811646,0.36491256952285767,0.3819604516029358,26.516586303710938,26.155927658081055,26.027416229248047,26.014358520507812,4008.03515625
5,62288,9.48298454284668,17.688152313232422,0.11588845402002335,3.4969353675842285,24.738489151000977,0.36199140548706055,0.3650452196598053,0.37267735600471497,0.3983771800994873,26.395217895507812,25.953702926635742,25.749177932739258,25.719146728515625,6469.86376953125
6,62288,9.299860000610352,17.708038330078125,0.05891568958759308,3.4635186195373535,24.790788650512695,0.36255761981010437,0.36551398038864136,0.37365177273750305,0.4011850357055664,26.333324432373047,25.902408599853516,25.64830207824707,25.564617156982422,8286.7236328125
7,62288,9.183080673217773,17.619083404541016,0.05485615134239197,3.398477792739868,24.742141723632812,0.3621963858604431,0.36533892154693604,0.3737700879573822,0.40156224370002747,26.165714263916016,25.805978775024414,25.564165115356445,25.483007431030273,8461.724609375
8,62288,8.832147598266602,17.634483337402344,0.06495676189661026,3.5076186656951904,25.035749435424805,0.36093056201934814,0.36428093910217285,0.3727342188358307,0.40008676052093506,26.36170196533203,25.94988250732422,25.610965728759766,25.455862045288086,8304.7685546875
9,62288,8.547947883605957,17.77783203125,0.05916840583086014,3.701925277709961,25.492341995239258,0.36000850796699524,0.3631146550178528,0.3712523579597473,0.3977762460708618,26.82077980041504,26.32996940612793,25.889890670776367,25.616003036499023,7666.98095703125
