month,pfaf_id,Rainf_tavg,Qair_f_tavg,Qs_tavg,Evap_tavg,Tair_f_tavg,SoilMoist_inst_lvl_0,SoilMoist_inst_lvl_1,SoilMoist_inst_lvl_2,SoilMoist_inst_lvl_3,SoilTemp_inst_lvl_0,SoilTemp_inst_lvl_1,SoilTemp_inst_lvl_2,SoilTemp_inst_lvl_3,Streamflow_tavg
4,62452,7.0214643478393555,17.4504451751709,0.07560877501964569,3.3978137969970703,25.165769577026367,0.31557130813598633,0.31671807169914246,0.3243517577648163,0.36150869727134705,25.766809463500977,26.526552200317383,26.27193260192871,26.2934513092041,8994.234375
5,62452,5.066147327423096,17.13755989074707,0.041323624551296234,3.094038724899292,24.999853134155273,0.3056090176105499,0.30970653891563416,0.3198269307613373,0.35781800746917725,25.571121215820312,26.425973892211914,26.059188842773438,26.055078506469727,7210.0380859375
6,62452,2.127685070037842,15.366891860961914,0.011279960162937641,2.456348180770874,24.65843391418457,0.2755628526210785,0.28671765327453613,0.3014776110649109,0.3379298448562622,25.000944137573242,26.152978897094727,25.775711059570312,25.8546199798584,3960.78515625
7,62452,0.9446994662284851,13.103804588317871,0.002111536217853427,1.8699673414230347,24.711345672607422,0.22785420715808868,0.26239582896232605,0.2796173393726349,0.3129580616950989,25.16219139099121,26.53785514831543,25.816747665405273,25.713455200195312,1460.7120361328125
8,62452,0.7665607333183289,11.785189628601074,0.0014341379282996058,1.538126826286316,25.953662872314453,0.18622413277626038,0.24766266345977783,0.2645544707775116,0.2945770025253296,26.90352439880371,28.206205368041992,26.922550201416016,26.273468017578125,663.5263671875
9,62452,1.7386451959609985,12.593811988830566,0.008594962768256664,1.875156044960022,27.85215950012207,0.18570086359977722,0.24087081849575043,0.2524580955505371,0.2801831364631653,29.139461517333984,30.203487396240234,28.713171005249023,27.648677825927734,385.9758605957031
