month,pfaf_id,Rainf_tavg,Qair_f_tavg,Qs_tavg,Evap_tavg,Tair_f_tavg,SoilMoist_inst_lvl_0,SoilMoist_inst_lvl_1,SoilMoist_inst_lvl_2,SoilMoist_inst_lvl_3,SoilTemp_inst_lvl_0,SoilTemp_inst_lvl_1,SoilTemp_inst_lvl_2,SoilTemp_inst_lvl_3,Streamflow_tavg
4,67102,0.33967891335487366,10.89971923828125,0.0011360079515725374,0.7968056201934814,17.570274353027344,0.19503547251224518,0.21786607801914215,0.22029279172420502,0.22849781811237335,21.123674392700195,19.889080047607422,17.674314498901367,15.574774742126465,7.114653587341309
5,67102,0.13617165386676788,9.14896011352539,6.984726496739313e-05,0.4187081754207611,16.586130142211914,0.17336177825927734,0.20783337950706482,0.21400561928749084,0.22592973709106445,19.272602081298828,18.791492462158203,17.575252532958984,16.25971794128418,4.166277885437012
6,67102,0.11345795542001724,7.919375896453857,0.0003068254445679486,0.2757519483566284,15.766456604003906,0.15815523266792297,0.20506414771080017,0.2107708901166916,0.22293628752231598,17.994348526000977,17.32030487060547,16.371431350708008,15.550056457519531,2.8824615478515625
7,67102,0.09198591113090515,7.493154525756836,4.514417378231883e-05,0.22519734501838684,15.606058120727539,0.14743484556674957,0.20419171452522278,0.20897382497787476,0.22054781019687653,17.831716537475586,16.86094093322754,15.76172924041748,14.817672729492188,2.127164840698242
8,67102,0.08879276365041733,7.413179397583008,4.760200681630522e-05,0.20953011512756348,15.987936973571777,0.13548363745212555,0.20346620678901672,0.20756685733795166,0.21861572563648224,19.30423927307129,17.46388816833496,15.931803703308105,14.594942092895508,1.6867746114730835
9,67102,0.10379797965288162,7.765031337738037,5.38855092599988e-05,0.24859970808029175,16.653406143188477,0.12346707284450531,0.20201216638088226,0.20582221448421478,0.21705836057662964,21.47319221496582,18.8842830657959,17.046567916870117,15.237740516662598,1.4188910722732544
