month,pfaf_id,Rainf_tavg,Qair_f_tavg,Qs_tavg,Evap_tavg,Tair_f_tavg,SoilMoist_inst_lvl_0,SoilMoist_inst_lvl_1,SoilMoist_inst_lvl_2,SoilMoist_inst_lvl_3,SoilTemp_inst_lvl_0,SoilTemp_inst_lvl_1,SoilTemp_inst_lvl_2,SoilTemp_inst_lvl_3,Streamflow_tavg
4,62457,6.554360389709473,17.563940048217773,0.12108966708183289,3.5806679725646973,25.121185302734375,0.37191444635391235,0.37352675199508667,0.3798653185367584,0.4029024541378021,26.001781463623047,26.320268630981445,26.223251342773438,26.315170288085938,7602.87060546875
5,62457,4.600422382354736,17.131689071655273,0.05141035094857216,3.389617443084717,24.892873764038086,0.36558786034584045,0.3684767186641693,0.37666332721710205,0.4009706974029541,25.623981475830078,25.9685115814209,25.860605239868164,26.007822036743164,5870.22021484375
6,62457,2.184567928314209,15.688879013061523,0.014749676920473576,3.0878701210021973,24.467470169067383,0.3416885435581207,0.34827080368995667,0.3578992486000061,0.37875503301620483,24.87273406982422,25.406414031982422,25.3415584564209,25.624248504638672,3036.876708984375
7,62457,1.1911195516586304,13.561637878417969,0.0043365852907299995,2.8482108116149902,24.647296905517578,0.29504698514938354,0.3234631419181824,0.33333078026771545,0.3499089777469635,24.978870391845703,25.656856536865234,25.215917587280273,25.3054256439209,1096.758544921875
8,62457,0.8573587536811829,11.6359224319458,0.002509497804567218,2.565439462661743,26.10692596435547,0.23467831313610077,0.2984809875488281,0.3086363673210144,0.32216620445251465,26.906352996826172,27.460220336914062,26.287494659423828,25.722434997558594,498.32684326171875
9,62457,1.743530035018921,12.149031639099121,0.015891872346401215,2.6165754795074463,28.118499755859375,0.2177351862192154,0.28095880150794983,0.2860586643218994,0.2971889078617096,29.52338409423828,29.90147590637207,28.366741180419922,27.17162322998047,294.01165771484375
