month,pfaf_id,Rainf_tavg,Qair_f_tavg,Qs_tavg,Evap_tavg,Tair_f_tavg,SoilMoist_inst_lvl_0,SoilMoist_inst_lvl_1,SoilMoist_inst_lvl_2,SoilMoist_inst_lvl_3,SoilTemp_inst_lvl_0,SoilTemp_inst_lvl_1,SoilTemp_inst_lvl_2,SoilTemp_inst_lvl_3,Streamflow_tavg
4,62270,8.09923267364502,17.5670166015625,0.22166845202445984,3.3378264904022217,26.147964477539062,0.37132734060287476,0.374388724565506,0.38339293003082275,0.41080763936042786,26.957515716552734,26.91157341003418,26.730714797973633,26.632204055786133,99269.671875
5,62270,7.4083147048950195,17.981428146362305,0.1004059910774231,3.22045636177063,26.19317626953125,0.369682252407074,0.37252965569496155,0.3811170160770416,0.407563179731369,26.949617385864258,26.846433639526367,26.58984375,26.46744728088379,97620.9296875
6,62270,5.239307880401611,17.988142013549805,0.03152474761009216,3.074965000152588,26.119882583618164,0.36290284991264343,0.3659258782863617,0.37462830543518066,0.3993144631385803,26.772560119628906,26.70328712463379,26.478683471679688,26.371807098388672,92246.140625
7,62270,3.784271001815796,17.45467758178711,0.014842573553323746,3.0906624794006348,26.13897132873535,0.35344234108924866,0.3563815951347351,0.3640887141227722,0.38474714756011963,26.52022361755371,26.47381019592285,26.261436462402344,26.211692810058594,82654.2265625
8,62270,3.744843006134033,17.254812240600586,0.017026200890541077,3.4441940784454346,27.50241470336914,0.3466304838657379,0.34856337308883667,0.35376203060150146,0.3690602481365204,27.289777755737305,27.064123153686523,26.528772354125977,26.212907791137695,71521.34375
9,62270,4.396758556365967,17.588623046875,0.03643815219402313,3.731980800628662,28.459619522094727,0.34606224298477173,0.3468196392059326,0.3498292565345764,0.36148887872695923,28.188501358032227,27.90640640258789,27.22563934326172,26.67884635925293,60035.67578125
