month,pfaf_id,Rainf_tavg,Qair_f_tavg,Qs_tavg,Evap_tavg,Tair_f_tavg,SoilMoist_inst_lvl_0,SoilMoist_inst_lvl_1,SoilMoist_inst_lvl_2,SoilMoist_inst_lvl_3,SoilTemp_inst_lvl_0,SoilTemp_inst_lvl_1,SoilTemp_inst_lvl_2,SoilTemp_inst_lvl_3,Streamflow_tavg
4,62456,6.806805610656738,17.26923370361328,0.0739860087633133,3.449535369873047,24.763286590576172,0.33117276430130005,0.3335033059120178,0.3415164649486542,0.37463024258613586,25.45633316040039,25.993661880493164,25.901432037353516,26.03703498840332,7797.5087890625
5,62456,4.782961845397949,16.90372657775879,0.028571361675858498,3.1727206707000732,24.5674991607666,0.3225676417350769,0.326475590467453,0.3362147808074951,0.3697482645511627,25.14964485168457,25.711639404296875,25.51600456237793,25.645431518554688,6084.13916015625
6,62456,1.9891566038131714,15.281693458557129,0.0067974720150232315,2.7062652111053467,24.154069900512695,0.2960570454597473,0.3043183386325836,0.31674569845199585,0.34703221917152405,24.475730895996094,25.27623748779297,25.079450607299805,25.29944610595703,3151.516845703125
7,62456,0.88579922914505,12.891264915466309,0.0014945289585739374,2.4474058151245117,24.428064346313477,0.2524729073047638,0.27659136056900024,0.2909344434738159,0.31675291061401367,24.621007919311523,25.589632034301758,25.020570755004883,25.045560836791992,1136.7713623046875
8,62456,0.720404863357544,11.257019996643066,0.001067408244125545,2.2333312034606934,26.033802032470703,0.20249810814857483,0.2518763542175293,0.26682671904563904,0.2890879213809967,26.535181045532227,27.37679672241211,26.140396118164062,25.55823516845703,513.9298706054688
9,62456,1.7275084257125854,11.946186065673828,0.008776581846177578,2.359872341156006,27.748027801513672,0.19295068085193634,0.23834554851055145,0.24646888673305511,0.2656800150871277,28.92328453063965,29.61227798461914,28.127222061157227,27.035242080688477,302.6070861816406
