month,pfaf_id,Rainf_tavg,Qair_f_tavg,Qs_tavg,Evap_tavg,Tair_f_tavg,SoilMoist_inst_lvl_0,SoilMoist_inst_lvl_1,SoilMoist_inst_lvl_2,SoilMoist_inst_lvl_3,SoilTemp_inst_lvl_0,SoilTemp_inst_lvl_1,SoilTemp_inst_lvl_2,SoilTemp_inst_lvl_3,Streamflow_tavg
4,62302,8.924029350280762,17.966230392456055,0.1788676381111145,3.4083597660064697,25.783077239990234,0.36552563309669495,0.36757221817970276,0.3769490420818329,0.4069945514202118,26.56641387939453,26.719945907592773,26.496822357177734,26.39668083190918,371.48193359375
5,62302,7.97254753112793,18.1784610748291,0.12064436078071594,3.274411678314209,25.935108184814453,0.3621924817562103,0.3645317256450653,0.37365779280662537,0.4021679759025574,26.560455322265625,26.667001724243164,26.4338436126709,26.34016990661621,366.5801086425781
6,62302,5.4480743408203125,18.026779174804688,0.03998776152729988,3.19435977935791,25.930957794189453,0.35342445969581604,0.35626789927482605,0.3655659258365631,0.39180222153663635,26.365615844726562,26.50860023498535,26.330604553222656,26.280433654785156,312.3641052246094
7,62302,3.5825448036193848,17.5152587890625,0.01172733400017023,3.2457334995269775,25.856121063232422,0.33998268842697144,0.34272268414497375,0.3505353629589081,0.3711535632610321,26.025022506713867,26.20996856689453,26.073108673095703,26.107975006103516,196.35093688964844
8,62302,3.405594825744629,17.53333282470703,0.009115532971918583,3.5131375789642334,26.511398315429688,0.3316325545310974,0.3334157168865204,0.3382783532142639,0.3525817096233368,26.438756942749023,26.532716751098633,26.170164108276367,26.026832580566406,101.75035095214844
9,62302,2.82938814163208,17.26348304748535,0.005384857300668955,3.785400390625,27.373620986938477,0.3186746835708618,0.3201896846294403,0.3233148753643036,0.3330859839916229,27.0616397857666,27.139484405517578,26.625715255737305,26.298145294189453,54.98518753051758
