month,pfaf_id,Rainf_tavg,Qair_f_tavg,Qs_tavg,Evap_tavg,Tair_f_tavg,SoilMoist_inst_lvl_0,SoilMoist_inst_lvl_1,SoilMoist_inst_lvl_2,SoilMoist_inst_lvl_3,SoilTemp_inst_lvl_0,SoilTemp_inst_lvl_1,SoilTemp_inst_lvl_2,SoilTemp_inst_lvl_3,Streamflow_tavg
4,62235,7.0182061195373535,17.262481689453125,0.16145797073841095,3.393383026123047,25.515718460083008,0.37413352727890015,0.37394410371780396,0.3748764991760254,0.37687787413597107,26.056020736694336,25.988441467285156,25.745718002319336,25.633201599121094,192851.46875
5,62235,6.338000297546387,17.608484268188477,0.11634594202041626,3.2724921703338623,25.714706420898438,0.37542590498924255,0.3764667510986328,0.3805355429649353,0.3929060697555542,26.135263442993164,26.037748336791992,25.761180877685547,25.60593605041504,175009.453125
6,62235,4.428986549377441,17.37116050720215,0.04044348746538162,3.180164098739624,25.614181518554688,0.36974239349365234,0.3719216287136078,0.3779298663139343,0.39418259263038635,25.897781372070312,25.874065399169922,25.68167495727539,25.586721420288086,151166.28125
7,62235,3.0667591094970703,16.769407272338867,0.017442766577005386,3.19335675239563,25.582075119018555,0.35816189646720886,0.3605858385562897,0.3661021292209625,0.3799537420272827,25.60873031616211,25.625917434692383,25.44805145263672,25.431602478027344,121140.0859375
8,62235,2.37613844871521,16.658483505249023,0.00860176607966423,3.465503692626953,26.536046981811523,0.34231695532798767,0.3450733721256256,0.3490980267524719,0.3588021695613861,26.299055099487305,26.174297332763672,25.68155860900879,25.41998863220215,94640.2265625
9,62235,2.2865419387817383,16.5001220703125,0.00952827837318182,3.6950337886810303,27.672645568847656,0.32247957587242126,0.32583877444267273,0.32731306552886963,0.3323105573654175,27.292081832885742,27.09382438659668,26.39337158203125,25.863557815551758,74855.3828125
