month,pfaf_id,Rainf_tavg,Qair_f_tavg,Qs_tavg,Evap_tavg,Tair_f_tavg,SoilMoist_inst_lvl_0,SoilMoist_inst_lvl_1,SoilMoist_inst_lvl_2,SoilMoist_inst_lvl_3,SoilTemp_inst_lvl_0,SoilTemp_inst_lvl_1,SoilTemp_inst_lvl_2,SoilTemp_inst_lvl_3,Streamflow_tavg
4,62498,4.424139022827148,15.695996284484863,0.011759256012737751,3.087800979614258,24.01888656616211,0.28365713357925415,0.2886609435081482,0.3016173839569092,0.3383180797100067,24.386417388916016,25.299373626708984,25.005390167236328,24.988975524902344,894.7241821289062
5,62498,1.968979835510254,12.891371726989746,0.0029948633164167404,2.3633599281311035,22.91642951965332,0.2534022629261017,0.26585474610328674,0.28373831510543823,0.31900426745414734,23.146663665771484,24.352231979370117,24.070453643798828,24.236902236938477,529.2608642578125
6,62498,0.9214950799942017,10.590140342712402,0.0007485259557142854,1.640946865081787,22.216012954711914,0.22194430232048035,0.24595370888710022,0.2672754228115082,0.2995295822620392,22.293758392333984,23.669816970825195,23.238595962524414,23.43414878845215,237.4246826171875
7,62498,0.7390064001083374,9.292407989501953,0.0004833212005905807,1.2959522008895874,22.620302200317383,0.19484174251556396,0.23285630345344543,0.2547444999217987,0.2844221591949463,22.73712921142578,24.166006088256836,23.263782501220703,23.109460830688477,119.1602783203125
8,62498,0.7292301654815674,8.846463203430176,0.0005093491054140031,1.1989202499389648,24.621726989746094,0.17097456753253937,0.22728776931762695,0.24629168212413788,0.2733285427093506,24.762218475341797,26.11326789855957,24.611244201660156,23.841115951538086,68.97452545166016
9,62498,1.5600173473358154,10.259849548339844,0.0027783247642219067,1.6365275382995605,26.911521911621094,0.17512431740760803,0.22616493701934814,0.2398185282945633,0.2648988962173462,27.485828399658203,28.572755813598633,26.739158630371094,25.473670959472656,45.20214080810547
