month,pfaf_id,Rainf_tavg,Qair_f_tavg,Qs_tavg,Evap_tavg,Tair_f_tavg,SoilMoist_inst_lvl_0,SoilMoist_inst_lvl_1,SoilMoist_inst_lvl_2,SoilMoist_inst_lvl_3,SoilTemp_inst_lvl_0,SoilTemp_inst_lvl_1,SoilTemp_inst_lvl_2,SoilTemp_inst_lvl_3,Streamflow_tavg
4,62221,6.436755657196045,16.909311294555664,0.08056282252073288,3.6461009979248047,25.0786190032959,0.38475456833839417,0.38711878657341003,0.39395925402641296,0.41387444734573364,25.836545944213867,25.880502700805664,25.73343276977539,25.718793869018555,216376.28125
5,62221,5.759700298309326,17.199506759643555,0.05330510810017586,3.47731614112854,25.22806739807129,0.3835454285144806,0.38622772693634033,0.39362722635269165,0.414389044046402,25.825849533081055,25.81561851501465,25.61408042907715,25.580591201782227,195132.140625
6,62221,3.598374605178833,16.707780838012695,0.019015247002243996,3.3211565017700195,25.044269561767578,0.3730088472366333,0.37598684430122375,0.3833414316177368,0.4018976092338562,25.381418228149414,25.458715438842773,25.373241424560547,25.44247055053711,167890.171875
7,62221,2.5515389442443848,16.03458595275879,0.011833162046968937,3.3484134674072266,24.94078826904297,0.35766342282295227,0.36059221625328064,0.3660854697227478,0.3790092468261719,25.088260650634766,25.19954490661621,25.06749153137207,25.17591094970703,130523.359375
8,62221,2.3978517055511475,15.743525505065918,0.010280000045895576,3.67635178565979,25.896512985229492,0.3379043936729431,0.342837393283844,0.3465752899646759,0.35482993721961975,25.918149948120117,25.88193130493164,25.355009078979492,25.148374557495117,98619.9765625
9,62221,3.1213226318359375,16.186006546020508,0.018942374736070633,3.893990993499756,26.870656967163086,0.3278932571411133,0.32987692952156067,0.327791690826416,0.32995346188545227,27.053443908691406,26.93830680847168,26.209386825561523,25.68695831298828,76768.0078125
