month,pfaf_id,Rainf_tavg,Qair_f_tavg,Qs_tavg,Evap_tavg,Tair_f_tavg,SoilMoist_inst_lvl_0,SoilMoist_inst_lvl_1,SoilMoist_inst_lvl_2,SoilMoist_inst_lvl_3,SoilTemp_inst_lvl_0,SoilTemp_inst_lvl_1,SoilTemp_inst_lvl_2,SoilTemp_inst_lvl_3,Streamflow_tavg
4,67208,11.725539207458496,17.659687042236328,0.8210542798042297,3.3188602924346924,25.009313583374023,0.3834686577320099,0.38633859157562256,0.3946077525615692,0.4209391474723816,25.94710922241211,25.10913848876953,24.411203384399414,23.794641494750977,1284.6168212890625
5,67208,15.267745971679688,18.106624603271484,1.988041877746582,3.399169921875,25.176828384399414,0.3918214440345764,0.3951505422592163,0.4041839838027954,0.43094322085380554,26.172149658203125,25.46641731262207,24.913455963134766,24.29874038696289,1826.897705078125
6,67208,16.405221939086914,18.33644676208496,2.372488498687744,3.5376932621002197,25.24791717529297,0.39507901668548584,0.3985101580619812,0.4075665771961212,0.43408894538879395,26.204681396484375,25.575571060180664,25.100990295410156,24.581357955932617,2246.703125
7,67208,15.434064865112305,18.385343551635742,1.7966896295547485,3.668724536895752,25.38214111328125,0.3941383361816406,0.39751023054122925,0.40660709142684937,0.43311604857444763,26.2235050201416,25.672351837158203,25.244714736938477,24.75326919555664,2089.537109375
8,67208,15.768655776977539,18.310152053833008,1.9514704942703247,3.6704320907592773,25.341047286987305,0.3946191370487213,0.3978187143802643,0.40683794021606445,0.43338969349861145,26.230972290039062,25.70948028564453,25.296207427978516,24.83431625366211,2085.04296875
9,67208,16.677316665649414,18.357358932495117,2.4550297260284424,3.5722496509552,25.295745849609375,0.3966977000236511,0.3995409309864044,0.4081995189189911,0.4343966841697693,26.25942039489746,25.737699508666992,25.336502075195312,24.884998321533203,2241.37890625
