month,pfaf_id,Rainf_tavg,Qair_f_tavg,Qs_tavg,Evap_tavg,Tair_f_tavg,SoilMoist_inst_lvl_0,SoilMoist_inst_lvl_1,SoilMoist_inst_lvl_2,SoilMoist_inst_lvl_3,SoilTemp_inst_lvl_0,SoilTemp_inst_lvl_1,SoilTemp_inst_lvl_2,SoilTemp_inst_lvl_3,Streamflow_tavg
4,62253,7.0178751945495605,17.166757583618164,0.14417698979377747,3.5544192790985107,26.156572341918945,0.37085285782814026,0.3744024634361267,0.3839927613735199,0.4114331305027008,27.230276107788086,27.27048683166504,27.070566177368164,26.978721618652344,161042.28125
5,62253,6.264259338378906,17.538068771362305,0.088497094810009,3.3896219730377197,26.235774993896484,0.3670709729194641,0.37004348635673523,0.37821081280708313,0.4020884037017822,27.20075035095215,27.17273712158203,26.89751434326172,26.79236602783203,150686.921875
6,62253,4.285449981689453,17.490066528320312,0.02786414884030819,3.2659413814544678,26.139345169067383,0.3583536446094513,0.361870139837265,0.3701435625553131,0.39198586344718933,26.951885223388672,26.981273651123047,26.748470306396484,26.667978286743164,132688.796875
7,62253,2.8980417251586914,16.957731246948242,0.008968168869614601,3.261414051055908,26.127023696899414,0.3444744944572449,0.3481447994709015,0.3554975986480713,0.3728969693183899,26.722488403320312,26.784080505371094,26.528398513793945,26.484710693359375,110111.7109375
8,62253,2.7902021408081055,16.929485321044922,0.0073501914739608765,3.559896469116211,27.475505828857422,0.3311598002910614,0.33389395475387573,0.3384057581424713,0.3498743772506714,27.608291625976562,27.50516128540039,26.87759780883789,26.52516746520996,88749.2734375
9,62253,3.4423112869262695,17.15032386779785,0.014792156405746937,3.792994499206543,28.718708038330078,0.32645219564437866,0.3271573483943939,0.3271964490413666,0.3318783640861511,28.685075759887695,28.515607833862305,27.717979431152344,27.094148635864258,71193.25
