month,pfaf_id,Rainf_tavg,Qair_f_tavg,Qs_tavg,Evap_tavg,Tair_f_tavg,SoilMoist_inst_lvl_0,SoilMoist_inst_lvl_1,SoilMoist_inst_lvl_2,SoilMoist_inst_lvl_3,SoilTemp_inst_lvl_0,SoilTemp_inst_lvl_1,SoilTemp_inst_lvl_2,SoilTemp_inst_lvl_3,Streamflow_tavg
4,62223,7.097899436950684,16.886472702026367,0.12545447051525116,3.616257667541504,24.886945724487305,0.4157671332359314,0.41696736216545105,0.42111051082611084,0.43414419889450073,25.61414909362793,25.560190200805664,25.437795639038086,25.408580780029297,12808.8759765625
5,62223,6.1361284255981445,17.050100326538086,0.0661006048321724,3.4448606967926025,24.95195960998535,0.41674333810806274,0.4189095199108124,0.4252837002277374,0.4428024888038635,25.52948760986328,25.42972755432129,25.277759552001953,25.264753341674805,11268.75
6,62223,3.5595052242279053,16.430845260620117,0.026643045246601105,3.272641897201538,24.74404525756836,0.40611502528190613,0.40857404470443726,0.41468629240989685,0.42962977290153503,24.999736785888672,24.98540687561035,24.967348098754883,25.083248138427734,7457.97998046875
7,62223,2.2489724159240723,15.36080265045166,0.01589115895330906,3.3316617012023926,24.723987579345703,0.3867005407810211,0.3914780020713806,0.3959602415561676,0.4056171774864197,24.696138381958008,24.700199127197266,24.61436653137207,24.767101287841797,3240.510498046875
8,62223,1.9185703992843628,14.19302749633789,0.014210900291800499,3.680043935775757,26.12009048461914,0.35486501455307007,0.36687034368515015,0.37047824263572693,0.3765930235385895,25.67189598083496,25.471223831176758,24.918716430664062,24.71061134338379,1071.532958984375
9,62223,3.6102676391601562,15.371071815490723,0.03716502711176872,3.920621633529663,26.913442611694336,0.3529692590236664,0.3567604720592499,0.35056421160697937,0.3485991656780243,26.919532775878906,26.629337310791016,25.88184356689453,25.301557540893555,456.71630859375
