month,pfaf_id,Rainf_tavg,Qair_f_tavg,Qs_tavg,Evap_tavg,Tair_f_tavg,SoilMoist_inst_lvl_0,SoilMoist_inst_lvl_1,SoilMoist_inst_lvl_2,SoilMoist_inst_lvl_3,SoilTemp_inst_lvl_0,SoilTemp_inst_lvl_1,SoilTemp_inst_lvl_2,SoilTemp_inst_lvl_3,Streamflow_tavg
4,62493,4.079843997955322,17.108186721801758,0.05492379888892174,3.5343222618103027,25.400808334350586,0.3506675064563751,0.35516297817230225,0.3633573353290558,0.3808870017528534,25.820499420166016,26.382692337036133,26.23678970336914,26.331716537475586,2386.28173828125
5,62493,1.6403175592422485,14.565644264221191,0.00973215140402317,2.9703335762023926,25.110336303710938,0.3047464191913605,0.3314672112464905,0.34497228264808655,0.36329370737075806,25.157514572143555,25.870973587036133,25.673887252807617,25.871315002441406,1838.4046630859375
6,62493,0.7636663317680359,11.076452255249023,0.001471740659326315,1.5861501693725586,25.32994270324707,0.22572319209575653,0.3178250193595886,0.3283274173736572,0.34304991364479065,25.487743377685547,26.401123046875,25.75771713256836,25.650503158569336,789.7171020507812
7,62493,0.735478937625885,9.326716423034668,0.0013510402059182525,1.2095420360565186,26.025575637817383,0.19661247730255127,0.3126360774040222,0.31996211409568787,0.3317345082759857,26.428014755249023,27.35098648071289,26.39435386657715,25.96632194519043,346.9634094238281
8,62493,0.7382004857063293,8.579939842224121,0.0018529676599428058,1.1753617525100708,27.98422622680664,0.18493717908859253,0.3073768615722656,0.3130589425563812,0.3235413134098053,28.388032913208008,29.164846420288086,27.75568962097168,26.872417449951172,183.49534606933594
9,62493,1.637940764427185,10.318273544311523,0.0148475905880332,1.7546533346176147,29.96800994873047,0.20149333775043488,0.30183589458465576,0.3062686026096344,0.3165991008281708,30.491973876953125,31.223369598388672,29.644245147705078,28.362823486328125,118.76734924316406
