month,pfaf_id,Rainf_tavg,Qair_f_tavg,Qs_tavg,Evap_tavg,Tair_f_tavg,SoilMoist_inst_lvl_0,SoilMoist_inst_lvl_1,SoilMoist_inst_lvl_2,SoilMoist_inst_lvl_3,SoilTemp_inst_lvl_0,SoilTemp_inst_lvl_1,SoilTemp_inst_lvl_2,SoilTemp_inst_lvl_3,Streamflow_tavg
4,62285,7.38631010055542,17.63668441772461,0.12632502615451813,3.5582659244537354,25.638004302978516,0.35200783610343933,0.3537902235984802,0.3567197918891907,0.3669414222240448,27.047077178955078,26.869037628173828,26.82723617553711,26.886598587036133,12161.9306640625
5,62285,7.557568073272705,17.74077796936035,0.20517806708812714,3.4864513874053955,25.70581817626953,0.35795313119888306,0.36117029190063477,0.3683421015739441,0.38953712582588196,26.94763946533203,26.648303985595703,26.491016387939453,26.512651443481445,14341.3896484375
6,62285,6.932230472564697,17.798656463623047,0.10526629537343979,3.4337565898895264,25.759971618652344,0.35871437191963196,0.3624403774738312,0.371157169342041,0.39592626690864563,26.80835723876953,26.53778076171875,26.348493576049805,26.318679809570312,20230.236328125
7,62285,6.162910461425781,17.66330337524414,0.04018388316035271,3.3668558597564697,25.68338966369629,0.35631170868873596,0.35996344685554504,0.3687264025211334,0.3934329152107239,26.559778213500977,26.339168548583984,26.171133041381836,26.16891098022461,22876.3125
8,62285,5.786594390869141,17.694808959960938,0.02139907516539097,3.5306992530822754,26.27582359313965,0.3542434275150299,0.3576260209083557,0.3659905195236206,0.38960686326026917,26.928417205810547,26.594114303588867,26.249143600463867,26.108535766601562,23744.12109375
9,62285,5.625135898590088,17.83486557006836,0.017810333520174026,3.7710089683532715,26.982023239135742,0.35219794511795044,0.35528188943862915,0.3629014790058136,0.38488349318504333,27.57353401184082,27.14055633544922,26.64995765686035,26.334470748901367,22255.009765625
