month,pfaf_id,Rainf_tavg,Qair_f_tavg,Qs_tavg,Evap_tavg,Tair_f_tavg,SoilMoist_inst_lvl_0,SoilMoist_inst_lvl_1,SoilMoist_inst_lvl_2,SoilMoist_inst_lvl_3,SoilTemp_inst_lvl_0,SoilTemp_inst_lvl_1,SoilTemp_inst_lvl_2,SoilTemp_inst_lvl_3,Streamflow_tavg
4,67201,5.190060615539551,14.863490104675293,0.3141315281391144,2.550870895385742,21.883575439453125,0.3112352788448334,0.31706711649894714,0.3136921525001526,0.30278530716896057,23.947452545166016,22.850175857543945,21.814170837402344,20.98027992248535,993.0997924804688
5,67201,2.082529067993164,13.823208808898926,0.05119764059782028,2.232839822769165,21.8159122467041,0.2803933322429657,0.29515373706817627,0.2992006242275238,0.30107536911964417,24.456308364868164,23.345861434936523,22.476612091064453,21.683107376098633,909.607421875
6,67201,0.8347105383872986,12.738815307617188,0.006759352050721645,1.7921762466430664,21.66153335571289,0.24367357790470123,0.27094531059265137,0.27852562069892883,0.2851119041442871,24.78496742248535,23.57086944580078,22.749704360961914,22.063392639160156,540.1301879882812
7,67201,0.5054323673248291,11.777531623840332,0.0013490794226527214,1.460437297821045,21.69368553161621,0.2080996036529541,0.2519237697124481,0.2602492868900299,0.26898670196533203,25.422481536865234,23.933326721191406,23.018171310424805,22.294788360595703,259.1916198730469
8,67201,0.4368818402290344,11.360129356384277,0.0008046611910685897,1.244398593902588,21.986299514770508,0.18228499591350555,0.23765595257282257,0.24520452320575714,0.25512221455574036,26.490219116210938,24.664873123168945,23.564464569091797,22.655832290649414,102.49964904785156
9,67201,0.5846653580665588,11.511012077331543,0.0015586656518280506,1.215207576751709,22.372039794921875,0.17152144014835358,0.2263895720243454,0.23281243443489075,0.2439308762550354,27.644786834716797,25.502058029174805,24.289335250854492,23.211349487304688,46.58829879760742
