month,pfaf_id,Rainf_tavg,Qair_f_tavg,Qs_tavg,Evap_tavg,Tair_f_tavg,SoilMoist_inst_lvl_0,SoilMoist_inst_lvl_1,SoilMoist_inst_lvl_2,SoilMoist_inst_lvl_3,SoilTemp_inst_lvl_0,SoilTemp_inst_lvl_1,SoilTemp_inst_lvl_2,SoilTemp_inst_lvl_3,Streamflow_tavg
4,62291,6.720660209655762,17.46466064453125,0.01379391923546791,3.839979887008667,25.99637794494629,0.3530077338218689,0.35620543360710144,0.3652786314487457,0.3924286365509033,27.307418823242188,27.1236572265625,26.91033363342285,26.803701400756836,83835.6484375
5,62291,6.534138202667236,17.750778198242188,0.012448984198272228,3.688368558883667,26.01766014099121,0.351859450340271,0.3549204170703888,0.3635869324207306,0.3894500732421875,27.226150512695312,26.991897583007812,26.73525619506836,26.633010864257812,80468.375
6,62291,5.3258442878723145,17.672401428222656,0.008895836770534515,3.4916470050811768,25.91920280456543,0.3473508656024933,0.3506031632423401,0.35934978723526,0.3840818703174591,26.88216781616211,26.713045120239258,26.529651641845703,26.4835205078125,68844.890625
7,62291,4.351306915283203,17.243030548095703,0.005936266388744116,3.4678854942321777,25.845924377441406,0.340782105922699,0.343590646982193,0.35126084089279175,0.3726222515106201,26.576004028320312,26.405418395996094,26.229290008544922,26.242321014404297,56163.72265625
8,62291,4.561759948730469,17.400920867919922,0.008296016603708267,3.8076984882354736,26.913997650146484,0.33746394515037537,0.33941489458084106,0.34500280022621155,0.3622465431690216,27.289878845214844,26.929107666015625,26.441059112548828,26.189422607421875,44509.27734375
9,62291,5.186654090881348,17.81777572631836,0.012735752388834953,4.100646018981934,27.770769119262695,0.3388654887676239,0.3405139446258545,0.34521129727363586,0.36108899116516113,28.17066764831543,27.7152156829834,27.077308654785156,26.601743698120117,34489.30859375
