month,pfaf_id,Rainf_tavg,Qair_f_tavg,Qs_tavg,Evap_tavg,Tair_f_tavg,SoilMoist_inst_lvl_0,SoilMoist_inst_lvl_1,SoilMoist_inst_lvl_2,SoilMoist_inst_lvl_3,SoilTemp_inst_lvl_0,SoilTemp_inst_lvl_1,SoilTemp_inst_lvl_2,SoilTemp_inst_lvl_3,Streamflow_tavg
4,62308,6.954310417175293,17.24631118774414,0.0433049201965332,3.6588830947875977,25.460113525390625,0.35956063866615295,0.36275461316108704,0.37247446179389954,0.4000476598739624,26.196998596191406,26.32270622253418,26.132600784301758,26.079614639282227,2597.83203125
5,62308,6.148059368133545,17.535545349121094,0.03221873193979263,3.4893007278442383,25.6278076171875,0.3556191921234131,0.35894331336021423,0.3680048882961273,0.39318719506263733,26.222639083862305,26.293376922607422,26.049898147583008,25.976043701171875,2214.71044921875
6,62308,3.836125373840332,17.027042388916016,0.014101170934736729,3.3454344272613525,25.46991539001465,0.34396153688430786,0.3475639224052429,0.3563258945941925,0.37843701243400574,25.813167572021484,25.965595245361328,25.8348445892334,25.86448097229004,1701.7457275390625
7,62308,2.687469244003296,16.433029174804688,0.00667995261028409,3.3912665843963623,25.365283966064453,0.32844653725624084,0.3314502239227295,0.3379821181297302,0.35374072194099426,25.573246002197266,25.775236129760742,25.57798957824707,25.626279830932617,922.4448852539062
8,62308,2.5032336711883545,16.318788528442383,0.006566296331584454,3.7225728034973145,26.151819229125977,0.310695081949234,0.31443899869918823,0.3185085952281952,0.32849496603012085,26.378015518188477,26.49820327758789,25.924531936645508,25.662885665893555,416.9933166503906
9,62308,2.93060040473938,16.375789642333984,0.009230849333107471,3.947600841522217,27.162052154541016,0.2968003749847412,0.2988571524620056,0.298152893781662,0.30211636424064636,27.45245933532715,27.529001235961914,26.770610809326172,26.23409080505371,213.7068328857422
