month,pfaf_id,Rainf_tavg,Qair_f_tavg,Qs_tavg,Evap_tavg,Tair_f_tavg,SoilMoist_inst_lvl_0,SoilMoist_inst_lvl_1,SoilMoist_inst_lvl_2,SoilMoist_inst_lvl_3,SoilTemp_inst_lvl_0,SoilTemp_inst_lvl_1,SoilTemp_inst_lvl_2,SoilTemp_inst_lvl_3,Streamflow_tavg
4,62251,6.378561496734619,17.06770133972168,0.04695224016904831,3.790224313735962,26.00940704345703,0.3547159433364868,0.3583945333957672,0.3682436943054199,0.3950057029724121,27.166452407836914,27.249738693237305,27.02072525024414,26.95346450805664,162004.390625
5,62251,5.848268985748291,17.45421600341797,0.034785687923431396,3.6373209953308105,26.169536590576172,0.3509175479412079,0.3541209399700165,0.3626226782798767,0.38608017563819885,27.17755889892578,27.20228385925293,26.890066146850586,26.7763671875,152130.78125
6,62251,4.180309295654297,17.290895462036133,0.015259843319654465,3.496889352798462,26.054723739624023,0.3420366048812866,0.3458620607852936,0.3546290397644043,0.37641212344169617,26.906436920166016,27.007516860961914,26.749563217163086,26.670244216918945,134317.28125
7,62251,2.925259590148926,16.752029418945312,0.007398454938083887,3.4688262939453125,25.97736930847168,0.3261563777923584,0.330621600151062,0.3385014235973358,0.3559204041957855,26.68690299987793,26.849668502807617,26.54597282409668,26.4930419921875,111613.6953125
8,62251,2.69417405128479,16.84914207458496,0.005335828755050898,3.7108497619628906,27.119060516357422,0.3097449541091919,0.3144465386867523,0.3199511170387268,0.33189260959625244,27.631942749023438,27.677448272705078,26.974157333374023,26.584657669067383,89813.1796875
9,62251,3.0957424640655518,16.98040199279785,0.007457342930138111,3.9389073848724365,28.22918128967285,0.29948073625564575,0.30243033170700073,0.3037416636943817,0.30936479568481445,28.71098518371582,28.721540451049805,27.855846405029297,27.21179962158203,71921.234375
