month,pfaf_id,Rainf_tavg,Qair_f_tavg,Qs_tavg,Evap_tavg,Tair_f_tavg,SoilMoist_inst_lvl_0,SoilMoist_inst_lvl_1,SoilMoist_inst_lvl_2,SoilMoist_inst_lvl_3,SoilTemp_inst_lvl_0,SoilTemp_inst_lvl_1,SoilTemp_inst_lvl_2,SoilTemp_inst_lvl_3,Streamflow_tavg
4,62297,6.195133209228516,16.59335708618164,0.02706139162182808,3.3768680095672607,24.067848205566406,0.3613821566104889,0.36451655626296997,0.3728013336658478,0.3977169394493103,25.740114212036133,25.160633087158203,25.06079864501953,24.9725284576416,43702.0390625
5,62297,5.949694633483887,16.524837493896484,0.023588581010699272,3.274284839630127,24.02756118774414,0.3602766692638397,0.3634240925312042,0.37172192335128784,0.396381676197052,25.538362503051758,24.886350631713867,24.68661880493164,24.57979965209961,39096.60546875
6,62297,5.266855239868164,16.36495018005371,0.0166326817125082,3.1773324012756348,23.956796646118164,0.3571825921535492,0.36020627617836,0.3682093322277069,0.39165687561035156,25.27298927307129,24.645322799682617,24.434755325317383,24.315053939819336,31073.66015625
7,62297,4.620632648468018,15.928277015686035,0.011000854894518852,3.1808085441589355,23.750146865844727,0.3527587950229645,0.3554403483867645,0.3627432584762573,0.38408994674682617,24.88152503967285,24.276750564575195,24.08868980407715,24.03237533569336,25125.990234375
8,62297,4.465031147003174,16.179351806640625,0.009948978200554848,3.395758628845215,24.338369369506836,0.3489627540111542,0.3510713577270508,0.3571052551269531,0.37574902176856995,25.337129592895508,24.591459274291992,24.170644760131836,23.911191940307617,19643.111328125
9,62297,4.617894172668457,16.56753921508789,0.011316820047795773,3.6464414596557617,24.896726608276367,0.34685197472572327,0.34836411476135254,0.3530253767967224,0.3690708875656128,26.04462242126465,25.19158172607422,24.618173599243164,24.159475326538086,15024.5380859375
