month,pfaf_id,Rainf_tavg,Qair_f_tavg,Qs_tavg,Evap_tavg,Tair_f_tavg,SoilMoist_inst_lvl_0,SoilMoist_inst_lvl_1,SoilMoist_inst_lvl_2,SoilMoist_inst_lvl_3,SoilTemp_inst_lvl_0,SoilTemp_inst_lvl_1,SoilTemp_inst_lvl_2,SoilTemp_inst_lvl_3,Streamflow_tavg
4,61589,8.572141647338867,16.249250411987305,0.0661284327507019,3.571725606918335,23.488737106323242,0.3447653651237488,0.3389812409877777,0.3196229934692383,0.2894327640533447,25.031566619873047,24.815576553344727,24.860116958618164,25.061054229736328,289.4532775878906
5,61589,8.587667465209961,16.278276443481445,0.09046176075935364,3.5394930839538574,23.55553436279297,0.35567328333854675,0.3552650511264801,0.3528493046760559,0.34484967589378357,24.89549446105957,24.540374755859375,24.410856246948242,24.51915168762207,907.3098754882812
6,61589,8.41222858428955,16.28915023803711,0.06447988748550415,3.5898351669311523,23.615007400512695,0.35926157236099243,0.36069387197494507,0.3635448217391968,0.37435996532440186,24.76366424560547,24.41657257080078,24.236553192138672,24.27770233154297,1264.3551025390625
7,61589,8.223278045654297,16.24538230895996,0.05298713594675064,3.5366361141204834,23.52976417541504,0.3613707423210144,0.36349543929100037,0.36918771266937256,0.3901962637901306,24.54631805419922,24.27132225036621,24.098377227783203,24.13705825805664,1371.3214111328125
8,61589,7.827690124511719,16.241579055786133,0.04248169809579849,3.6728646755218506,23.780555725097656,0.36163848638534546,0.3640616238117218,0.371145099401474,0.3963010609149933,24.696483612060547,24.373933792114258,24.099206924438477,24.06422996520996,1356.8189697265625
9,61589,7.378115653991699,16.30146026611328,0.03962254524230957,3.920632839202881,24.31494140625,0.3600956201553345,0.3625292181968689,0.3696497976779938,0.3948085606098175,25.177885055541992,24.763357162475586,24.369855880737305,24.20041847229004,1202.141357421875
