month,pfaf_id,Rainf_tavg,Qair_f_tavg,Qs_tavg,Evap_tavg,Tair_f_tavg,SoilMoist_inst_lvl_0,SoilMoist_inst_lvl_1,SoilMoist_inst_lvl_2,SoilMoist_inst_lvl_3,SoilTemp_inst_lvl_0,SoilTemp_inst_lvl_1,SoilTemp_inst_lvl_2,SoilTemp_inst_lvl_3,Streamflow_tavg
4,67207,10.706607818603516,17.30915069580078,1.0683046579360962,3.2962257862091064,24.243627548217773,0.4137144386768341,0.4158298671245575,0.42251694202423096,0.44210582971572876,25.541902542114258,24.677967071533203,24.07261085510254,23.580495834350586,1328.2176513671875
5,67207,12.95324420928955,17.666061401367188,1.9724265336990356,3.4307875633239746,24.384489059448242,0.4214893877506256,0.4238698482513428,0.43065130710601807,0.44929301738739014,25.708524703979492,24.96388816833496,24.499311447143555,24.013160705566406,1859.584716796875
6,67207,13.078811645507812,17.809612274169922,2.101487636566162,3.4548490047454834,24.39405059814453,0.42357099056243896,0.4263612627983093,0.43320342898368835,0.450851172208786,25.742429733276367,25.046369552612305,24.652019500732422,24.253334045410156,2248.399169921875
7,67207,11.499733924865723,17.69043731689453,1.3527467250823975,3.561887502670288,24.51797103881836,0.4197939336299896,0.4223213791847229,0.4293523132801056,0.44748470187187195,25.754724502563477,25.13436508178711,24.76898956298828,24.394426345825195,2092.671142578125
8,67207,11.917984962463379,17.615421295166016,1.627547025680542,3.624267339706421,24.5495662689209,0.4202093183994293,0.4223126471042633,0.4288746118545532,0.4469255208969116,25.82328987121582,25.21639633178711,24.84344482421875,24.477251052856445,2086.583984375
9,67207,12.825726509094238,17.73723030090332,2.2228951454162598,3.5770254135131836,24.549028396606445,0.42205050587654114,0.4239243268966675,0.4301326870918274,0.44791582226753235,25.94476318359375,25.31012725830078,24.937917709350586,24.562036514282227,2243.0380859375
