month,pfaf_id,Rainf_tavg,Qair_f_tavg,Qs_tavg,Evap_tavg,Tair_f_tavg,SoilMoist_inst_lvl_0,SoilMoist_inst_lvl_1,SoilMoist_inst_lvl_2,SoilMoist_inst_lvl_3,SoilTemp_inst_lvl_0,SoilTemp_inst_lvl_1,SoilTemp_inst_lvl_2,SoilTemp_inst_lvl_3,Streamflow_tavg
4,62224,7.306385040283203,16.795440673828125,0.10500369966030121,3.595771074295044,24.58336639404297,0.36453667283058167,0.36651259660720825,0.3733981251716614,0.39850056171417236,25.092510223388672,25.28436279296875,25.14093589782715,25.160987854003906,1687.064208984375
5,62224,5.37159538269043,16.63268280029297,0.05671810358762741,3.374718427658081,24.47416114807129,0.3588610589504242,0.3618684709072113,0.37028342485427856,0.3963892161846161,24.800607681274414,24.975631713867188,24.843875885009766,24.92658042907715,1638.9949951171875
6,62224,2.3711018562316895,15.353848457336426,0.01564914360642433,3.1509549617767334,24.20330810546875,0.33639219403266907,0.34209081530570984,0.35157549381256104,0.373593807220459,24.088804244995117,24.395132064819336,24.357532501220703,24.591676712036133,857.8635864257812
7,62224,1.0135241746902466,12.957681655883789,0.004053851123899221,3.0496180057525635,24.543975830078125,0.29033607244491577,0.3128964602947235,0.3222537934780121,0.3381842076778412,24.062091827392578,24.404659271240234,24.07605743408203,24.20158576965332,268.94134521484375
8,62224,0.812341570854187,11.196773529052734,0.0028251216281205416,2.877458333969116,26.307048797607422,0.2363656908273697,0.28298312425613403,0.29163774847984314,0.3031087815761566,25.893590927124023,25.986719131469727,24.993330001831055,24.513187408447266,78.2293930053711
9,62224,2.310667037963867,12.434210777282715,0.016330474987626076,3.0585484504699707,27.49030303955078,0.23410403728485107,0.26672354340553284,0.2663012742996216,0.272823691368103,27.794588088989258,27.79841423034668,26.648639678955078,25.743854522705078,29.84733009338379
