month,pfaf_id,Rainf_tavg,Qair_f_tavg,Qs_tavg,Evap_tavg,Tair_f_tavg,SoilMoist_inst_lvl_0,SoilMoist_inst_lvl_1,SoilMoist_inst_lvl_2,SoilMoist_inst_lvl_3,SoilTemp_inst_lvl_0,SoilTemp_inst_lvl_1,SoilTemp_inst_lvl_2,SoilTemp_inst_lvl_3,Streamflow_tavg
4,62495,3.914578914642334,16.106468200683594,0.042391546070575714,3.3840842247009277,24.291736602783203,0.33939075469970703,0.3454360365867615,0.35536348819732666,0.3761410117149353,24.699739456176758,25.363094329833984,25.26015281677246,25.38572883605957,2323.603759765625
5,62495,1.6514054536819458,13.183292388916016,0.0072833457961678505,2.8373818397521973,23.673229217529297,0.2965605556964874,0.3206571936607361,0.3360101580619812,0.3572622835636139,23.658203125,24.531469345092773,24.41718292236328,24.71876335144043,1707.9713134765625
6,62495,0.8412617444992065,10.443743705749512,0.0016903666546568274,1.6744364500045776,23.359458923339844,0.23250196874141693,0.3061179220676422,0.3194643259048462,0.33746397495269775,23.510828018188477,24.596450805664062,24.10519027709961,24.197940826416016,709.6555786132812
7,62495,0.7826191186904907,9.032211303710938,0.0013365087797865272,1.2538435459136963,23.845069885253906,0.1995658427476883,0.3010799288749695,0.3108404278755188,0.3255433738231659,24.35074234008789,25.46146011352539,24.55537223815918,24.265222549438477,319.7934875488281
8,62495,0.781221330165863,8.414192199707031,0.0018065250478684902,1.2080491781234741,25.89692497253418,0.1834944784641266,0.29626700282096863,0.3040781021118164,0.3172537088394165,26.509746551513672,27.462982177734375,25.999391555786133,25.13556480407715,172.39732360839844
9,62495,1.6027988195419312,10.046457290649414,0.012114295735955238,1.7277865409851074,28.129465103149414,0.19693146646022797,0.2915631830692291,0.29771798849105835,0.3104575574398041,28.84064292907715,29.763940811157227,28.053590774536133,26.729692459106445,112.45024871826172
