month,pfaf_id,Rainf_tavg,Qair_f_tavg,Qs_tavg,Evap_tavg,Tair_f_tavg,SoilMoist_inst_lvl_0,SoilMoist_inst_lvl_1,SoilMoist_inst_lvl_2,SoilMoist_inst_lvl_3,SoilTemp_inst_lvl_0,SoilTemp_inst_lvl_1,SoilTemp_inst_lvl_2,SoilTemp_inst_lvl_3,Streamflow_tavg
4,64284,4.401273250579834,15.472152709960938,0.09508048743009567,3.137420654296875,22.49032974243164,0.3600320518016815,0.3640776574611664,0.370741605758667,0.38505497574806213,23.09405517578125,23.729890823364258,23.671571731567383,23.79782485961914,755.2314453125
5,64284,1.8834787607192993,12.829427719116211,0.02168923057615757,2.668905258178711,21.292970657348633,0.3290988802909851,0.34704259037971497,0.35865694284439087,0.3754011392593384,21.351926803588867,22.252912521362305,22.421903610229492,22.918336868286133,463.2511901855469
6,64284,0.9814761281013489,10.602474212646484,0.00574362650513649,1.8465793132781982,20.661428451538086,0.2750990390777588,0.33151116967201233,0.3433628976345062,0.35823553800582886,20.698110580444336,21.710689544677734,21.535579681396484,21.94795036315918,177.9190216064453
7,64284,0.8491560816764832,9.327542304992676,0.0037069732788950205,1.2881098985671997,21.19219398498535,0.23192135989665985,0.3258017897605896,0.3347018361091614,0.3467058539390564,21.671159744262695,22.727005004882812,21.896991729736328,21.724618911743164,77.73555755615234
8,64284,0.7529807090759277,8.771065711975098,0.0038872770965099335,1.1271874904632568,23.33493995666504,0.2078877091407776,0.32239505648612976,0.3291143774986267,0.33954253792762756,24.28207015991211,25.132591247558594,23.548599243164062,22.61998176574707,43.44559097290039
9,64284,1.6344712972640991,9.971050262451172,0.019947607070207596,1.6770553588867188,25.75152587890625,0.21979284286499023,0.31946897506713867,0.3243664801120758,0.33404743671417236,26.86411476135254,27.730104446411133,25.92255973815918,24.46304702758789,32.16303634643555
