month,pfaf_id,Rainf_tavg,Qair_f_tavg,Qs_tavg,Evap_tavg,Tair_f_tavg,SoilMoist_inst_lvl_0,SoilMoist_inst_lvl_1,SoilMoist_inst_lvl_2,SoilMoist_inst_lvl_3,SoilTemp_inst_lvl_0,SoilTemp_inst_lvl_1,SoilTemp_inst_lvl_2,SoilTemp_inst_lvl_3,Streamflow_tavg
4,62494,4.105052947998047,16.707307815551758,0.06265612691640854,3.5124599933624268,24.909669876098633,0.35380104184150696,0.3604902923107147,0.369110107421875,0.38604533672332764,25.279565811157227,25.83733558654785,25.708946228027344,25.822668075561523,416.0549621582031
5,62494,1.688088059425354,14.007414817810059,0.010951067321002483,2.8631584644317627,24.579994201660156,0.30360519886016846,0.3375413417816162,0.3512413501739502,0.36947715282440186,24.61993408203125,25.380386352539062,25.16900062561035,25.355072021484375,206.89920043945312
6,62494,0.8697277903556824,10.973130226135254,0.00218246434815228,1.5800580978393555,24.57600212097168,0.23198853433132172,0.3261765241622925,0.3366940915584564,0.3514631986618042,24.883880615234375,25.853796005249023,25.220449447631836,25.126543045043945,66.18328094482422
7,62494,0.8736035227775574,9.41848373413086,0.0021961790043860674,1.2255034446716309,25.19110107421875,0.20592617988586426,0.32304665446281433,0.33024856448173523,0.34187987446784973,25.67987632751465,26.76995277404785,25.83002281188965,25.42094612121582,28.111358642578125
8,62494,0.863271176815033,8.551827430725098,0.0028946856036782265,1.1963273286819458,27.205978393554688,0.19415245950222015,0.3194562494754791,0.3251190185546875,0.3355518579483032,27.699356079101562,28.62371063232422,27.178476333618164,26.28566551208496,15.396016120910645
9,62494,1.8155733346939087,10.126290321350098,0.021702498197555542,1.7919734716415405,29.318817138671875,0.21158678829669952,0.315797358751297,0.3202497959136963,0.3303384780883789,29.845754623413086,30.74872589111328,29.132675170898438,27.806472778320312,10.667937278747559
