month,pfaf_id,Rainf_tavg,Qair_f_tavg,Qs_tavg,Evap_tavg,Tair_f_tavg,SoilMoist_inst_lvl_0,SoilMoist_inst_lvl_1,SoilMoist_inst_lvl_2,SoilMoist_inst_lvl_3,SoilTemp_inst_lvl_0,SoilTemp_inst_lvl_1,SoilTemp_inst_lvl_2,SoilTemp_inst_lvl_3,Streamflow_tavg
4,64283,3.705090045928955,15.537254333496094,0.0670677125453949,3.222219467163086,23.398983001708984,0.34840714931488037,0.3602328300476074,0.36717700958251953,0.3792015612125397,24.2681827545166,25.036945343017578,25.033775329589844,25.19756507873535,760.6452026367188
5,64283,1.792014479637146,12.64501953125,0.016843130812048912,2.551845073699951,22.262948989868164,0.31344741582870483,0.3471992611885071,0.3584166169166565,0.371635377407074,22.614585876464844,23.617834091186523,23.75608253479004,24.24502182006836,467.8238830566406
6,64283,1.107966423034668,10.55212688446045,0.005726890172809362,1.7154932022094727,21.580074310302734,0.26548653841018677,0.33798134326934814,0.3479808270931244,0.3597891628742218,21.992897033691406,23.066162109375,22.890562057495117,23.28497314453125,180.84803771972656
7,64283,0.9806874990463257,9.378758430480957,0.004632940515875816,1.2072021961212158,22.110950469970703,0.23195591568946838,0.33682820200920105,0.3434569239616394,0.3524363934993744,22.743762969970703,23.827960968017578,23.084550857543945,22.973379135131836,79.1898193359375
8,64283,0.7958644032478333,8.943175315856934,0.0041182455606758595,1.0001552104949951,24.341442108154297,0.21166947484016418,0.3356611728668213,0.3407585024833679,0.348343163728714,25.31757164001465,26.142446517944336,24.5723819732666,23.68321418762207,44.04857635498047
9,64283,1.4932384490966797,10.160980224609375,0.015958087518811226,1.4848110675811768,26.48046875,0.2200227975845337,0.33441147208213806,0.3386923670768738,0.34549611806869507,27.921117782592773,28.799474716186523,26.94564437866211,25.452049255371094,32.38773727416992
