month,pfaf_id,Rainf_tavg,Qair_f_tavg,Qs_tavg,Evap_tavg,Tair_f_tavg,SoilMoist_inst_lvl_0,SoilMoist_inst_lvl_1,SoilMoist_inst_lvl_2,SoilMoist_inst_lvl_3,SoilTemp_inst_lvl_0,SoilTemp_inst_lvl_1,SoilTemp_inst_lvl_2,SoilTemp_inst_lvl_3,Streamflow_tavg
4,62497,4.900211811065674,15.547052383422852,0.02758147567510605,3.168790102005005,23.58061981201172,0.295607328414917,0.30045509338378906,0.3124738931655884,0.34532415866851807,24.27936363220215,25.345617294311523,25.31125831604004,25.56553077697754,1190.578369140625
5,62497,2.086766481399536,12.873011589050293,0.005966573022305965,2.49505352973938,22.509172439575195,0.2664284110069275,0.2788359820842743,0.2960768938064575,0.3288052976131439,23.00299644470215,24.253677368164062,24.134294509887695,24.52092170715332,741.4717407226562
6,62497,0.9791930913925171,10.606581687927246,0.001472241128794849,1.7795459032058716,21.780136108398438,0.23317855596542358,0.2582802474498749,0.2788994312286377,0.3088129758834839,22.046733856201172,23.522674560546875,23.22812271118164,23.607406616210938,326.7232971191406
7,62497,0.881930947303772,9.438438415527344,0.0011356589384377003,1.4553583860397339,22.069456100463867,0.20546013116836548,0.24593381583690643,0.2661874294281006,0.29351088404655457,22.545093536376953,24.032291412353516,23.22368621826172,23.219894409179688,162.80178833007812
8,62497,0.7815272212028503,9.071313858032227,0.0009959266753867269,1.3050013780593872,23.923030853271484,0.1780761182308197,0.23979127407073975,0.2572730481624603,0.28247496485710144,24.564346313476562,25.985055923461914,24.561132431030273,23.9229736328125,93.71881866455078
9,62497,1.7421884536743164,10.571002006530762,0.006724793463945389,1.7271928787231445,26.1175479888916,0.18153353035449982,0.2388993501663208,0.25094521045684814,0.2741624712944031,27.09910011291504,28.372703552246094,26.652572631835938,25.526443481445312,61.2298698425293
