month,pfaf_id,Rainf_tavg,Qair_f_tavg,Qs_tavg,Evap_tavg,Tair_f_tavg,SoilMoist_inst_lvl_0,SoilMoist_inst_lvl_1,SoilMoist_inst_lvl_2,SoilMoist_inst_lvl_3,SoilTemp_inst_lvl_0,SoilTemp_inst_lvl_1,SoilTemp_inst_lvl_2,SoilTemp_inst_lvl_3,Streamflow_tavg
4,67104,0.9752246141433716,9.091209411621094,0.006964888423681259,1.1349443197250366,12.015283584594727,0.22403134405612946,0.2381884753704071,0.23826639354228973,0.25152742862701416,16.055768966674805,15.503128051757812,14.22184944152832,13.001818656921387,36.31243896484375
5,67104,0.314070463180542,7.506717205047607,0.0020053707994520664,0.7715742588043213,11.306255340576172,0.20511801540851593,0.22782088816165924,0.23304679989814758,0.24987535178661346,14.454599380493164,14.351225852966309,13.4112548828125,12.594948768615723,30.013996124267578
6,67104,0.15139919519424438,6.422420024871826,0.001398684922605753,0.5458563566207886,10.6522798538208,0.18879592418670654,0.2187700718641281,0.2257857322692871,0.2433348000049591,13.499414443969727,13.24885082244873,12.312935829162598,11.695480346679688,17.767513275146484
7,67104,0.14955942332744598,6.08856201171875,0.0008677136502228677,0.476060688495636,10.555694580078125,0.17927521467208862,0.21395649015903473,0.22079095244407654,0.23763124644756317,13.592856407165527,13.06379222869873,11.88971996307373,11.06694507598877,10.824896812438965
8,67104,0.1928936243057251,6.00203800201416,0.0007821884355507791,0.47560667991638184,11.077865600585938,0.16873197257518768,0.21009321510791779,0.21668082475662231,0.2330007553100586,15.32019329071045,13.895788192749023,12.251067161560059,11.002894401550293,7.1858954429626465
9,67104,0.30201348662376404,6.2689528465271,0.0011059902608394623,0.5469214916229248,11.661639213562012,0.16091418266296387,0.20780989527702332,0.2134018838405609,0.22937603294849396,17.074405670166016,15.217987060546875,13.310644149780273,11.667895317077637,5.066226482391357
