month,pfaf_id,Rainf_tavg,Qair_f_tavg,Qs_tavg,Evap_tavg,Tair_f_tavg,SoilMoist_inst_lvl_0,SoilMoist_inst_lvl_1,SoilMoist_inst_lvl_2,SoilMoist_inst_lvl_3,SoilTemp_inst_lvl_0,SoilTemp_inst_lvl_1,SoilTemp_inst_lvl_2,SoilTemp_inst_lvl_3,Streamflow_tavg
4,62258,9.805275917053223,17.675445556640625,0.3363017439842224,2.996732473373413,26.109107971191406,0.37171897292137146,0.3749852776527405,0.38413357734680176,0.41261231899261475,26.449623107910156,26.40559196472168,26.3111629486084,26.267824172973633,151555.03125
5,62258,8.701200485229492,18.075439453125,0.13787293434143066,2.8776392936706543,26.2169132232666,0.37055543065071106,0.37382420897483826,0.3831835687160492,0.4122577905654907,26.442481994628906,26.32756996154785,26.146255493164062,26.071779251098633,142803.21875
6,62258,5.822024345397949,18.09076690673828,0.04133380576968193,2.7643702030181885,26.148719787597656,0.3627791106700897,0.3662976920604706,0.37569335103034973,0.4026319980621338,26.275903701782227,26.186847686767578,26.029640197753906,25.963552474975586,124650.3359375
7,62258,3.883476734161377,17.568647384643555,0.015464764088392258,2.7790801525115967,26.163604736328125,0.35263311862945557,0.3560142517089844,0.3644641041755676,0.38714638352394104,26.017946243286133,25.945358276367188,25.803869247436523,25.79737091064453,103111.7109375
8,62258,3.8199405670166016,17.47492218017578,0.01851264201104641,3.1283137798309326,27.414512634277344,0.34623318910598755,0.34857985377311707,0.3544155955314636,0.37142762541770935,26.72899055480957,26.489824295043945,26.045974731445312,25.78598403930664,83681.421875
9,62258,4.691391468048096,17.908010482788086,0.04301593825221062,3.3658554553985596,28.22212028503418,0.34750860929489136,0.349082350730896,0.35340452194213867,0.3681090772151947,27.53107261657715,27.24031639099121,26.67229461669922,26.205524444580078,67611.671875
