month,pfaf_id,Rainf_tavg,Qair_f_tavg,Qs_tavg,Evap_tavg,Tair_f_tavg,SoilMoist_inst_lvl_0,SoilMoist_inst_lvl_1,SoilMoist_inst_lvl_2,SoilMoist_inst_lvl_3,SoilTemp_inst_lvl_0,SoilTemp_inst_lvl_1,SoilTemp_inst_lvl_2,SoilTemp_inst_lvl_3,Streamflow_tavg
4,67107,0.492443323135376,13.122628211975098,0.010388679802417755,0.7991488575935364,21.003854751586914,0.20573677122592926,0.22200746834278107,0.21849611401557922,0.24307392537593842,23.28703498840332,22.40578842163086,21.51204490661621,20.609073638916016,189.0675506591797
5,67107,0.12853458523750305,11.360457420349121,0.0025806406047195196,0.4547218084335327,19.234102249145508,0.18818289041519165,0.2101600468158722,0.21133552491664886,0.23828919231891632,21.450735092163086,20.826366424560547,20.47795867919922,20.17384147644043,87.6375732421875
6,67107,0.09191516041755676,10.159380912780762,0.00025056986487470567,0.31154558062553406,17.989383697509766,0.1780449002981186,0.2046126127243042,0.20680637657642365,0.23401083052158356,19.962791442871094,19.319198608398438,19.082233428955078,19.07363510131836,29.595197677612305
7,67107,0.08583076298236847,9.54654312133789,7.103047391865402e-05,0.26156187057495117,17.44556999206543,0.1704479455947876,0.20177526772022247,0.20377296209335327,0.23073089122772217,19.577495574951172,18.673627853393555,18.270360946655273,18.152812957763672,13.483001708984375
8,67107,0.09018753468990326,9.41855525970459,7.757046114420518e-05,0.24650873243808746,17.43596839904785,0.16197587549686432,0.19933676719665527,0.2013445347547531,0.22807733714580536,20.107343673706055,18.799449920654297,18.103103637695312,17.71089744567871,7.71213436126709
9,67107,0.11207238584756851,9.636218070983887,0.00011426844139350578,0.28129270672798157,17.857158660888672,0.15509885549545288,0.19631381332874298,0.19873951375484467,0.22585280239582062,21.275941848754883,19.528793334960938,18.564340591430664,17.85163116455078,6.106146335601807
