month,pfaf_id,Rainf_tavg,Qair_f_tavg,Qs_tavg,Evap_tavg,Tair_f_tavg,SoilMoist_inst_lvl_0,SoilMoist_inst_lvl_1,SoilMoist_inst_lvl_2,SoilMoist_inst_lvl_3,SoilTemp_inst_lvl_0,SoilTemp_inst_lvl_1,SoilTemp_inst_lvl_2,SoilTemp_inst_lvl_3,Streamflow_tavg
4,67205,9.6289701461792,15.557477951049805,0.23166523873806,2.942796230316162,20.97356605529785,0.3661715090274811,0.36716294288635254,0.37274786829948425,0.3939100205898285,22.678136825561523,21.979476928710938,21.600627899169922,21.29355812072754,1381.990234375
5,67205,9.886030197143555,15.623828887939453,0.26160797476768494,3.046773672103882,21.009021759033203,0.3694779574871063,0.37097471952438354,0.3781531751155853,0.40399786829948425,22.693994522094727,22.00810432434082,21.639251708984375,21.309852600097656,1809.8272705078125
6,67205,8.042704582214355,15.437737464904785,0.14515122771263123,3.0736265182495117,20.953754425048828,0.36564844846725464,0.3674853444099426,0.37542346119880676,0.40151670575141907,22.586740493774414,21.914051055908203,21.578678131103516,21.29150390625,1582.8372802734375
7,67205,5.956768035888672,14.991311073303223,0.06868928670883179,3.1416890621185303,20.956899642944336,0.35490068793296814,0.3572952449321747,0.3652583062648773,0.3885464668273926,22.49665069580078,21.831098556518555,21.48822784423828,21.222930908203125,1102.7618408203125
8,67205,5.816195011138916,14.822197914123535,0.08080317825078964,3.2423508167266846,21.05103302001953,0.35016438364982605,0.3521711528301239,0.3589831590652466,0.37989741563796997,22.686220169067383,21.95510482788086,21.521465301513672,21.19415855407715,928.9924926757812
9,67205,6.772637367248535,14.963850021362305,0.14039131999015808,3.3554251194000244,21.203449249267578,0.3518824875354767,0.3530258536338806,0.35840505361557007,0.37862831354141235,23.116376876831055,22.264137268066406,21.740427017211914,21.313106536865234,987.4317016601562
