month,pfaf_id,Rainf_tavg,Qair_f_tavg,Qs_tavg,Evap_tavg,Tair_f_tavg,SoilMoist_inst_lvl_0,SoilMoist_inst_lvl_1,SoilMoist_inst_lvl_2,SoilMoist_inst_lvl_3,SoilTemp_inst_lvl_0,SoilTemp_inst_lvl_1,SoilTemp_inst_lvl_2,SoilTemp_inst_lvl_3,Streamflow_tavg
4,62236,6.164968013763428,16.735370635986328,0.049565430730581284,3.631537914276123,24.970659255981445,0.37171316146850586,0.37394577264785767,0.37945279479026794,0.39720210433006287,25.851980209350586,25.794017791748047,25.610681533813477,25.55953025817871,946.1824951171875
5,62236,5.576878070831299,17.096019744873047,0.030333932489156723,3.4640908241271973,25.134584426879883,0.371204137802124,0.3735508918762207,0.3799647092819214,0.3997364938259125,25.876073837280273,25.783464431762695,25.538143157958984,25.449602127075195,814.6800537109375
6,62236,3.5397708415985107,16.68935203552246,0.009457622654736042,3.2813689708709717,24.955766677856445,0.3613787293434143,0.36428800225257874,0.3713981807231903,0.39054062962532043,25.4552001953125,25.4473876953125,25.324371337890625,25.342254638671875,641.6018676757812
7,62236,2.542654037475586,16.146291732788086,0.005152806639671326,3.2747039794921875,24.86874771118164,0.3474512994289398,0.3498058617115021,0.35504400730133057,0.36871254444122314,25.22113800048828,25.23008155822754,25.056053161621094,25.1035099029541,314.693115234375
8,62236,2.411381721496582,16.096826553344727,0.004840655717998743,3.5761935710906982,25.838708877563477,0.3321192264556885,0.3338416516780853,0.3365636169910431,0.3449801206588745,26.04390525817871,25.891069412231445,25.351102828979492,25.101377487182617,136.0548095703125
9,62236,3.0622060298919678,16.476028442382812,0.008683161810040474,3.832970142364502,26.86968421936035,0.32495394349098206,0.32361748814582825,0.3198777437210083,0.32108181715011597,27.14044952392578,26.912532806396484,26.17961311340332,25.638011932373047,66.91238403320312
