month,pfaf_id,Rainf_tavg,Qair_f_tavg,Qs_tavg,Evap_tavg,Tair_f_tavg,SoilMoist_inst_lvl_0,SoilMoist_inst_lvl_1,SoilMoist_inst_lvl_2,SoilMoist_inst_lvl_3,SoilTemp_inst_lvl_0,SoilTemp_inst_lvl_1,SoilTemp_inst_lvl_2,SoilTemp_inst_lvl_3,Streamflow_tavg
4,62281,7.480832099914551,17.50165367126465,0.09662099927663803,3.646479845046997,25.82744598388672,0.35955575108528137,0.3620840311050415,0.3690892457962036,0.39104777574539185,26.91581916809082,26.7222900390625,26.576059341430664,26.522348403930664,15287.123046875
5,62281,7.341024875640869,17.762928009033203,0.059803593903779984,3.5285112857818604,25.931005477905273,0.3612397015094757,0.364263653755188,0.3726849853992462,0.3979150056838989,26.879636764526367,26.615312576293945,26.397153854370117,26.329980850219727,16749.69140625
6,62281,5.995406627655029,17.786195755004883,0.021167008206248283,3.39791202545166,25.89905548095703,0.35791102051734924,0.3610995411872864,0.36984413862228394,0.3949512541294098,26.685775756835938,26.469465255737305,26.278060913085938,26.218400955200195,22892.455078125
7,62281,4.879317283630371,17.45783042907715,0.012537126429378986,3.3363239765167236,25.812429428100586,0.352321594953537,0.35533207654953003,0.3633447587490082,0.38578686118125916,26.401355743408203,26.21517562866211,26.053985595703125,26.054794311523438,25859.986328125
8,62281,4.876327037811279,17.545618057250977,0.014527935534715652,3.608290672302246,26.633827209472656,0.34942910075187683,0.3518589437007904,0.3584144413471222,0.377697616815567,26.940876007080078,26.59910011291504,26.19642448425293,26.002561569213867,26412.25390625
9,62281,5.157727241516113,17.865833282470703,0.020203847438097,3.864713430404663,27.40294647216797,0.34901294112205505,0.3512084484100342,0.3570462763309479,0.37499168515205383,27.71281623840332,27.267662048339844,26.716766357421875,26.321550369262695,24986.896484375
