month,pfaf_id,Rainf_tavg,Qair_f_tavg,Qs_tavg,Evap_tavg,Tair_f_tavg,SoilMoist_inst_lvl_0,SoilMoist_inst_lvl_1,SoilMoist_inst_lvl_2,SoilMoist_inst_lvl_3,SoilTemp_inst_lvl_0,SoilTemp_inst_lvl_1,SoilTemp_inst_lvl_2,SoilTemp_inst_lvl_3,Streamflow_tavg
4,61627,3.434755563735962,16.548677444458008,0.0022632956970483065,3.436021566390991,25.73833656311035,0.2349616289138794,0.22015973925590515,0.1892087310552597,0.160444974899292,27.065088272094727,27.20100212097168,26.803707122802734,26.596759796142578,503.50152587890625
5,61627,4.299340724945068,17.17267417907715,0.00349524081684649,3.458005905151367,25.499191284179688,0.2586800456047058,0.2450060397386551,0.20582447946071625,0.1557999551296234,26.91297149658203,26.887113571166992,26.494285583496094,26.377126693725586,202.532470703125
6,61627,4.592794418334961,17.27426528930664,0.0040768166072666645,3.538100004196167,25.557903289794922,0.266975462436676,0.25697019696235657,0.22780919075012207,0.16527655720710754,26.974376678466797,26.925392150878906,26.495325088500977,26.31476402282715,188.7842254638672
7,61627,4.445864200592041,17.210176467895508,0.004159256815910339,3.5874717235565186,25.53082847595215,0.26858845353126526,0.26198357343673706,0.24071083962917328,0.18279138207435608,26.81779670715332,26.851497650146484,26.440683364868164,26.282827377319336,353.3102111816406
8,61627,3.8226659297943115,17.252225875854492,0.0032918413635343313,3.5448365211486816,25.713459014892578,0.2641676366329193,0.2591456472873688,0.2418874204158783,0.19611112773418427,26.7109317779541,26.860204696655273,26.422945022583008,26.240705490112305,542.4943237304688
9,61627,2.7046291828155518,17.329233169555664,0.0016039139591157436,3.4769515991210938,25.883792877197266,0.24873048067092896,0.24415473639965057,0.23026368021965027,0.195046067237854,26.989784240722656,27.099750518798828,26.580448150634766,26.321395874023438,532.5120849609375
