month,pfaf_id,Rainf_tavg,Qair_f_tavg,Qs_tavg,Evap_tavg,Tair_f_tavg,SoilMoist_inst_lvl_0,SoilMoist_inst_lvl_1,SoilMoist_inst_lvl_2,SoilMoist_inst_lvl_3,SoilTemp_inst_lvl_0,SoilTemp_inst_lvl_1,SoilTemp_inst_lvl_2,SoilTemp_inst_lvl_3,Streamflow_tavg
4,62242,7.324682712554932,16.963193893432617,0.09327414631843567,3.4869744777679443,24.6158447265625,0.41576269268989563,0.41803017258644104,0.4244113862514496,0.4431675970554352,25.711496353149414,25.588897705078125,25.471086502075195,25.401744842529297,2935.00830078125
5,62242,5.928011894226074,16.95370864868164,0.04301254451274872,3.265364408493042,24.555309295654297,0.413370281457901,0.4159356355667114,0.42276638746261597,0.44176918268203735,25.438243865966797,25.279874801635742,25.178382873535156,25.18773078918457,2394.268310546875
6,62242,3.173724412918091,15.895585060119629,0.019386768341064453,3.1164779663085938,24.33249282836914,0.4015251100063324,0.4039626717567444,0.4100428819656372,0.42528003454208374,24.669137954711914,24.603221893310547,24.676921844482422,24.870290756225586,1527.3594970703125
7,62242,1.7187258005142212,14.198867797851562,0.008716166950762272,3.3128771781921387,24.642641067504883,0.3796015679836273,0.38236236572265625,0.38675788044929504,0.3961734175682068,24.26178550720215,24.113054275512695,24.095802307128906,24.356061935424805,583.8798217773438
8,62242,2.1609854698181152,13.572479248046875,0.015955418348312378,3.6970126628875732,26.354000091552734,0.35375791788101196,0.3580266237258911,0.3593091666698456,0.3633216917514801,25.576183319091797,25.10992431640625,24.505765914916992,24.25311851501465,183.50033569335938
9,62242,4.495063781738281,15.75107192993164,0.051171522587537766,3.863997459411621,26.63503074645996,0.3684026598930359,0.3643958866596222,0.35395175218582153,0.34541115164756775,26.671789169311523,26.185930252075195,25.467031478881836,24.895469665527344,67.3878402709961
