month,pfaf_id,Rainf_tavg,Qair_f_tavg,Qs_tavg,Evap_tavg,Tair_f_tavg,SoilMoist_inst_lvl_0,SoilMoist_inst_lvl_1,SoilMoist_inst_lvl_2,SoilMoist_inst_lvl_3,SoilTemp_inst_lvl_0,SoilTemp_inst_lvl_1,SoilTemp_inst_lvl_2,SoilTemp_inst_lvl_3,Streamflow_tavg
4,62286,7.257416248321533,17.18054962158203,0.06866911053657532,3.486361026763916,25.330615997314453,0.33337780833244324,0.3255632817745209,0.2965051531791687,0.2477632611989975,26.907384872436523,26.776445388793945,26.895984649658203,27.152908325195312,218.3844451904297
5,62286,7.4386162757873535,17.249549865722656,0.09834058582782745,3.496879816055298,25.36394500732422,0.34740886092185974,0.3452507555484772,0.3343838155269623,0.30188292264938354,26.709409713745117,26.403011322021484,26.295860290527344,26.407482147216797,400.7098083496094
6,62286,7.222537517547607,17.306182861328125,0.09137161821126938,3.5165069103240967,25.45380973815918,0.3554011881351471,0.356117844581604,0.35472172498703003,0.3486056625843048,26.57121467590332,26.263883590698242,26.077821731567383,26.084575653076172,665.52001953125
7,62286,6.740604400634766,17.230388641357422,0.06054481491446495,3.4884390830993652,25.39486312866211,0.3589339852333069,0.36106401681900024,0.36440157890319824,0.3730294108390808,26.307893753051758,26.07717514038086,25.901159286499023,25.908647537231445,957.32470703125
8,62286,6.050664901733398,17.22176170349121,0.03844950348138809,3.6434974670410156,25.939373016357422,0.3583775758743286,0.3608686625957489,0.3659478724002838,0.38021138310432434,26.624135971069336,26.301544189453125,25.958772659301758,25.838611602783203,1165.6385498046875
9,62286,5.642848968505859,17.315584182739258,0.03301971033215523,3.893857955932617,26.568143844604492,0.3559275269508362,0.3581475615501404,0.3630533516407013,0.3777371048927307,27.21955680847168,26.808897018432617,26.333417892456055,26.05014419555664,1051.7559814453125
