month,pfaf_id,Rainf_tavg,Qair_f_tavg,Qs_tavg,Evap_tavg,Tair_f_tavg,SoilMoist_inst_lvl_0,SoilMoist_inst_lvl_1,SoilMoist_inst_lvl_2,SoilMoist_inst_lvl_3,SoilTemp_inst_lvl_0,SoilTemp_inst_lvl_1,SoilTemp_inst_lvl_2,SoilTemp_inst_lvl_3,Streamflow_tavg
4,62287,7.859037399291992,17.7287540435791,0.03402118384838104,3.614884614944458,25.281707763671875,0.3415963351726532,0.3437449634075165,0.3484709858894348,0.36407336592674255,26.833280563354492,26.556255340576172,26.470687866210938,26.502986907958984,11193.0078125
5,62287,8.047215461730957,17.793582916259766,0.03197188675403595,3.5443618297576904,25.308273315429688,0.3460349142551422,0.3491300642490387,0.3571188151836395,0.3813990652561188,26.694541931152344,26.330862045288086,26.15981674194336,26.164602279663086,13914.318359375
6,62287,7.6745219230651855,17.816059112548828,0.024017926305532455,3.4536945819854736,25.359272003173828,0.34627169370651245,0.34989044070243835,0.35909584164619446,0.3865627944469452,26.57817268371582,26.230533599853516,26.02177619934082,25.979223251342773,18563.62890625
7,62287,7.256585121154785,17.697837829589844,0.015366768464446068,3.405560255050659,25.292556762695312,0.3455187976360321,0.34912610054016113,0.35856303572654724,0.386454313993454,26.374610900878906,26.07900619506836,25.882652282714844,25.853519439697266,19438.43359375
8,62287,6.888092994689941,17.726974487304688,0.013233202509582043,3.5637423992156982,25.761362075805664,0.34375086426734924,0.3474912643432617,0.35677194595336914,0.3839170038700104,26.673715591430664,26.28728485107422,25.947866439819336,25.80907440185547,19192.33984375
9,62287,6.751142978668213,17.88208770751953,0.013730685226619244,3.802631378173828,26.33414077758789,0.34228652715682983,0.3457755744457245,0.35451504588127136,0.3803541362285614,27.271793365478516,26.7896785736084,26.314414978027344,26.01659393310547,17625.642578125
