month,pfaf_id,Rainf_tavg,Qair_f_tavg,Qs_tavg,Evap_tavg,Tair_f_tavg,SoilMoist_inst_lvl_0,SoilMoist_inst_lvl_1,SoilMoist_inst_lvl_2,SoilMoist_inst_lvl_3,SoilTemp_inst_lvl_0,SoilTemp_inst_lvl_1,SoilTemp_inst_lvl_2,SoilTemp_inst_lvl_3,Streamflow_tavg
4,62249,5.772305965423584,16.802453994750977,0.11327838897705078,3.5038578510284424,24.18206024169922,0.3812767267227173,0.3835969865322113,0.39135393500328064,0.41365230083465576,24.95684242248535,25.113256454467773,24.98427963256836,24.977243423461914,3529.663330078125
5,62249,3.151892900466919,14.946255683898926,0.03903202712535858,3.1750617027282715,23.516141891479492,0.36353805661201477,0.3697085976600647,0.37940171360969543,0.40022197365760803,23.724018096923828,24.085731506347656,24.174667358398438,24.46782112121582,2019.321044921875
6,62249,1.3247274160385132,12.53829574584961,0.0073995441198349,2.614579200744629,23.145055770874023,0.31530725955963135,0.3473798632621765,0.35828912258148193,0.3760606646537781,23.141063690185547,23.549009323120117,23.423137664794922,23.748994827270508,943.5601196289062
7,62249,0.6961331963539124,10.394060134887695,0.0023905339185148478,1.9400180578231812,23.861474990844727,0.24788282811641693,0.32924413681030273,0.3385126292705536,0.3524298071861267,24.43093490600586,24.689146041870117,23.802927017211914,23.5444278717041,338.9855651855469
8,62249,0.7935086488723755,9.605369567871094,0.003027367638424039,1.8202853202819824,26.117406845092773,0.21229299902915955,0.314286470413208,0.32191202044487,0.3331114947795868,27.275001525878906,27.220502853393555,25.63951301574707,24.55805015563965,121.3155288696289
9,62249,2.3037149906158447,11.817656517028809,0.027261631563305855,2.6198670864105225,27.67227554321289,0.24255265295505524,0.3060864210128784,0.3081299066543579,0.31720370054244995,28.85114288330078,28.86174201965332,27.45735740661621,26.21820640563965,58.35700225830078
