month,pfaf_id,Rainf_tavg,Qair_f_tavg,Qs_tavg,Evap_tavg,Tair_f_tavg,SoilMoist_inst_lvl_0,SoilMoist_inst_lvl_1,SoilMoist_inst_lvl_2,SoilMoist_inst_lvl_3,SoilTemp_inst_lvl_0,SoilTemp_inst_lvl_1,SoilTemp_inst_lvl_2,SoilTemp_inst_lvl_3,Streamflow_tavg
1,67102,0.46555936336517334,10.640616416931152,0.0004289461357984692,0.6435779929161072,17.726652145385742,0.1371888667345047,0.17336229979991913,0.17536583542823792,0.2065279483795166,23.422128677368164,21.305761337280273,19.237974166870117,16.882949829101562,0.8865765333175659
2,67102,0.640631914138794,11.273564338684082,0.0007203576387837529,0.7135031223297119,18.042346954345703,0.1532595455646515,0.17078566551208496,0.16927647590637207,0.20582318305969238,23.3326416015625,21.75052833557129,19.882200241088867,17.644336700439453,0.9758990406990051
3,67102,0.5280272364616394,11.060842514038086,0.0005440651439130306,0.564946174621582,17.848268508911133,0.15676909685134888,0.169003427028656,0.16684825718402863,0.20597539842128754,22.511791229248047,21.469890594482422,19.853391647338867,17.8702335357666,1.1399093866348267
4,67102,0.23787890374660492,9.895513534545898,0.00021867183386348188,0.353071391582489,17.121580123901367,0.14626088738441467,0.16544364392757416,0.16605520248413086,0.20595555007457733,21.4603271484375,20.41603660583496,19.147403717041016,17.5773868560791,1.27711021900177
5,67102,0.11966792494058609,8.285473823547363,7.215546065708622e-05,0.2038910686969757,16.09778594970703,0.13493791222572327,0.1621144860982895,0.16532815992832184,0.2052805870771408,19.282747268676758,18.466203689575195,17.642601013183594,16.64357566833496,1.1349126100540161
12,67102,0.28494927287101746,9.771161079406738,0.00017895536439027637,0.5094600915908813,17.125205993652344,0.12047630548477173,0.18003208935260773,0.183363676071167,0.20789578557014465,22.992496490478516,20.350242614746094,17.961496353149414,15.495719909667969,1.618783712387085
