month,pfaf_id,Rainf_tavg,Qair_f_tavg,Qs_tavg,Evap_tavg,Tair_f_tavg,SoilMoist_inst_lvl_0,SoilMoist_inst_lvl_1,SoilMoist_inst_lvl_2,SoilMoist_inst_lvl_3,SoilTemp_inst_lvl_0,SoilTemp_inst_lvl_1,SoilTemp_inst_lvl_2,SoilTemp_inst_lvl_3,Streamflow_tavg
1,67101,0.6423302888870239,11.207143783569336,0.0013582929968833923,0.5364620089530945,18.038240432739258,0.15245534479618073,0.18578222393989563,0.1840779185295105,0.20288929343223572,22.6823673248291,21.09410858154297,19.6705379486084,18.146055221557617,0.9489620923995972
2,67101,0.9173806309700012,11.776561737060547,0.0027296855114400387,0.6610664129257202,18.392776489257812,0.17707505822181702,0.19174522161483765,0.18643318116664886,0.20462651550769806,22.408531188964844,21.35247802734375,20.051982879638672,18.577062606811523,4.242705345153809
3,67101,0.6409330368041992,11.459885597229004,0.001798755954951048,0.5680163502693176,18.12722396850586,0.1794777512550354,0.19212672114372253,0.18864010274410248,0.2076873630285263,21.592294692993164,20.88318634033203,19.84705352783203,18.636945724487305,16.241331100463867
4,67101,0.2595670223236084,10.226173400878906,0.0005310849519446492,0.38151371479034424,17.087045669555664,0.168479323387146,0.1875089704990387,0.18800285458564758,0.2087598294019699,19.95195770263672,19.46061134338379,18.84864044189453,18.131725311279297,16.43803596496582
5,67101,0.11927175521850586,8.77136516571045,0.00016132340533658862,0.2355855256319046,15.772109031677246,0.15968875586986542,0.18291819095611572,0.1861419677734375,0.20798511803150177,17.61516761779785,17.26358413696289,17.041166305541992,16.889942169189453,8.630438804626465
12,67101,0.3606237769126892,10.34262752532959,0.0004630470066331327,0.39564621448516846,17.45491600036621,0.12721838057041168,0.18533635139465332,0.18565799295902252,0.20329143106937408,22.345626831054688,20.60182762145996,19.115930557250977,17.520734786987305,2.2391953468322754
