month,pfaf_id,Rainf_tavg,Qair_f_tavg,Qs_tavg,Evap_tavg,Tair_f_tavg,SoilMoist_inst_lvl_0,SoilMoist_inst_lvl_1,SoilMoist_inst_lvl_2,SoilMoist_inst_lvl_3,SoilTemp_inst_lvl_0,SoilTemp_inst_lvl_1,SoilTemp_inst_lvl_2,SoilTemp_inst_lvl_3,Streamflow_tavg
1,62493,5.691786289215088,17.474428176879883,0.06534533947706223,3.8550612926483154,25.743144989013672,0.35882171988487244,0.35877034068107605,0.35842299461364746,0.3618274927139282,26.487314224243164,26.73631477355957,26.648141860961914,26.854564666748047,1695.8143310546875
2,62493,5.686130046844482,17.586444854736328,0.07260104268789291,3.8197696208953857,25.926692962646484,0.3625616431236267,0.36343976855278015,0.3662852346897125,0.37615594267845154,26.50046157836914,26.75872230529785,26.464290618896484,26.440170288085938,2713.360595703125
3,62493,5.5724778175354,17.698060989379883,0.0882074162364006,3.7273576259613037,25.98274040222168,0.36415764689445496,0.3656289875507355,0.37071236968040466,0.384952187538147,26.32866859436035,26.769784927368164,26.429349899291992,26.33277130126953,2988.36328125
4,62493,4.312154769897461,17.15862464904785,0.0714850127696991,3.691098213195801,25.938373565673828,0.3565981984138489,0.3597942590713501,0.367607980966568,0.384531170129776,26.119020462036133,26.710927963256836,26.375259399414062,26.288997650146484,2915.21923828125
5,62493,1.9129092693328857,13.974128723144531,0.024336688220500946,3.2073445320129395,25.725126266479492,0.30726689100265503,0.33464592695236206,0.34754958748817444,0.3651196360588074,25.48926544189453,26.319917678833008,25.998390197753906,26.076644897460938,1957.3431396484375
12,62493,5.6270012855529785,17.31015968322754,0.05704548954963684,3.8945863246917725,26.071739196777344,0.34588098526000977,0.3463253974914551,0.34217318892478943,0.34311068058013916,26.817829132080078,27.32404136657715,27.505897521972656,27.949880599975586,1786.753662109375
