month,pfaf_id,Rainf_tavg,Qair_f_tavg,Qs_tavg,Evap_tavg,Tair_f_tavg,SoilMoist_inst_lvl_0,SoilMoist_inst_lvl_1,SoilMoist_inst_lvl_2,SoilMoist_inst_lvl_3,SoilTemp_inst_lvl_0,SoilTemp_inst_lvl_1,SoilTemp_inst_lvl_2,SoilTemp_inst_lvl_3,Streamflow_tavg
2,62223,7.021947860717773,16.66282081604004,0.10321876406669617,3.7137222290039062,24.793899536132812,0.39418405294418335,0.3898203372955322,0.37581589818000793,0.32878318428993225,25.701406478881836,25.64841651916504,25.55242347717285,25.592334747314453,5534.4501953125
3,62223,7.1415114402771,16.89910888671875,0.12593317031860352,3.66576886177063,24.94427490234375,0.4046076834201813,0.4031582772731781,0.39851686358451843,0.3840128183364868,25.767881393432617,25.639352798461914,25.43391227722168,25.392656326293945,7760.99560546875
4,62223,7.0745649337768555,17.057138442993164,0.11239000409841537,3.5811667442321777,25.043527603149414,0.4128856360912323,0.4133802056312561,0.4151920974254608,0.4210730791091919,25.70642852783203,25.607175827026367,25.400394439697266,25.329843521118164,9245.1171875
5,62223,6.100277423858643,17.050479888916016,0.07780316472053528,3.519226312637329,25.007261276245117,0.4146183133125305,0.4160657227039337,0.42086443305015564,0.4346613585948944,25.53268051147461,25.481048583984375,25.311368942260742,25.26788330078125,9833.189453125
6,62223,3.7230775356292725,16.59027862548828,0.030023781582713127,3.4553329944610596,24.80373191833496,0.4054117500782013,0.40736711025238037,0.4125711917877197,0.42583656311035156,25.1594181060791,25.150611877441406,25.062984466552734,25.12199592590332,7046.10400390625
7,62223,2.067250967025757,15.546510696411133,0.014369867742061615,3.5141327381134033,24.717456817626953,0.38422513008117676,0.3887244760990143,0.3926616609096527,0.4012227952480316,24.994911193847656,24.94146156311035,24.809459686279297,24.90052032470703,2919.249755859375
