month,pfaf_id,Rainf_tavg,Qair_f_tavg,Qs_tavg,Evap_tavg,Tair_f_tavg,SoilMoist_inst_lvl_0,SoilMoist_inst_lvl_1,SoilMoist_inst_lvl_2,SoilMoist_inst_lvl_3,SoilTemp_inst_lvl_0,SoilTemp_inst_lvl_1,SoilTemp_inst_lvl_2,SoilTemp_inst_lvl_3,Streamflow_tavg
4,67105,0.26338616013526917,13.052851676940918,8.94140248419717e-05,0.19621531665325165,20.219223022460938,0.17344622313976288,0.1986510008573532,0.19842252135276794,0.20322856307029724,22.14081573486328,21.896696090698242,21.886886596679688,21.651716232299805,36.213932037353516
5,67105,0.11726665496826172,11.56799030303955,2.746141944953706e-05,0.14645259082317352,18.669857025146484,0.18130724132061005,0.19713705778121948,0.19790661334991455,0.20325100421905518,19.518768310546875,19.47213363647461,19.753082275390625,20.095596313476562,30.098779678344727
6,67105,0.09699741750955582,10.398573875427246,0.0001277207920793444,0.11005055159330368,17.257007598876953,0.18266156315803528,0.19542793929576874,0.19732557237148285,0.20317694544792175,17.3984432220459,17.397449493408203,17.69896125793457,18.247041702270508,17.87021827697754
7,67105,0.06843560189008713,9.78250789642334,1.1495665603433736e-05,0.10826294869184494,16.45890235900879,0.18294914066791534,0.19427628815174103,0.1968054175376892,0.20307958126068115,16.599567413330078,16.40143394470215,16.422847747802734,16.79694366455078,10.881156921386719
8,67105,0.06000836566090584,9.580117225646973,8.295874977193307e-06,0.12656748294830322,16.264101028442383,0.1783694326877594,0.19262219965457916,0.19595929980278015,0.20290662348270416,17.42170524597168,16.56171226501465,16.11618995666504,16.08121109008789,7.228676795959473
9,67105,0.07324621081352234,9.896080017089844,1.357322616968304e-05,0.15528102219104767,16.744543075561523,0.17133519053459167,0.1903589367866516,0.19494226574897766,0.2026437520980835,18.732009887695312,17.684951782226562,16.778270721435547,16.2529296875,5.091926574707031
