month,pfaf_id,Rainf_tavg,Qair_f_tavg,Qs_tavg,Evap_tavg,Tair_f_tavg,SoilMoist_inst_lvl_0,SoilMoist_inst_lvl_1,SoilMoist_inst_lvl_2,SoilMoist_inst_lvl_3,SoilTemp_inst_lvl_0,SoilTemp_inst_lvl_1,SoilTemp_inst_lvl_2,SoilTemp_inst_lvl_3,Streamflow_tavg
2,62281,7.394819259643555,17.662073135375977,0.11056118458509445,3.7013649940490723,26.046770095825195,0.35802531242370605,0.3602304458618164,0.3665194809436798,0.387220174074173,27.084089279174805,26.833349227905273,26.585243225097656,26.45906639099121,15469.1787109375
3,62281,7.370034217834473,17.65378189086914,0.1209961399435997,3.6653778553009033,26.12671661376953,0.3597985506057739,0.3626601994037628,0.370540976524353,0.3941029906272888,27.160707473754883,26.849271774291992,26.549217224121094,26.402944564819336,15120.931640625
4,62281,7.448665618896484,17.74991226196289,0.10365729033946991,3.6165783405303955,26.13365364074707,0.36106836795806885,0.3640470802783966,0.37245577573776245,0.39759519696235657,27.06675910949707,26.818254470825195,26.549381256103516,26.405487060546875,19669.353515625
5,62281,7.244380474090576,17.79912757873535,0.05995066091418266,3.516726016998291,26.050800323486328,0.3614507019519806,0.3644804358482361,0.37321165204048157,0.3990685045719147,26.875286102294922,26.679439544677734,26.446815490722656,26.344911575317383,24318.26953125
6,62281,6.1675310134887695,17.893735885620117,0.023100025951862335,3.4169809818267822,26.010974884033203,0.35845300555229187,0.361666738986969,0.3704674541950226,0.39577674865722656,26.76546287536621,26.56145668029785,26.336353302001953,26.253890991210938,28000.892578125
7,62281,4.662319183349609,17.522619247436523,0.011762654408812523,3.4616434574127197,25.896072387695312,0.3512444496154785,0.3543010950088501,0.36230018734931946,0.38455730676651,26.635818481445312,26.397994995117188,26.19194221496582,26.147253036499023,29933.458984375
