month,pfaf_id,Rainf_tavg,Qair_f_tavg,Qs_tavg,Evap_tavg,Tair_f_tavg,SoilMoist_inst_lvl_0,SoilMoist_inst_lvl_1,SoilMoist_inst_lvl_2,SoilMoist_inst_lvl_3,SoilTemp_inst_lvl_0,SoilTemp_inst_lvl_1,SoilTemp_inst_lvl_2,SoilTemp_inst_lvl_3,Streamflow_tavg
2,61565,3.6411967277526855,14.990147590637207,0.015200920403003693,2.9359662532806396,26.282377243041992,0.2572942078113556,0.2713216245174408,0.2732899785041809,0.28232380747795105,29.42269515991211,28.750370025634766,28.40220069885254,28.014707565307617,455.10943603515625
3,61565,5.111281871795654,15.708061218261719,0.02762206830084324,3.47749662399292,26.731185913085938,0.29127249121665955,0.29457738995552063,0.2901781499385834,0.28915372490882874,28.920854568481445,28.062551498413086,27.61545753479004,27.432329177856445,535.1764526367188
4,61565,6.239790916442871,16.514270782470703,0.03833439201116562,3.6726949214935303,26.326295852661133,0.31680503487586975,0.3181898295879364,0.3172530233860016,0.317798912525177,27.78885841369629,27.209232330322266,26.95945167541504,26.879785537719727,959.9776611328125
5,61565,6.315199851989746,16.600204467773438,0.040501583367586136,3.5680205821990967,25.749862670898438,0.32930687069892883,0.33192509412765503,0.3367849886417389,0.34859511256217957,26.682483673095703,26.284088134765625,26.181119918823242,26.220134735107422,1290.138916015625
6,61565,6.384039878845215,16.64118003845215,0.03578665852546692,3.4572415351867676,25.51790428161621,0.33616477251052856,0.33932870626449585,0.3468307852745056,0.36679553985595703,26.285371780395508,25.82611083984375,25.63621711730957,25.622446060180664,1377.6593017578125
7,61565,6.3834614753723145,16.491079330444336,0.03378133848309517,3.435100793838501,25.297330856323242,0.33898231387138367,0.34269434213638306,0.3517715036869049,0.3760066628456116,26.217992782592773,25.693355560302734,25.427553176879883,25.31667709350586,1380.266845703125
