month,pfaf_id,Rainf_tavg,Qair_f_tavg,Qs_tavg,Evap_tavg,Tair_f_tavg,SoilMoist_inst_lvl_0,SoilMoist_inst_lvl_1,SoilMoist_inst_lvl_2,SoilMoist_inst_lvl_3,SoilTemp_inst_lvl_0,SoilTemp_inst_lvl_1,SoilTemp_inst_lvl_2,SoilTemp_inst_lvl_3,Streamflow_tavg
4,62254,6.401785373687744,16.84759521484375,0.012107795104384422,3.7477924823760986,25.899341583251953,0.3339446187019348,0.3372199535369873,0.3454298973083496,0.3765534460544586,26.62602996826172,26.600383758544922,26.377933502197266,26.275421142578125,153558.796875
5,62254,5.637807846069336,17.063339233398438,0.009746047668159008,3.558562755584717,25.906442642211914,0.3303163945674896,0.3333471715450287,0.3408665657043457,0.36935073137283325,26.497821807861328,26.41788673400879,26.168886184692383,26.089208602905273,145434.484375
6,62254,3.9492650032043457,16.578245162963867,0.005036182701587677,3.4064908027648926,25.724943161010742,0.32126179337501526,0.3241051435470581,0.3313901424407959,0.3570944666862488,26.022672653198242,25.99119758605957,25.848527908325195,25.876760482788086,127576.7421875
7,62254,3.019345998764038,16.000839233398438,0.0032139699906110764,3.3921539783477783,25.651559829711914,0.3103339672088623,0.3121035397052765,0.31734830141067505,0.3371049165725708,25.668561935424805,25.62497329711914,25.44662857055664,25.524005889892578,105791.7109375
8,62254,3.272421360015869,16.40500831604004,0.004502259194850922,3.6606032848358154,26.65813446044922,0.3037504553794861,0.30371764302253723,0.3050311803817749,0.31767508387565613,26.503517150878906,26.285762786865234,25.741443634033203,25.491056442260742,85744.015625
9,62254,4.174421787261963,17.100116729736328,0.007279032841324806,3.9777212142944336,27.509523391723633,0.3062639832496643,0.30503860116004944,0.30251067876815796,0.3076733946800232,27.5451602935791,27.248855590820312,26.550399780273438,26.05216407775879,69257.703125
