month,pfaf_id,Rainf_tavg,Qair_f_tavg,Qs_tavg,Evap_tavg,Tair_f_tavg,SoilMoist_inst_lvl_0,SoilMoist_inst_lvl_1,SoilMoist_inst_lvl_2,SoilMoist_inst_lvl_3,SoilTemp_inst_lvl_0,SoilTemp_inst_lvl_1,SoilTemp_inst_lvl_2,SoilTemp_inst_lvl_3,Streamflow_tavg
2,62452,7.1121344566345215,17.17902374267578,0.05974303558468819,3.492764472961426,25.127307891845703,0.31337377429008484,0.3128683269023895,0.31453782320022583,0.33818185329437256,25.728899002075195,26.297157287597656,26.203933715820312,26.369810104370117,7179.796875
3,62452,7.311506748199463,17.454195022583008,0.05666908621788025,3.4209911823272705,25.28506088256836,0.31699538230895996,0.31828072667121887,0.32426729798316956,0.3579573333263397,25.806787490844727,26.329002380371094,25.999923706054688,25.995389938354492,6972.66943359375
4,62452,7.01618766784668,17.582923889160156,0.06610632687807083,3.412107467651367,25.288368225097656,0.31703805923461914,0.31841909885406494,0.3263486623764038,0.3639325201511383,25.811460494995117,26.488887786865234,26.07386589050293,25.980430603027344,7958.1083984375
5,62452,5.120704650878906,17.209667205810547,0.04946660250425339,3.143109083175659,25.0731258392334,0.306134968996048,0.3096615672111511,0.3197069764137268,0.35753333568573,25.535484313964844,26.501163482666016,26.087215423583984,26.016281127929688,7737.18408203125
6,62452,2.3866562843322754,15.729799270629883,0.01381539087742567,2.6185355186462402,24.698104858398438,0.27963799238204956,0.2885909974575043,0.30240416526794434,0.3383667469024658,25.1048641204834,26.323884963989258,25.886091232299805,25.902109146118164,4203.02880859375
7,62452,0.9358394742012024,13.443090438842773,0.0018367648590356112,1.954086422920227,24.724531173706055,0.22896385192871094,0.2631717026233673,0.28075340390205383,0.3141615390777588,25.532371520996094,26.863147735595703,26.045148849487305,25.8792724609375,1459.0794677734375
