month,pfaf_id,Rainf_tavg,Qair_f_tavg,Qs_tavg,Evap_tavg,Tair_f_tavg,SoilMoist_inst_lvl_0,SoilMoist_inst_lvl_1,SoilMoist_inst_lvl_2,SoilMoist_inst_lvl_3,SoilTemp_inst_lvl_0,SoilTemp_inst_lvl_1,SoilTemp_inst_lvl_2,SoilTemp_inst_lvl_3,Streamflow_tavg
1,61625,3.5549707412719727,16.087108612060547,0.007749401964247227,3.387044906616211,23.56548500061035,0.29907748103141785,0.29572901129722595,0.28899726271629333,0.28396448493003845,24.19969367980957,24.320016860961914,24.253774642944336,24.48011016845703,313.30120849609375
2,61625,3.521094799041748,16.089988708496094,0.007507015950977802,3.5027878284454346,23.675918579101562,0.29529765248298645,0.2904313802719116,0.28242167830467224,0.27773353457450867,24.43714141845703,24.509469985961914,24.186433792114258,24.16326332092285,288.7176208496094
3,61625,3.7196569442749023,16.275373458862305,0.008140554651618004,3.540700912475586,23.796754837036133,0.29418182373046875,0.2886028587818146,0.277139276266098,0.2699708342552185,24.63947296142578,24.765254974365234,24.38559341430664,24.265060424804688,364.5232238769531
4,61625,4.458646774291992,16.738815307617188,0.01189288031309843,3.3554913997650146,23.803136825561523,0.30258890986442566,0.29654037952423096,0.2810421586036682,0.2686731815338135,24.868932723999023,24.980388641357422,24.596153259277344,24.442081451416016,463.78179931640625
5,61625,4.9405999183654785,16.998558044433594,0.013648075982928276,3.299734115600586,23.757619857788086,0.3121491074562073,0.30801355838775635,0.2942120432853699,0.2784837782382965,25.0253849029541,25.031217575073242,24.692020416259766,24.574169158935547,726.0244140625
12,61625,3.7010409832000732,16.35948371887207,0.008449879474937916,3.3709909915924072,23.740158081054688,0.30063995718955994,0.29745709896087646,0.2907978594303131,0.28537556529045105,24.49942398071289,24.831867218017578,25.137130737304688,25.59984588623047,674.3002319335938
