month,pfaf_id,Rainf_tavg,Qair_f_tavg,Qs_tavg,Evap_tavg,Tair_f_tavg,SoilMoist_inst_lvl_0,SoilMoist_inst_lvl_1,SoilMoist_inst_lvl_2,SoilMoist_inst_lvl_3,SoilTemp_inst_lvl_0,SoilTemp_inst_lvl_1,SoilTemp_inst_lvl_2,SoilTemp_inst_lvl_3,Streamflow_tavg
2,62222,7.276362419128418,16.646923065185547,0.12530973553657532,3.6286780834198,24.537717819213867,0.3905785381793976,0.3893202245235443,0.3844830393791199,0.3707953691482544,25.52654266357422,25.460914611816406,25.350223541259766,25.363529205322266,2486.946533203125
3,62222,7.333188533782959,16.908470153808594,0.10336588323116302,3.5689852237701416,24.686609268188477,0.39810284972190857,0.3987113833427429,0.39997628331184387,0.40538376569747925,25.620153427124023,25.45672607421875,25.227394104003906,25.163057327270508,3110.364501953125
4,62222,7.123303413391113,17.042633056640625,0.07704534381628036,3.5103585720062256,24.723960876464844,0.40217530727386475,0.40369153022766113,0.40813228487968445,0.42311757802963257,25.570844650268555,25.42935562133789,25.20191764831543,25.1063175201416,4701.11181640625
5,62222,5.593887805938721,16.901479721069336,0.054959993809461594,3.362025022506714,24.61607551574707,0.39999905228614807,0.4020281732082367,0.40797045826911926,0.4259261190891266,25.23761749267578,25.18578338623047,25.045425415039062,25.02037239074707,5217.875
6,62222,3.01568865776062,16.013172149658203,0.01985263079404831,3.2717933654785156,24.391069412231445,0.387224406003952,0.3894023001194,0.3950961232185364,0.4101806879043579,24.615989685058594,24.61281394958496,24.598730087280273,24.749422073364258,3949.197509765625
7,62222,1.4827405214309692,14.39777946472168,0.007919084280729294,3.4404048919677734,24.520769119262695,0.3625248372554779,0.3657621741294861,0.3703203797340393,0.37996378540992737,24.329042434692383,24.234882354736328,24.17085838317871,24.367767333984375,1688.039306640625
