month,pfaf_id,Rainf_tavg,Qair_f_tavg,Qs_tavg,Evap_tavg,Tair_f_tavg,SoilMoist_inst_lvl_0,SoilMoist_inst_lvl_1,SoilMoist_inst_lvl_2,SoilMoist_inst_lvl_3,SoilTemp_inst_lvl_0,SoilTemp_inst_lvl_1,SoilTemp_inst_lvl_2,SoilTemp_inst_lvl_3,Streamflow_tavg
2,62243,6.649765968322754,16.543087005615234,0.06648673862218857,3.681509256362915,25.453689575195312,0.37169238924980164,0.3742649555206299,0.380327969789505,0.4015463888645172,26.202184677124023,26.097694396972656,25.8671875,25.768524169921875,11818.158203125
3,62243,6.706613540649414,16.7818546295166,0.06302416324615479,3.613957405090332,25.609960556030273,0.3731623888015747,0.3759285807609558,0.3827618658542633,0.4057947099208832,26.340801239013672,26.17146873474121,25.8447265625,25.678117752075195,13272.0537109375
4,62243,6.622613430023193,16.995718002319336,0.05085735395550728,3.5915627479553223,25.64165496826172,0.37349164485931396,0.3763761520385742,0.38354483246803284,0.40730661153793335,26.378408432006836,26.22464370727539,25.897113800048828,25.704030990600586,14505.46875
5,62243,5.662267684936523,16.985261917114258,0.030088772997260094,3.532918691635132,25.571266174316406,0.3708348870277405,0.3735128343105316,0.3807150423526764,0.4040104150772095,26.191343307495117,26.090635299682617,25.834226608276367,25.694015502929688,12855.078125
6,62243,3.6403517723083496,16.287981033325195,0.012579767033457756,3.439617156982422,25.285282135009766,0.36063364148139954,0.3630896210670471,0.36951112747192383,0.3891315460205078,25.6275577545166,25.55934715270996,25.449935913085938,25.490619659423828,7330.75341796875
7,62243,2.458245277404785,15.124642372131348,0.009534892626106739,3.5770673751831055,25.440872192382812,0.3450620174407959,0.34663331508636475,0.3508293926715851,0.36425837874412537,25.40885353088379,25.190601348876953,25.028987884521484,25.129009246826172,2756.28515625
