month,pfaf_id,Rainf_tavg,Qair_f_tavg,Qs_tavg,Evap_tavg,Tair_f_tavg,SoilMoist_inst_lvl_0,SoilMoist_inst_lvl_1,SoilMoist_inst_lvl_2,SoilMoist_inst_lvl_3,SoilTemp_inst_lvl_0,SoilTemp_inst_lvl_1,SoilTemp_inst_lvl_2,SoilTemp_inst_lvl_3,Streamflow_tavg
4,61586,10.263802528381348,16.433292388916016,0.5484349131584167,3.7998392581939697,24.4989013671875,0.3814717233181,0.37672197818756104,0.36355090141296387,0.3287646770477295,25.634370803833008,24.8833065032959,24.203880310058594,23.69725227355957,132.4422149658203
5,61586,10.362897872924805,16.497703552246094,1.190842866897583,3.822685480117798,24.571455001831055,0.3941972553730011,0.3939173221588135,0.39450880885124207,0.3971509039402008,25.750364303588867,25.111913681030273,24.594820022583008,24.144054412841797,496.8737487792969
6,61586,10.198063850402832,16.50255584716797,1.0971729755401611,3.85880446434021,24.616798400878906,0.39795950055122375,0.3993873596191406,0.40396440029144287,0.419556200504303,25.63954734802246,25.10603141784668,24.6926326751709,24.348066329956055,652.5291137695312
7,61586,10.182703018188477,16.454612731933594,1.0110011100769043,3.8071672916412354,24.583162307739258,0.3992803990840912,0.40147799253463745,0.4075475335121155,0.42681077122688293,25.531116485595703,25.0804500579834,24.711715698242188,24.414093017578125,704.1846923828125
8,61586,9.839969635009766,16.463930130004883,0.9273702502250671,3.8992362022399902,24.724651336669922,0.398968905210495,0.4014335870742798,0.408046692609787,0.4281749427318573,25.615459442138672,25.149328231811523,24.749794006347656,24.439748764038086,692.0541381835938
9,61586,9.315635681152344,16.543004989624023,0.7998371720314026,4.053793907165527,25.051448822021484,0.3974251449108124,0.3998139202594757,0.4064066708087921,0.4262615442276001,25.930587768554688,25.394500732421875,24.926443099975586,24.542566299438477,624.3794555664062
