month,pfaf_id,Rainf_tavg,Qair_f_tavg,Qs_tavg,Evap_tavg,Tair_f_tavg,SoilMoist_inst_lvl_0,SoilMoist_inst_lvl_1,SoilMoist_inst_lvl_2,SoilMoist_inst_lvl_3,SoilTemp_inst_lvl_0,SoilTemp_inst_lvl_1,SoilTemp_inst_lvl_2,SoilTemp_inst_lvl_3,Streamflow_tavg
1,61583,9.87144660949707,17.946992874145508,0.5391107797622681,3.514366626739502,25.601484298706055,0.3836885690689087,0.3873770833015442,0.39573943614959717,0.42092010378837585,27.016517639160156,26.62384796142578,26.44931411743164,26.480297088623047,3049.84228515625
2,61583,9.870012283325195,18.01699447631836,0.4732690751552582,3.6819732189178467,25.831619262695312,0.3833405673503876,0.3872094452381134,0.3953852355480194,0.4202241897583008,27.17361831665039,26.742319107055664,26.4316463470459,26.318798065185547,3289.062255859375
3,61583,9.949048042297363,18.05061149597168,0.3767969608306885,3.716205596923828,25.845508575439453,0.3838232457637787,0.38761305809020996,0.3957354724407196,0.4207989275455475,27.145044326782227,26.80451202392578,26.496803283691406,26.343778610229492,3329.03125
4,61583,10.209763526916504,17.99167251586914,0.2833370864391327,3.6136767864227295,25.5656681060791,0.3849438428878784,0.3883683979511261,0.3966194689273834,0.42220523953437805,26.99559783935547,26.681474685668945,26.429851531982422,26.328655242919922,3518.155029296875
5,61583,10.262167930603027,17.979677200317383,0.33950117230415344,3.5677170753479004,25.463958740234375,0.3848348557949066,0.3884201645851135,0.39681434631347656,0.42255985736846924,26.98661994934082,26.56818389892578,26.326261520385742,26.251628875732422,3675.12158203125
12,61583,10.157325744628906,17.934728622436523,0.4918140470981598,3.442176580429077,25.472393035888672,0.3821463882923126,0.3851102590560913,0.39176878333091736,0.4126223921775818,27.06709861755371,26.809341430664062,26.84983253479004,27.007646560668945,1609.4329833984375
