month,pfaf_id,Rainf_tavg,Qair_f_tavg,Qs_tavg,Evap_tavg,Tair_f_tavg,SoilMoist_inst_lvl_0,SoilMoist_inst_lvl_1,SoilMoist_inst_lvl_2,SoilMoist_inst_lvl_3,SoilTemp_inst_lvl_0,SoilTemp_inst_lvl_1,SoilTemp_inst_lvl_2,SoilTemp_inst_lvl_3,Streamflow_tavg
2,62495,5.703733444213867,17.004697799682617,0.06095140427350998,3.6813013553619385,24.85030746459961,0.3503044843673706,0.3514680862426758,0.35519275069236755,0.3705875277519226,25.487953186035156,25.81778335571289,25.665170669555664,25.7578067779541,2511.261474609375
3,62495,5.416919708251953,17.071979522705078,0.0638439729809761,3.61673903465271,25.231266021728516,0.3528684675693512,0.35484135150909424,0.3610517978668213,0.37927454710006714,25.59327507019043,25.904624938964844,25.533050537109375,25.427705764770508,2519.14501953125
4,62495,4.038771629333496,16.119054794311523,0.0451987199485302,3.500309944152832,24.83645248413086,0.3421219289302826,0.34759342670440674,0.3569996654987335,0.37738895416259766,24.987424850463867,25.572195053100586,25.30472755432129,25.284040451049805,2740.61669921875
5,62495,1.5350548028945923,12.693537712097168,0.007437215186655521,2.8549492359161377,24.24393081665039,0.2902168929576874,0.32166072726249695,0.33701440691947937,0.3580765724182129,23.966808319091797,24.976118087768555,24.734540939331055,24.88801383972168,1809.650146484375
6,62495,0.8647966384887695,9.951604843139648,0.0021372055634856224,1.5967214107513428,23.64078140258789,0.22143539786338806,0.3086031675338745,0.32074663043022156,0.3379755914211273,23.881032943725586,25.073387145996094,24.4755916595459,24.482053756713867,682.9730834960938
7,62495,0.6714527606964111,8.860569953918457,0.0014552893117070198,1.1454765796661377,24.397634506225586,0.19013354182243347,0.3039168417453766,0.31282949447631836,0.32684463262557983,25.018388748168945,26.153444290161133,25.152772903442383,24.721668243408203,289.4731750488281
