month,pfaf_id,Rainf_tavg,Qair_f_tavg,Qs_tavg,Evap_tavg,Tair_f_tavg,SoilMoist_inst_lvl_0,SoilMoist_inst_lvl_1,SoilMoist_inst_lvl_2,SoilMoist_inst_lvl_3,SoilTemp_inst_lvl_0,SoilTemp_inst_lvl_1,SoilTemp_inst_lvl_2,SoilTemp_inst_lvl_3,Streamflow_tavg
1,61597,5.534499645233154,16.940576553344727,0.04384166747331619,3.372796058654785,24.722705841064453,0.36736220121383667,0.37104499340057373,0.3779831826686859,0.3979136645793915,26.259811401367188,25.553457260131836,25.235885620117188,25.083621978759766,1370.7088623046875
2,61597,6.032413482666016,17.172271728515625,0.037605226039886475,3.519503593444824,25.076679229736328,0.36927828192710876,0.37204113602638245,0.3783847987651825,0.39792802929878235,26.440860748291016,25.762901306152344,25.32307243347168,25.037874221801758,1326.2020263671875
3,61597,6.415283679962158,17.2888240814209,0.035825490951538086,3.5094714164733887,25.26976776123047,0.3715236485004425,0.37416625022888184,0.38100072741508484,0.40164437890052795,26.522668838500977,25.930805206298828,25.494159698486328,25.160341262817383,1408.7762451171875
4,61597,6.986908435821533,17.245027542114258,0.04069053381681442,3.4259612560272217,24.92841339111328,0.37463897466659546,0.3771749436855316,0.38421761989593506,0.40617743134498596,26.20755958557129,25.715286254882812,25.42200469970703,25.199684143066406,1658.7884521484375
5,61597,7.040143966674805,17.193382263183594,0.03496737778186798,3.293628454208374,24.680192947387695,0.3758351504802704,0.3784051239490509,0.38576868176460266,0.4087861478328705,25.99086570739746,25.466690063476562,25.212039947509766,25.062660217285156,1951.6197509765625
12,61597,6.1438889503479,17.088911056518555,0.047686927020549774,3.3109841346740723,24.648820877075195,0.36873704195022583,0.3713796138763428,0.37707358598709106,0.395207941532135,26.294219970703125,25.644264221191406,25.44792938232422,25.354576110839844,1884.9017333984375
