month,pfaf_id,Rainf_tavg,Qair_f_tavg,Qs_tavg,Evap_tavg,Tair_f_tavg,SoilMoist_inst_lvl_0,SoilMoist_inst_lvl_1,SoilMoist_inst_lvl_2,SoilMoist_inst_lvl_3,SoilTemp_inst_lvl_0,SoilTemp_inst_lvl_1,SoilTemp_inst_lvl_2,SoilTemp_inst_lvl_3,Streamflow_tavg
2,62499,6.519254684448242,16.36186981201172,0.037585463374853134,3.6465747356414795,23.810256958007812,0.3082102835178375,0.3086291551589966,0.3155692517757416,0.3473089635372162,24.56000518798828,25.063873291015625,24.695951461791992,24.586929321289062,587.7318115234375
3,62499,5.991745471954346,16.378149032592773,0.041762642562389374,3.4700448513031006,23.978487014770508,0.30789434909820557,0.30941241979599,0.31911584734916687,0.3543112277984619,24.631031036376953,25.153059005737305,24.59615135192871,24.31907844543457,685.4649658203125
4,62499,4.20252799987793,15.236711502075195,0.028956390917301178,3.035195827484131,23.276615142822266,0.29446807503700256,0.2996900975704193,0.3123835027217865,0.3480242192745209,23.768285751342773,24.700729370117188,24.288496017456055,24.1722412109375,606.1332397460938
5,62499,1.5384856462478638,12.23045539855957,0.004960388410836458,2.2605717182159424,22.130325317382812,0.2573193907737732,0.2737990617752075,0.2930011749267578,0.32782527804374695,22.435625076293945,23.813512802124023,23.515789031982422,23.640045166015625,311.8443908691406
6,62499,0.8899680376052856,10.030435562133789,0.002055743709206581,1.5387011766433716,21.14199447631836,0.22136928141117096,0.25437670946121216,0.2757377028465271,0.30706024169921875,21.505834579467773,23.016813278198242,22.56532096862793,22.798992156982422,127.82042694091797
7,62499,0.590108335018158,9.3721284866333,0.0006170005653984845,1.2051825523376465,21.8339900970459,0.19560790061950684,0.24345730245113373,0.2644810378551483,0.2928163707256317,22.459028244018555,23.850961685180664,22.86129379272461,22.60661506652832,65.05567169189453
