month,pfaf_id,Rainf_tavg,Qair_f_tavg,Qs_tavg,Evap_tavg,Tair_f_tavg,SoilMoist_inst_lvl_0,SoilMoist_inst_lvl_1,SoilMoist_inst_lvl_2,SoilMoist_inst_lvl_3,SoilTemp_inst_lvl_0,SoilTemp_inst_lvl_1,SoilTemp_inst_lvl_2,SoilTemp_inst_lvl_3,Streamflow_tavg
2,62301,6.687402248382568,17.63920783996582,0.04077811539173126,3.8789565563201904,25.74891471862793,0.37890443205833435,0.3779556155204773,0.37874558568000793,0.385344535112381,26.951459884643555,27.146623611450195,26.927289962768555,26.87250328063965,117554.1484375
3,62301,6.7017502784729,17.900737762451172,0.04133119806647301,3.8825607299804688,26.032957077026367,0.38259685039520264,0.3831152617931366,0.3875238299369812,0.4048210382461548,27.12885093688965,27.230756759643555,26.897138595581055,26.753995895385742,136646.109375
4,62301,6.689980983734131,18.017210006713867,0.03589717298746109,3.8180038928985596,26.171070098876953,0.38489940762519836,0.38648444414138794,0.3930693566799164,0.4155060946941376,27.150876998901367,27.270292282104492,26.95746421813965,26.78082847595215,152377.0
5,62301,6.923216342926025,18.049264907836914,0.036552537232637405,3.7353501319885254,26.151960372924805,0.3863193392753601,0.3882228136062622,0.3955548107624054,0.41969603300094604,27.02472496032715,27.176563262939453,26.906482696533203,26.77027130126953,160572.21875
6,62301,5.494392395019531,17.90583038330078,0.019826645031571388,3.6384880542755127,26.052736282348633,0.3815120756626129,0.38395994901657104,0.39189404249191284,0.415749728679657,26.862825393676758,27.013172149658203,26.784818649291992,26.69793701171875,155786.90625
7,62301,3.409914255142212,17.438087463378906,0.009937068447470665,3.7293992042541504,25.9132022857666,0.36767637729644775,0.37035074830055237,0.377162903547287,0.39566871523857117,26.652936935424805,26.791664123535156,26.586103439331055,26.557170867919922,130501.015625
