month,pfaf_id,Rainf_tavg,Qair_f_tavg,Qs_tavg,Evap_tavg,Tair_f_tavg,SoilMoist_inst_lvl_0,SoilMoist_inst_lvl_1,SoilMoist_inst_lvl_2,SoilMoist_inst_lvl_3,SoilTemp_inst_lvl_0,SoilTemp_inst_lvl_1,SoilTemp_inst_lvl_2,SoilTemp_inst_lvl_3,Streamflow_tavg
4,61660,6.051187038421631,16.824323654174805,0.1019284650683403,3.470876455307007,24.381122589111328,0.3672459125518799,0.3606896996498108,0.3501766324043274,0.3347504436969757,25.53276252746582,25.50474739074707,25.259531021118164,25.09453582763672,988.9596557617188
5,61660,5.962806701660156,17.17437171936035,0.16910049319267273,3.4051928520202637,24.46213722229004,0.3762243092060089,0.3739469647407532,0.3708530366420746,0.3639403283596039,25.501258850097656,25.40179443359375,25.139799118041992,25.013750076293945,938.2720947265625
6,61660,5.486354827880859,17.178565979003906,0.1387569010257721,3.4147541522979736,24.489776611328125,0.3782001733779907,0.3772658705711365,0.37794730067253113,0.38317227363586426,25.450693130493164,25.362659454345703,25.10496711730957,24.973180770874023,1124.3162841796875
7,61660,4.604321002960205,16.77843475341797,0.07259103655815125,3.475132703781128,24.415803909301758,0.375605970621109,0.375826358795166,0.37834304571151733,0.3883770704269409,25.2358455657959,25.20308494567871,24.980422973632812,24.898645401000977,1065.9659423828125
8,61660,3.800985813140869,16.75283432006836,0.03957749530673027,3.637610673904419,24.464651107788086,0.36999568343162537,0.3704843521118164,0.37292903661727905,0.382434606552124,25.266014099121094,25.223464965820312,24.937091827392578,24.81915283203125,763.86572265625
9,61660,2.862872838973999,16.838319778442383,0.019847603514790535,3.7922451496124268,24.59626579284668,0.3582399785518646,0.3582979738712311,0.3596452474594116,0.36613592505455017,25.487194061279297,25.402507781982422,25.049015045166016,24.862167358398438,412.71185302734375
