month,pfaf_id,Rainf_tavg,Qair_f_tavg,Qs_tavg,Evap_tavg,Tair_f_tavg,SoilMoist_inst_lvl_0,SoilMoist_inst_lvl_1,SoilMoist_inst_lvl_2,SoilMoist_inst_lvl_3,SoilTemp_inst_lvl_0,SoilTemp_inst_lvl_1,SoilTemp_inst_lvl_2,SoilTemp_inst_lvl_3,Streamflow_tavg
2,61595,5.885525703430176,17.3120174407959,0.040429722517728806,3.3265395164489746,24.72745704650879,0.3458176255226135,0.34309735894203186,0.33605727553367615,0.32938310503959656,26.27431297302246,25.76114273071289,25.5673828125,25.488693237304688,3384.023681640625
3,61595,6.955822467803955,17.571542739868164,0.06981723010540009,3.4792685508728027,24.979751586914062,0.3601383566856384,0.36116722226142883,0.36141401529312134,0.3671472668647766,26.583118438720703,25.94075584411621,25.578758239746094,25.40430450439453,2314.41943359375
4,61595,7.635836601257324,17.70384407043457,0.08249028027057648,3.454422950744629,24.910669326782227,0.3672289550304413,0.36985933780670166,0.3748011887073517,0.39342689514160156,26.49424171447754,25.96727180480957,25.661420822143555,25.482404708862305,2862.67529296875
5,61595,7.767149448394775,17.59423065185547,0.06097714602947235,3.305903434753418,24.650171279907227,0.36939093470573425,0.3719630241394043,0.3780655860900879,0.399696409702301,26.190092086791992,25.76833724975586,25.529741287231445,25.42911720275879,4280.58056640625
6,61595,7.8208184242248535,17.607236862182617,0.06260650604963303,3.213857412338257,24.597103118896484,0.3694295585155487,0.372237890958786,0.3786645233631134,0.4007285237312317,26.142398834228516,25.712839126586914,25.445783615112305,25.334070205688477,5356.8486328125
7,61595,7.867079257965088,17.480484008789062,0.058265991508960724,3.2245590686798096,24.51434898376465,0.36965712904930115,0.3723832964897156,0.37884047627449036,0.40099576115608215,26.116485595703125,25.646284103393555,25.396312713623047,25.287918090820312,5843.26220703125
