month,pfaf_id,Rainf_tavg,Qair_f_tavg,Qs_tavg,Evap_tavg,Tair_f_tavg,SoilMoist_inst_lvl_0,SoilMoist_inst_lvl_1,SoilMoist_inst_lvl_2,SoilMoist_inst_lvl_3,SoilTemp_inst_lvl_0,SoilTemp_inst_lvl_1,SoilTemp_inst_lvl_2,SoilTemp_inst_lvl_3,Streamflow_tavg
2,61597,5.33442497253418,16.98948097229004,0.029222261160612106,3.3577442169189453,24.877593994140625,0.3390601575374603,0.34069082140922546,0.3351407051086426,0.33208879828453064,26.7687931060791,26.118885040283203,25.8269100189209,25.56974220275879,1093.117431640625
3,61597,6.313242435455322,17.219303131103516,0.05126718804240227,3.5768306255340576,25.168291091918945,0.359380304813385,0.3605022430419922,0.3593892753124237,0.36048129200935364,26.94487953186035,26.154626846313477,25.727113723754883,25.45863151550293,525.2909545898438
4,61597,6.974442958831787,17.32079315185547,0.05417398363351822,3.582022190093994,25.04520034790039,0.3703104853630066,0.3721992075443268,0.3761468231678009,0.39094918966293335,26.549158096313477,25.956438064575195,25.650413513183594,25.42902183532715,826.2252807617188
5,61597,7.072767734527588,17.200332641601562,0.0388958640396595,3.340819835662842,24.709331512451172,0.37470659613609314,0.3770904541015625,0.3836663067340851,0.40477055311203003,26.080677032470703,25.586477279663086,25.361557006835938,25.235429763793945,1371.757080078125
6,61597,7.203663349151611,17.204145431518555,0.0319846086204052,3.247650623321533,24.63909339904785,0.37649020552635193,0.37913936376571655,0.38628581166267395,0.4093361496925354,25.910409927368164,25.404272079467773,25.15391731262207,25.017932891845703,1734.1934814453125
7,61597,7.198899745941162,17.05465316772461,0.02852010168135166,3.2505013942718506,24.559024810791016,0.37694546580314636,0.3795905113220215,0.3869616687297821,0.41060516238212585,25.885793685913086,25.33639144897461,25.06107521057129,24.893156051635742,1969.94140625
