month,pfaf_id,Rainf_tavg,Qair_f_tavg,Qs_tavg,Evap_tavg,Tair_f_tavg,SoilMoist_inst_lvl_0,SoilMoist_inst_lvl_1,SoilMoist_inst_lvl_2,SoilMoist_inst_lvl_3,SoilTemp_inst_lvl_0,SoilTemp_inst_lvl_1,SoilTemp_inst_lvl_2,SoilTemp_inst_lvl_3,Streamflow_tavg
1,62237,5.7709879875183105,16.95236587524414,0.07592727988958359,3.3103106021881104,25.834331512451172,0.3293113708496094,0.32342293858528137,0.3016073405742645,0.2660083472728729,26.89216423034668,27.17845916748047,27.260848999023438,27.660629272460938,81479.359375
2,62237,5.95743989944458,17.17070960998535,0.08100683987140656,3.328835964202881,25.816959381103516,0.3366332948207855,0.3333587646484375,0.3202161192893982,0.28716224431991577,26.785856246948242,26.987579345703125,26.81598472595215,26.89616584777832,86314.3359375
3,62237,6.74830961227417,17.33077049255371,0.14510363340377808,3.359933376312256,25.881715774536133,0.3456119894981384,0.34370157122612,0.33543235063552856,0.31179279088974,26.7502384185791,26.94576644897461,26.681291580200195,26.623098373413086,105642.1953125
4,62237,7.015365123748779,17.323810577392578,0.14735764265060425,3.4625232219696045,25.969083786010742,0.35245463252067566,0.3517244756221771,0.3484032154083252,0.3394298255443573,26.754987716674805,26.9300594329834,26.622982025146484,26.515039443969727,126752.2109375
5,62237,6.590338230133057,17.386716842651367,0.14416654407978058,3.5127315521240234,25.894620895385742,0.3551790714263916,0.3557637929916382,0.35665470361709595,0.3608175814151764,26.720125198364258,26.845579147338867,26.542789459228516,26.44361114501953,138785.71875
12,62237,5.274481296539307,16.391550064086914,0.05783039331436157,3.3059935569763184,26.613994598388672,0.30381956696510315,0.2958660125732422,0.2672417163848877,0.24499765038490295,27.673507690429688,28.25454330444336,28.769203186035156,29.364429473876953,83668.6640625
