month,pfaf_id,Rainf_tavg,Qair_f_tavg,Qs_tavg,Evap_tavg,Tair_f_tavg,SoilMoist_inst_lvl_0,SoilMoist_inst_lvl_1,SoilMoist_inst_lvl_2,SoilMoist_inst_lvl_3,SoilTemp_inst_lvl_0,SoilTemp_inst_lvl_1,SoilTemp_inst_lvl_2,SoilTemp_inst_lvl_3,Streamflow_tavg
1,61568,4.568141937255859,10.42121696472168,0.030846847221255302,2.3930821418762207,12.91042423248291,0.35181671380996704,0.3564666509628296,0.3646116554737091,0.3848862051963806,15.265655517578125,14.64864444732666,14.486321449279785,14.60110855102539,203.25033569335938
2,61568,5.004560470581055,10.604629516601562,0.03579439967870712,2.359546661376953,13.069759368896484,0.3535216748714447,0.3573967218399048,0.3651510775089264,0.385947585105896,15.408706665039062,14.791069984436035,14.395623207092285,14.238374710083008,227.20339965820312
3,61568,5.495927333831787,10.81341552734375,0.037345413118600845,2.321077585220337,13.202609062194824,0.3569135069847107,0.3601771593093872,0.3679124116897583,0.3898756504058838,15.4937744140625,14.93985652923584,14.489893913269043,14.22486686706543,277.3466491699219
4,61568,6.1267595291137695,10.991090774536133,0.04231425002217293,2.2946112155914307,13.165289878845215,0.3621854782104492,0.36419907212257385,0.37144017219543457,0.39452412724494934,15.35246753692627,14.83448600769043,14.467387199401855,14.245241165161133,339.5337219238281
5,61568,5.8710150718688965,10.986659049987793,0.027657143771648407,2.3276779651641846,13.099379539489746,0.3625066578388214,0.3645331859588623,0.37169402837753296,0.39537152647972107,15.29654598236084,14.647027015686035,14.329830169677734,14.165529251098633,350.6498107910156
12,61568,5.071630001068115,10.620328903198242,0.039682403206825256,2.4213051795959473,12.938878059387207,0.3524913489818573,0.35454797744750977,0.3600195348262787,0.3760431408882141,15.395976066589355,15.071934700012207,15.31591796875,15.578990936279297,139.8335418701172
