month,pfaf_id,Rainf_tavg,Qair_f_tavg,Qs_tavg,Evap_tavg,Tair_f_tavg,SoilMoist_inst_lvl_0,SoilMoist_inst_lvl_1,SoilMoist_inst_lvl_2,SoilMoist_inst_lvl_3,SoilTemp_inst_lvl_0,SoilTemp_inst_lvl_1,SoilTemp_inst_lvl_2,SoilTemp_inst_lvl_3,Streamflow_tavg
2,61598,4.788702011108398,14.244951248168945,0.08038315176963806,3.189572334289551,22.792091369628906,0.33299607038497925,0.3449914753437042,0.34608525037765503,0.35388511419296265,24.91570472717285,24.008235931396484,23.577207565307617,23.08671760559082,418.01263427734375
3,61598,5.494212627410889,14.475117683410645,0.15398138761520386,3.3666508197784424,22.873655319213867,0.35361701250076294,0.3562129735946655,0.3561389148235321,0.3610939681529999,24.80369758605957,23.758628845214844,23.272388458251953,22.944215774536133,292.3919982910156
4,61598,5.988808631896973,14.63748550415039,0.1974547952413559,3.311152696609497,22.732471466064453,0.3628486096858978,0.3639984428882599,0.36428558826446533,0.3696596622467041,24.244373321533203,23.438093185424805,23.072017669677734,22.791378021240234,487.32421875
5,61598,5.977048873901367,14.560901641845703,0.18205924332141876,3.2174932956695557,22.456491470336914,0.3675472140312195,0.3685400187969208,0.3696693480014801,0.37730056047439575,23.73701286315918,23.02715492248535,22.73956871032715,22.532278060913086,642.1162109375
6,61598,6.0014190673828125,14.492059707641602,0.17290756106376648,3.1595778465270996,22.34974479675293,0.3709253668785095,0.37148192524909973,0.3728352189064026,0.38280531764030457,23.493722915649414,22.741117477416992,22.455076217651367,22.25734519958496,786.720703125
7,61598,5.868556976318359,14.319466590881348,0.15948064625263214,3.1340439319610596,22.157636642456055,0.3720550239086151,0.3727337419986725,0.3746486008167267,0.3862038552761078,23.338518142700195,22.576488494873047,22.274980545043945,22.056791305541992,900.4110107421875
