month,pfaf_id,Rainf_tavg,Qair_f_tavg,Qs_tavg,Evap_tavg,Tair_f_tavg,SoilMoist_inst_lvl_0,SoilMoist_inst_lvl_1,SoilMoist_inst_lvl_2,SoilMoist_inst_lvl_3,SoilTemp_inst_lvl_0,SoilTemp_inst_lvl_1,SoilTemp_inst_lvl_2,SoilTemp_inst_lvl_3,Streamflow_tavg
2,62303,6.967214584350586,17.662744522094727,0.04588588327169418,3.8681812286376953,25.689186096191406,0.3854631185531616,0.3861849308013916,0.39175722002983093,0.41217556595802307,26.7066650390625,26.845256805419922,26.629972457885742,26.57719612121582,99.91529083251953
3,62303,6.919429779052734,17.953100204467773,0.0461871512234211,3.8460540771484375,25.959487915039062,0.3858458399772644,0.3871333599090576,0.39370593428611755,0.41666245460510254,26.934814453125,27.001394271850586,26.6612491607666,26.5118408203125,200.3692626953125
4,62303,6.973968505859375,18.091922760009766,0.044249556958675385,3.7829031944274902,26.05461311340332,0.38698211312294006,0.3885485529899597,0.3958354890346527,0.42041707038879395,26.96038246154785,27.064401626586914,26.75905418395996,26.584745407104492,250.0744171142578
5,62303,7.006805419921875,18.147920608520508,0.0397697351872921,3.678842544555664,26.010629653930664,0.3872947692871094,0.3890434205532074,0.39668604731559753,0.42177656292915344,26.812740325927734,26.95037841796875,26.704458236694336,26.589481353759766,279.4318542480469
6,62303,5.357110023498535,17.999942779541016,0.020449042320251465,3.5738277435302734,25.918140411376953,0.3810727596282959,0.3835696280002594,0.3917509913444519,0.41582268476486206,26.616846084594727,26.757417678833008,26.562868118286133,26.508237838745117,284.87030029296875
7,62303,3.26851487159729,17.476356506347656,0.009655389934778214,3.697117567062378,25.7683048248291,0.36607396602630615,0.3689824044704437,0.3760634958744049,0.3945590555667877,26.3502254486084,26.49611473083496,26.331501007080078,26.344606399536133,195.9354705810547
