month,pfaf_id,Rainf_tavg,Qair_f_tavg,Qs_tavg,Evap_tavg,Tair_f_tavg,SoilMoist_inst_lvl_0,SoilMoist_inst_lvl_1,SoilMoist_inst_lvl_2,SoilMoist_inst_lvl_3,SoilTemp_inst_lvl_0,SoilTemp_inst_lvl_1,SoilTemp_inst_lvl_2,SoilTemp_inst_lvl_3,Streamflow_tavg
1,64276,6.860149383544922,16.941205978393555,0.055030569434165955,3.978137969970703,25.026161193847656,0.3115788698196411,0.3111279308795929,0.3147687017917633,0.3335857093334198,25.541200637817383,25.929370880126953,25.488353729248047,25.253658294677734,3272.81982421875
2,64276,6.453426837921143,16.955900192260742,0.053729020059108734,3.8458313941955566,25.125507354736328,0.3123122751712799,0.31302231550216675,0.31973689794540405,0.34476545453071594,25.42418670654297,25.882925033569336,25.29846954345703,24.93016242980957,5316.3837890625
3,64276,5.408496379852295,16.724937438964844,0.04471752047538757,3.6648004055023193,24.992027282714844,0.3061462938785553,0.30857986211776733,0.31719422340393066,0.34351497888565063,25.184764862060547,25.883071899414062,25.267902374267578,24.862194061279297,5406.91650390625
4,64276,3.2745749950408936,14.935775756835938,0.02238503471016884,3.1329615116119385,23.96916389465332,0.28631526231765747,0.294895201921463,0.30706530809402466,0.33284056186676025,23.983734130859375,25.168636322021484,24.773042678833008,24.620601654052734,4388.8134765625
5,64276,1.4825087785720825,11.79659366607666,0.004690717905759811,2.192064046859741,22.2535343170166,0.2509686350822449,0.273824006319046,0.2900817096233368,0.3142722249031067,22.17529296875,23.647136688232422,23.444116592407227,23.69794464111328,2382.30126953125
12,64276,6.300403118133545,16.630048751831055,0.03806116059422493,4.028680801391602,25.124412536621094,0.2989925146102905,0.29868361353874207,0.29853105545043945,0.3117026388645172,25.893896102905273,26.510597229003906,26.198833465576172,26.034486770629883,2356.180419921875
