month,pfaf_id,Rainf_tavg,Qair_f_tavg,Qs_tavg,Evap_tavg,Tair_f_tavg,SoilMoist_inst_lvl_0,SoilMoist_inst_lvl_1,SoilMoist_inst_lvl_2,SoilMoist_inst_lvl_3,SoilTemp_inst_lvl_0,SoilTemp_inst_lvl_1,SoilTemp_inst_lvl_2,SoilTemp_inst_lvl_3,Streamflow_tavg
2,62292,6.406818389892578,17.14276885986328,0.015521586872637272,3.6487748622894287,25.239971160888672,0.3373090326786041,0.3401857018470764,0.3473280966281891,0.3703659176826477,26.627666473388672,26.241031646728516,26.010154724121094,25.876995086669922,58684.00390625
3,62292,6.442708492279053,17.299806594848633,0.01587662100791931,3.592595100402832,25.346725463867188,0.3384254574775696,0.34152495861053467,0.3493465781211853,0.37390926480293274,26.61667251586914,26.16447639465332,25.84914207458496,25.690584182739258,61520.54296875
4,62292,6.090747356414795,17.350387573242188,0.013042803853750229,3.507174253463745,25.306133270263672,0.3377016484737396,0.34093090891838074,0.34924060106277466,0.3746103048324585,26.454593658447266,26.05438995361328,25.76959991455078,25.614410400390625,56851.1171875
5,62292,4.985897541046143,16.97743797302246,0.007935998030006886,3.3894011974334717,25.042957305908203,0.3328683376312256,0.33601877093315125,0.34422317147254944,0.36826756596565247,26.00055694580078,25.695314407348633,25.514013290405273,25.45267677307129,58472.75
6,62292,3.638662099838257,16.123388290405273,0.0043265605345368385,3.2938320636749268,24.659914016723633,0.32325395941734314,0.3258264660835266,0.33280542492866516,0.3527892231941223,25.388648986816406,25.057846069335938,24.945425033569336,25.050111770629883,59770.03515625
7,62292,2.7705256938934326,15.406713485717773,0.002983971033245325,3.3889331817626953,24.830303192138672,0.3117487132549286,0.3135775923728943,0.318759024143219,0.3337695896625519,25.383947372436523,24.911314010620117,24.678102493286133,24.70815086364746,52910.3203125
