month,pfaf_id,Rainf_tavg,Qair_f_tavg,Qs_tavg,Evap_tavg,Tair_f_tavg,SoilMoist_inst_lvl_0,SoilMoist_inst_lvl_1,SoilMoist_inst_lvl_2,SoilMoist_inst_lvl_3,SoilTemp_inst_lvl_0,SoilTemp_inst_lvl_1,SoilTemp_inst_lvl_2,SoilTemp_inst_lvl_3,Streamflow_tavg
1,61660,5.142965316772461,16.46898078918457,0.05299229174852371,3.1849024295806885,24.321020126342773,0.3502133786678314,0.3394821882247925,0.3082154393196106,0.2604941427707672,25.08637809753418,25.059463500976562,24.92838478088379,25.009700775146484,186.31504821777344
2,61660,5.288956165313721,16.639741897583008,0.06351972371339798,3.3772025108337402,24.35468864440918,0.3592148721218109,0.35224515199661255,0.33412036299705505,0.28843581676483154,25.296592712402344,25.209014892578125,24.909269332885742,24.802839279174805,222.13973999023438
3,61660,5.564204216003418,16.895780563354492,0.0902777835726738,3.395392417907715,24.427274703979492,0.3659990727901459,0.36150363087654114,0.35089510679244995,0.3187447786331177,25.444576263427734,25.390459060668945,25.046293258666992,24.861360549926758,369.25537109375
4,61660,6.107595443725586,17.161739349365234,0.16105356812477112,3.3606576919555664,24.465391159057617,0.37424105405807495,0.3719237148761749,0.36712849140167236,0.3532329797744751,25.544286727905273,25.502721786499023,25.16541862487793,24.962764739990234,732.7877807617188
5,61660,6.072108268737793,17.232637405395508,0.1952923685312271,3.436284065246582,24.491872787475586,0.37967824935913086,0.3786401152610779,0.37850478291511536,0.38044726848602295,25.54783058166504,25.455095291137695,25.162961959838867,25.005277633666992,1151.96435546875
12,61660,4.441445350646973,16.050067901611328,0.038985706865787506,3.263676881790161,24.92817497253418,0.32731154561042786,0.31214115023612976,0.27934566140174866,0.2398347556591034,25.342121124267578,25.423276901245117,25.46819305419922,25.66672706604004,579.94873046875
