month,pfaf_id,Rainf_tavg,Qair_f_tavg,Qs_tavg,Evap_tavg,Tair_f_tavg,SoilMoist_inst_lvl_0,SoilMoist_inst_lvl_1,SoilMoist_inst_lvl_2,SoilMoist_inst_lvl_3,SoilTemp_inst_lvl_0,SoilTemp_inst_lvl_1,SoilTemp_inst_lvl_2,SoilTemp_inst_lvl_3,Streamflow_tavg
2,61584,9.200601577758789,17.260454177856445,0.32897916436195374,3.8246397972106934,25.538475036621094,0.381018728017807,0.3786888122558594,0.3730563223361969,0.36522841453552246,26.358259201049805,25.50506591796875,24.52425193786621,23.751874923706055,470.362548828125
3,61584,9.797264099121094,17.44438934326172,0.6217517852783203,3.866589307785034,25.516746520996094,0.39494115114212036,0.39660370349884033,0.4024428129196167,0.42046642303466797,26.66446876525879,25.981922149658203,25.245147705078125,24.515993118286133,1362.3587646484375
4,61584,10.177335739135742,17.52665138244629,0.5699971914291382,3.767946720123291,25.35917091369629,0.39849793910980225,0.400937020778656,0.4084301292896271,0.43161898851394653,26.58634376525879,26.036649703979492,25.499845504760742,24.95388412475586,2404.38671875
5,61584,10.327051162719727,17.52098846435547,0.37817126512527466,3.664639711380005,25.22970962524414,0.39920222759246826,0.4020199477672577,0.40983471274375916,0.4337165653705597,26.347246170043945,25.910188674926758,25.484586715698242,25.06785011291504,2763.93212890625
6,61584,10.293213844299316,17.537519454956055,0.34130778908729553,3.619934558868408,25.277799606323242,0.39950305223464966,0.40234339237213135,0.4102788269519806,0.4341166317462921,26.293779373168945,25.858776092529297,25.44229507446289,25.05616569519043,2948.841064453125
7,61584,10.313227653503418,17.46324348449707,0.42261627316474915,3.6214382648468018,25.212379455566406,0.39963510632514954,0.40226438641548157,0.4100869297981262,0.43385422229766846,26.340383529663086,25.884504318237305,25.459386825561523,25.060672760009766,2955.527587890625
