month,pfaf_id,Rainf_tavg,Qair_f_tavg,Qs_tavg,Evap_tavg,Tair_f_tavg,SoilMoist_inst_lvl_0,SoilMoist_inst_lvl_1,SoilMoist_inst_lvl_2,SoilMoist_inst_lvl_3,SoilTemp_inst_lvl_0,SoilTemp_inst_lvl_1,SoilTemp_inst_lvl_2,SoilTemp_inst_lvl_3,Streamflow_tavg
1,67104,1.1343601942062378,8.763419151306152,0.00449673505499959,1.0246940851211548,12.301800727844238,0.17969809472560883,0.19605286419391632,0.19148074090480804,0.21528930962085724,17.909826278686523,16.66005516052246,15.177303314208984,13.638419151306152,2.37553071975708
2,67104,1.5630964040756226,9.380716323852539,0.008984161540865898,1.126541018486023,12.44287109375,0.19770844280719757,0.20493902266025543,0.19930292665958405,0.2238614559173584,17.571319580078125,16.537315368652344,15.146984100341797,13.601836204528809,11.992889404296875
3,67104,1.4022953510284424,9.242112159729004,0.00972141232341528,1.0441821813583374,12.343073844909668,0.20255544781684875,0.20923855900764465,0.2059244066476822,0.23493695259094238,16.85582160949707,16.16780662536621,14.872655868530273,13.437012672424316,51.61308670043945
4,67104,0.8325493931770325,8.255816459655762,0.005385568831115961,0.8681378364562988,11.92874526977539,0.19277127087116241,0.20548053085803986,0.20616361498832703,0.238285094499588,16.359994888305664,15.533583641052246,14.350455284118652,13.106963157653809,58.04438018798828
5,67104,0.3408083915710449,6.786588191986084,0.0021078919526189566,0.6241400837898254,11.18774127960205,0.17888788878917694,0.1982440948486328,0.20216162502765656,0.23523758351802826,14.816929817199707,14.21599292755127,13.316791534423828,12.460716247558594,34.70551681518555
12,67104,0.6738812923431396,7.894415855407715,0.0018779700621962547,0.8118353486061096,11.909000396728516,0.15960586071014404,0.19038651883602142,0.18941950798034668,0.21450524032115936,18.213735580444336,16.749704360961914,15.261916160583496,13.678746223449707,6.225789546966553
