month,pfaf_id,Rainf_tavg,Qair_f_tavg,Qs_tavg,Evap_tavg,Tair_f_tavg,SoilMoist_inst_lvl_0,SoilMoist_inst_lvl_1,SoilMoist_inst_lvl_2,SoilMoist_inst_lvl_3,SoilTemp_inst_lvl_0,SoilTemp_inst_lvl_1,SoilTemp_inst_lvl_2,SoilTemp_inst_lvl_3,Streamflow_tavg
4,62257,9.868548393249512,17.751317977905273,0.41835519671440125,2.7923479080200195,26.30863380432129,0.39118635654449463,0.3943127393722534,0.40361496806144714,0.43209338188171387,27.149337768554688,27.285282135009766,27.241554260253906,27.23646354675293,153510.375
5,62257,8.436553955078125,18.122661590576172,0.21264849603176117,2.7058286666870117,26.428010940551758,0.3885499835014343,0.3914848566055298,0.4005199074745178,0.4282636046409607,27.135295867919922,27.156747817993164,26.95288848876953,26.90066909790039,144846.34375
6,62257,5.17210054397583,18.117889404296875,0.05605262517929077,2.6499860286712646,26.355377197265625,0.37849506735801697,0.3821084499359131,0.3915100395679474,0.4168773293495178,26.976367950439453,27.033485412597656,26.82156753540039,26.738534927368164,126764.515625
7,62257,3.1470463275909424,17.553991317749023,0.016882361844182014,2.6846201419830322,26.476215362548828,0.36460617184638977,0.369024395942688,0.37799072265625,0.39893895387649536,26.778833389282227,26.847511291503906,26.615741729736328,26.565162658691406,104963.265625
8,62257,3.239912271499634,17.33292007446289,0.01883421279489994,3.0007190704345703,28.1223201751709,0.35546573996543884,0.35914647579193115,0.3652750849723816,0.3801671266555786,27.713470458984375,27.590312957763672,26.993497848510742,26.620235443115234,85057.0546875
9,62257,4.616546630859375,17.848024368286133,0.0517146997153759,3.150672435760498,28.906776428222656,0.3610718250274658,0.3628506660461426,0.36649295687675476,0.37868762016296387,28.484397888183594,28.326520919799805,27.67458152770996,27.12352752685547,68685.9765625
