month,pfaf_id,Rainf_tavg,Qair_f_tavg,Qs_tavg,Evap_tavg,Tair_f_tavg,SoilMoist_inst_lvl_0,SoilMoist_inst_lvl_1,SoilMoist_inst_lvl_2,SoilMoist_inst_lvl_3,SoilTemp_inst_lvl_0,SoilTemp_inst_lvl_1,SoilTemp_inst_lvl_2,SoilTemp_inst_lvl_3,Streamflow_tavg
2,67202,6.26854944229126,16.785449981689453,0.1488746702671051,3.0828206539154053,24.64336395263672,0.32044950127601624,0.31959348917007446,0.30315500497817993,0.3001932203769684,26.630176544189453,25.453489303588867,24.76633644104004,24.301071166992188,440.03582763671875
3,67202,7.4397735595703125,17.00055694580078,0.4103901982307434,3.054053783416748,24.63325309753418,0.33112725615501404,0.32938817143440247,0.3205502927303314,0.32761287689208984,26.69415855407715,25.64191436767578,25.059179306030273,24.51996612548828,850.9592895507812
4,67202,5.324046611785889,16.284896850585938,0.21082299947738647,2.980616569519043,24.34947395324707,0.32231178879737854,0.32790428400039673,0.3272377550601959,0.3416946530342102,26.71660804748535,25.674768447875977,25.12893295288086,24.640207290649414,1179.0777587890625
5,67202,2.881476879119873,15.094985008239746,0.03478439524769783,2.740905523300171,24.181133270263672,0.2912195026874542,0.30755236744880676,0.3117597699165344,0.3293437957763672,26.913660049438477,25.746627807617188,25.122346878051758,24.639911651611328,701.3818359375
6,67202,1.4575880765914917,14.181554794311523,0.0063554891385138035,2.2817811965942383,24.1839599609375,0.2552260458469391,0.2867756187915802,0.2930922508239746,0.3108464479446411,27.483688354492188,26.115915298461914,25.34568214416504,24.74786949157715,336.7345886230469
7,67202,0.8361204862594604,13.393943786621094,0.001388870063237846,1.8692716360092163,24.222023010253906,0.2231500744819641,0.2680312991142273,0.27494630217552185,0.2922014892101288,28.32149887084961,26.634958267211914,25.722990036010742,25.009620666503906,144.5703125
