month,pfaf_id,Rainf_tavg,Qair_f_tavg,Qs_tavg,Evap_tavg,Tair_f_tavg,SoilMoist_inst_lvl_0,SoilMoist_inst_lvl_1,SoilMoist_inst_lvl_2,SoilMoist_inst_lvl_3,SoilTemp_inst_lvl_0,SoilTemp_inst_lvl_1,SoilTemp_inst_lvl_2,SoilTemp_inst_lvl_3,Streamflow_tavg
1,62262,7.705880641937256,17.33988380432129,0.08275926858186722,3.5890486240386963,25.285648345947266,0.35833871364593506,0.35727766156196594,0.35162249207496643,0.3339899480342865,26.353124618530273,26.1148738861084,25.888303756713867,25.832948684692383,1007.26708984375
2,62262,7.813528537750244,17.45701789855957,0.06909634917974472,3.6772842407226562,25.334754943847656,0.3670317232608795,0.3678859770298004,0.3701466917991638,0.3825177252292633,26.48591423034668,26.223546981811523,25.884328842163086,25.70545768737793,2862.54248046875
3,62262,7.896953582763672,17.610801696777344,0.06152426823973656,3.704341173171997,25.3403377532959,0.3716578781604767,0.3731380105018616,0.3787308931350708,0.4026682674884796,26.482711791992188,26.266389846801758,25.92055320739746,25.716405868530273,5194.3955078125
4,62262,7.040604114532471,17.591062545776367,0.0652325302362442,3.6311473846435547,25.254301071166992,0.3710568845272064,0.37261560559272766,0.3791913688182831,0.40583667159080505,26.341737747192383,26.157808303833008,25.85715675354004,25.69447898864746,6453.1025390625
5,62262,4.800807476043701,16.883228302001953,0.0519532673060894,3.3435096740722656,24.96004867553711,0.3616781234741211,0.363943487405777,0.3707578480243683,0.3952040672302246,25.954864501953125,25.73673439025879,25.55296516418457,25.532817840576172,5507.22998046875
12,62262,7.106263637542725,17.006763458251953,0.0525030791759491,3.6023402214050293,25.67011260986328,0.34370872378349304,0.3384423851966858,0.3178747594356537,0.26300936937332153,26.507081985473633,26.343774795532227,26.22411346435547,26.246307373046875,1182.298828125
