month,pfaf_id,Rainf_tavg,Qair_f_tavg,Qs_tavg,Evap_tavg,Tair_f_tavg,SoilMoist_inst_lvl_0,SoilMoist_inst_lvl_1,SoilMoist_inst_lvl_2,SoilMoist_inst_lvl_3,SoilTemp_inst_lvl_0,SoilTemp_inst_lvl_1,SoilTemp_inst_lvl_2,SoilTemp_inst_lvl_3,Streamflow_tavg
1,67109,0.8084936141967773,12.635554313659668,0.0011799917556345463,1.2233084440231323,22.660968780517578,0.1409551054239273,0.15828989446163177,0.1586434245109558,0.22724483907222748,26.890974044799805,25.35407829284668,25.018665313720703,24.943357467651367,5.807865619659424
2,67109,1.1058861017227173,13.199195861816406,0.002474837005138397,1.1513304710388184,23.0465145111084,0.16180108487606049,0.15243913233280182,0.14859570562839508,0.22665682435035706,26.71813201904297,25.414316177368164,24.876605987548828,24.577205657958984,16.57161521911621
3,67109,0.9915708303451538,12.991201400756836,0.003096170723438263,0.9619412422180176,23.007503509521484,0.16559584438800812,0.15227054059505463,0.1458389312028885,0.22732554376125336,26.765625,25.474639892578125,24.847900390625,24.437715530395508,51.61434555053711
4,67109,0.5997269749641418,12.018843650817871,0.0015619129408150911,0.707209050655365,22.31201934814453,0.15318246185779572,0.14997269213199615,0.14429984986782074,0.2271423190832138,26.28649139404297,25.07842445373535,24.60260581970215,24.298524856567383,52.64748764038086
5,67109,0.2532687783241272,10.890640258789062,0.0001962553506018594,0.44357380270957947,21.237598419189453,0.13677376508712769,0.14503324031829834,0.141886368393898,0.22541838884353638,25.40740203857422,24.111129760742188,23.894296646118164,23.90277099609375,29.265560150146484
12,67109,0.4955112338066101,12.061593055725098,0.0005159993306733668,1.2418186664581299,22.20319938659668,0.13126175105571747,0.17694158852100372,0.17910251021385193,0.2303038388490677,27.032854080200195,25.775585174560547,25.76485824584961,25.78371238708496,24.825246810913086
