month,pfaf_id,Rainf_tavg,Qair_f_tavg,Qs_tavg,Evap_tavg,Tair_f_tavg,SoilMoist_inst_lvl_0,SoilMoist_inst_lvl_1,SoilMoist_inst_lvl_2,SoilMoist_inst_lvl_3,SoilTemp_inst_lvl_0,SoilTemp_inst_lvl_1,SoilTemp_inst_lvl_2,SoilTemp_inst_lvl_3,Streamflow_tavg
1,62480,6.391951560974121,17.01721954345703,0.09890943020582199,3.847580909729004,24.75897979736328,0.37446457147598267,0.37415459752082825,0.37522584199905396,0.3835391104221344,25.590965270996094,25.72514533996582,25.67537498474121,25.871522903442383,1556.693603515625
2,62480,6.228963375091553,17.071748733520508,0.1092061772942543,3.824608564376831,24.95989990234375,0.3772277534008026,0.37787362933158875,0.38200995326042175,0.3966207504272461,25.62002182006836,25.74854278564453,25.452463150024414,25.382545471191406,2663.481689453125
3,62480,6.133493423461914,17.169641494750977,0.145300030708313,3.770141363143921,25.0346736907959,0.3782603144645691,0.3792118430137634,0.3849310576915741,0.4025074541568756,25.526208877563477,25.780488967895508,25.4114933013916,25.245655059814453,3086.16015625
4,62480,4.623614311218262,16.478803634643555,0.1120745837688446,3.6486446857452393,24.740785598754883,0.36960020661354065,0.3728525936603546,0.38124197721481323,0.40055227279663086,25.00745964050293,25.499691009521484,25.23729705810547,25.1514949798584,3133.575927734375
5,62480,1.9284452199935913,13.377123832702637,0.028260059654712677,3.119231939315796,24.013591766357422,0.32205429673194885,0.3471694886684418,0.36060982942581177,0.379736989736557,23.898778915405273,24.631492614746094,24.50287437438965,24.724367141723633,2278.805419921875
12,62480,6.318460464477539,16.845685958862305,0.09088683873414993,3.869387149810791,25.046218872070312,0.3588068187236786,0.35880938172340393,0.35477033257484436,0.358285516500473,26.0423583984375,26.437633514404297,26.653156280517578,27.016864776611328,2082.3486328125
