month,pfaf_id,Rainf_tavg,Qair_f_tavg,Qs_tavg,Evap_tavg,Tair_f_tavg,SoilMoist_inst_lvl_0,SoilMoist_inst_lvl_1,SoilMoist_inst_lvl_2,SoilMoist_inst_lvl_3,SoilTemp_inst_lvl_0,SoilTemp_inst_lvl_1,SoilTemp_inst_lvl_2,SoilTemp_inst_lvl_3,Streamflow_tavg
2,61589,8.18766975402832,16.241836547851562,0.06008852273225784,3.6564202308654785,23.822771072387695,0.3414618670940399,0.33534836769104004,0.3185102939605713,0.2984692454338074,25.039365768432617,24.73613739013672,24.609708786010742,24.644088745117188,227.26681518554688
3,61589,8.37436294555664,16.30062484741211,0.08841809630393982,3.693209409713745,23.82242774963379,0.3549273610115051,0.3546183407306671,0.35249635577201843,0.3476002812385559,25.107973098754883,24.687847137451172,24.434120178222656,24.42167854309082,780.6575317382812
4,61589,8.442460060119629,16.315584182739258,0.07116130739450455,3.7186009883880615,23.793846130371094,0.3591376543045044,0.3606228232383728,0.363634318113327,0.37514033913612366,25.024656295776367,24.655899047851562,24.420907974243164,24.38460922241211,1209.5965576171875
5,61589,8.579374313354492,16.30910873413086,0.06064577028155327,3.625016450881958,23.68520164489746,0.3620637059211731,0.36425065994262695,0.3700079023838043,0.3912264108657837,24.719161987304688,24.44060516357422,24.262832641601562,24.284345626831055,1404.5579833984375
6,61589,8.488594055175781,16.31723403930664,0.05067678913474083,3.557596206665039,23.726112365722656,0.3640080690383911,0.3662763833999634,0.37355515360832214,0.3997768461704254,24.613492965698242,24.33884620666504,24.144010543823242,24.158334732055664,1512.6806640625
7,61589,8.321260452270508,16.274499893188477,0.04918532446026802,3.575134038925171,23.63775634765625,0.36412495374679565,0.3666653037071228,0.37450090050697327,0.40218687057495117,24.638671875,24.316682815551758,24.10158920288086,24.09615135192871,1510.3062744140625
