month,pfaf_id,Rainf_tavg,Qair_f_tavg,Qs_tavg,Evap_tavg,Tair_f_tavg,SoilMoist_inst_lvl_0,SoilMoist_inst_lvl_1,SoilMoist_inst_lvl_2,SoilMoist_inst_lvl_3,SoilTemp_inst_lvl_0,SoilTemp_inst_lvl_1,SoilTemp_inst_lvl_2,SoilTemp_inst_lvl_3,Streamflow_tavg
1,62228,6.357559680938721,16.684215545654297,0.04423726350069046,3.7031431198120117,24.417409896850586,0.3330814242362976,0.330416738986969,0.3223758637905121,0.29673779010772705,25.414770126342773,25.45695686340332,25.237348556518555,25.25692367553711,187.22886657714844
2,62228,6.224515438079834,16.764339447021484,0.04944229498505592,3.7673139572143555,24.57925033569336,0.33647510409355164,0.33554935455322266,0.3335380256175995,0.3311704993247986,25.60742950439453,25.64297103881836,25.227558135986328,25.040678024291992,262.2947082519531
3,62228,6.192001819610596,16.929065704345703,0.06600849330425262,3.781399965286255,24.584020614624023,0.3406126797199249,0.3399897813796997,0.3421773910522461,0.3551388382911682,25.585329055786133,25.69528579711914,25.276357650756836,25.057708740234375,358.0055847167969
4,62228,5.0071282386779785,16.45734214782715,0.05596446618437767,3.6546690464019775,24.40058135986328,0.33755362033843994,0.33825016021728516,0.343975692987442,0.365749329328537,25.192031860351562,25.42798614501953,25.138792037963867,25.019657135009766,471.1540222167969
5,62228,2.225740432739258,13.64074993133545,0.018467821180820465,3.4409024715423584,24.016036987304688,0.3083486557006836,0.3162585496902466,0.3256182074546814,0.3481103777885437,24.107036590576172,24.455968856811523,24.385700225830078,24.597280502319336,416.0166015625
12,62228,6.280642032623291,16.39877700805664,0.04125228151679039,3.7167561054229736,24.700580596923828,0.3211878836154938,0.3167288601398468,0.29982027411460876,0.252541720867157,25.735395431518555,25.893030166625977,25.844406127929688,25.97744369506836,193.07456970214844
