month,pfaf_id,Rainf_tavg,Qair_f_tavg,Qs_tavg,Evap_tavg,Tair_f_tavg,SoilMoist_inst_lvl_0,SoilMoist_inst_lvl_1,SoilMoist_inst_lvl_2,SoilMoist_inst_lvl_3,SoilTemp_inst_lvl_0,SoilTemp_inst_lvl_1,SoilTemp_inst_lvl_2,SoilTemp_inst_lvl_3,Streamflow_tavg
2,62254,6.283539772033691,16.737655639648438,0.014276091009378433,3.830199718475342,25.91874885559082,0.33046436309814453,0.33310070633888245,0.33916279673576355,0.364607572555542,26.706783294677734,26.661134719848633,26.430177688598633,26.34581184387207,97015.8046875
3,62254,6.3632965087890625,16.921831130981445,0.01499988790601492,3.7628610134124756,26.059934616088867,0.3310880661010742,0.333603173494339,0.3398003578186035,0.36568889021873474,26.737133026123047,26.64630699157715,26.32201385498047,26.187461853027344,111878.8203125
4,62254,6.310888767242432,17.11790657043457,0.014787559397518635,3.7019999027252197,26.100309371948242,0.3317057490348816,0.33448275923728943,0.34123292565345764,0.36845842003822327,26.741777420043945,26.66197967529297,26.32908058166504,26.164648056030273,117309.1640625
5,62254,5.610389709472656,17.163591384887695,0.010090687312185764,3.620634078979492,26.030874252319336,0.32969212532043457,0.33230602741241455,0.3394489288330078,0.3669328987598419,26.585277557373047,26.54538345336914,26.25572395324707,26.124984741210938,121290.375
6,62254,3.992213010787964,16.79873275756836,0.004828069359064102,3.51607084274292,25.814279556274414,0.32102128863334656,0.32344308495521545,0.33025550842285156,0.3550834059715271,26.215816497802734,26.183513641357422,25.981212615966797,25.959749221801758,119765.0546875
7,62254,2.815357208251953,16.07649803161621,0.003233577823266387,3.5631353855133057,25.706430435180664,0.30803537368774414,0.30973324179649353,0.3147827088832855,0.33380937576293945,26.000890731811523,25.87787628173828,25.65420150756836,25.687652587890625,105802.140625
