month,pfaf_id,Rainf_tavg,Qair_f_tavg,Qs_tavg,Evap_tavg,Tair_f_tavg,SoilMoist_inst_lvl_0,SoilMoist_inst_lvl_1,SoilMoist_inst_lvl_2,SoilMoist_inst_lvl_3,SoilTemp_inst_lvl_0,SoilTemp_inst_lvl_1,SoilTemp_inst_lvl_2,SoilTemp_inst_lvl_3,Streamflow_tavg
2,62270,7.967203617095947,17.733659744262695,0.2651619613170624,3.439445972442627,26.22736167907715,0.3681035339832306,0.3706240653991699,0.3780776262283325,0.40144461393356323,27.186355590820312,27.06867027282715,26.842159271240234,26.713232040405273,74037.609375
3,62270,7.99303674697876,17.743572235107422,0.30491188168525696,3.415848970413208,26.379432678222656,0.3685998320579529,0.37118834257125854,0.3790320158004761,0.4032740592956543,27.192739486694336,27.0750732421875,26.76473617553711,26.596363067626953,77690.7421875
4,62270,8.118912696838379,17.903018951416016,0.2665550410747528,3.336963415145874,26.46119499206543,0.37006956338882446,0.37261727452278137,0.3808663785457611,0.40631404519081116,27.16375160217285,27.070831298828125,26.766159057617188,26.575241088867188,77490.453125
5,62270,7.4645586013793945,18.015905380249023,0.1498730480670929,3.2421987056732178,26.341039657592773,0.36918124556541443,0.37201541662216187,0.38051846623420715,0.40644049644470215,27.013992309570312,26.955366134643555,26.682710647583008,26.52572250366211,83157.8046875
6,62270,5.4086012840271,18.1268367767334,0.03301133215427399,3.1167352199554443,26.227806091308594,0.3633503019809723,0.3664206862449646,0.3750608265399933,0.3997204005718231,26.886140823364258,26.830089569091797,26.5741024017334,26.442901611328125,88606.609375
7,62270,3.4594321250915527,17.516433715820312,0.012973879463970661,3.194553852081299,26.168909072875977,0.3518069088459015,0.35467925667762756,0.36241623759269714,0.382841557264328,26.720361709594727,26.63515853881836,26.398122787475586,26.320507049560547,84652.3359375
