month,pfaf_id,Rainf_tavg,Qair_f_tavg,Qs_tavg,Evap_tavg,Tair_f_tavg,SoilMoist_inst_lvl_0,SoilMoist_inst_lvl_1,SoilMoist_inst_lvl_2,SoilMoist_inst_lvl_3,SoilTemp_inst_lvl_0,SoilTemp_inst_lvl_1,SoilTemp_inst_lvl_2,SoilTemp_inst_lvl_3,Streamflow_tavg
2,62262,7.961230278015137,17.298681259155273,0.1000889390707016,3.613694906234741,25.100753784179688,0.36740219593048096,0.3689766228199005,0.3723948299884796,0.39029064774513245,26.307825088500977,26.114511489868164,25.906343460083008,25.822673797607422,3564.556884765625
3,62262,7.789421558380127,17.57080078125,0.06797309964895248,3.538365602493286,25.285755157470703,0.37154510617256165,0.37416794896125793,0.3809955418109894,0.40777480602264404,26.368671417236328,26.12189483642578,25.826019287109375,25.67647933959961,5502.08349609375
4,62262,7.126945495605469,17.57608985900879,0.035719405859708786,3.4489152431488037,25.212888717651367,0.37072667479515076,0.37324345111846924,0.380445659160614,0.4078882336616516,26.181285858154297,26.00405502319336,25.74549102783203,25.616039276123047,6943.23779296875
5,62262,4.951906681060791,16.915557861328125,0.023657428100705147,3.305917501449585,24.946182250976562,0.3626675307750702,0.3653521239757538,0.3727133274078369,0.39805909991264343,25.6623477935791,25.569547653198242,25.451053619384766,25.44893455505371,5970.1396484375
6,62262,2.7889442443847656,15.314297676086426,0.010200325399637222,3.2407102584838867,24.636058807373047,0.3463633954524994,0.3489592671394348,0.35531678795814514,0.37537190318107605,24.879117965698242,24.758365631103516,24.74127197265625,24.966581344604492,3449.08837890625
7,62262,1.7745964527130127,13.67954158782959,0.005441328976303339,3.4096145629882812,25.086820602416992,0.32431158423423767,0.3285244405269623,0.3330106735229492,0.34690845012664795,24.936437606811523,24.621950149536133,24.412073135375977,24.53598976135254,1420.8411865234375
