month,pfaf_id,Rainf_tavg,Qair_f_tavg,Qs_tavg,Evap_tavg,Tair_f_tavg,SoilMoist_inst_lvl_0,SoilMoist_inst_lvl_1,SoilMoist_inst_lvl_2,SoilMoist_inst_lvl_3,SoilTemp_inst_lvl_0,SoilTemp_inst_lvl_1,SoilTemp_inst_lvl_2,SoilTemp_inst_lvl_3,Streamflow_tavg
2,62225,7.276816368103027,16.70983123779297,0.09015259146690369,3.7009594440460205,24.612747192382812,0.35473039746284485,0.35678625106811523,0.36205628514289856,0.38443201780319214,25.51113510131836,25.62174415588379,25.48723030090332,25.523656845092773,5449.7490234375
3,62225,7.2909626960754395,16.94690704345703,0.07659955322742462,3.6252660751342773,24.804433822631836,0.35793909430503845,0.3607827425003052,0.36840859055519104,0.396502822637558,25.581748962402344,25.612380981445312,25.34891700744629,25.30049705505371,7536.79248046875
4,62225,6.976748943328857,17.020645141601562,0.051791712641716,3.5109779834747314,24.796295166015625,0.3583248555660248,0.36099299788475037,0.36915671825408936,0.39843228459358215,25.39655113220215,25.491886138916016,25.255863189697266,25.213693618774414,8358.0205078125
5,62225,4.664379596710205,16.563936233520508,0.030896687880158424,3.31839919090271,24.50832176208496,0.34859609603881836,0.3517451882362366,0.36070528626441956,0.3885149657726288,24.90923309326172,25.14348793029785,25.00530242919922,25.060218811035156,8082.6669921875
6,62225,2.087653636932373,14.967788696289062,0.009288087487220764,3.1285042762756348,24.18998908996582,0.32592082023620605,0.33078762888908386,0.33993804454803467,0.3620491027832031,24.191970825195312,24.501327514648438,24.424760818481445,24.66033935546875,4957.1396484375
7,62225,0.8547247052192688,12.576972961425781,0.0021904055029153824,3.1602964401245117,24.688831329345703,0.287600040435791,0.3001820743083954,0.3097951114177704,0.3259887993335724,24.333724975585938,24.53036117553711,24.19481658935547,24.31023597717285,1786.080810546875
