month,pfaf_id,Rainf_tavg,Qair_f_tavg,Qs_tavg,Evap_tavg,Tair_f_tavg,SoilMoist_inst_lvl_0,SoilMoist_inst_lvl_1,SoilMoist_inst_lvl_2,SoilMoist_inst_lvl_3,SoilTemp_inst_lvl_0,SoilTemp_inst_lvl_1,SoilTemp_inst_lvl_2,SoilTemp_inst_lvl_3,Streamflow_tavg
2,64291,6.334866523742676,17.074636459350586,0.07309010624885559,3.5027732849121094,25.35065460205078,0.30482998490333557,0.30396804213523865,0.3020686209201813,0.33605286478996277,25.91061019897461,26.575801849365234,26.188047409057617,25.971986770629883,2842.0
3,64291,5.3737473487854,16.891210556030273,0.06392610818147659,3.277172565460205,25.236732482910156,0.30726251006126404,0.30963337421417236,0.3147636353969574,0.34284448623657227,25.594619750976562,26.32917594909668,25.806547164916992,25.53131103515625,3311.72119140625
4,64291,2.8681752681732178,14.569574356079102,0.02275022678077221,2.649052858352661,24.33856201171875,0.2831389904022217,0.29457587003707886,0.30556368827819824,0.3348104655742645,24.40115737915039,25.589529037475586,25.217315673828125,25.15390968322754,3261.181884765625
5,64291,1.4180970191955566,11.73328971862793,0.004971990827471018,1.9000164270401,23.08525848388672,0.2510254383087158,0.27654919028282166,0.2910171449184418,0.31906187534332275,22.612524032592773,24.21640396118164,24.071495056152344,24.31257438659668,1692.109130859375
6,64291,1.116635799407959,9.678601264953613,0.0031127508264034986,1.4109135866165161,21.57495880126953,0.22893089056015015,0.26576927304267883,0.28027665615081787,0.30610403418540955,20.888181686401367,22.586172103881836,22.4312801361084,22.943805694580078,651.5203857421875
7,64291,0.9047247767448425,9.220027923583984,0.001989890355616808,1.2464873790740967,22.490814208984375,0.21308650076389313,0.25998786091804504,0.27355462312698364,0.2973134517669678,21.659423828125,23.137685775756836,22.364410400390625,22.330699920654297,305.51397705078125
