month,pfaf_id,Rainf_tavg,Qair_f_tavg,Qs_tavg,Evap_tavg,Tair_f_tavg,SoilMoist_inst_lvl_0,SoilMoist_inst_lvl_1,SoilMoist_inst_lvl_2,SoilMoist_inst_lvl_3,SoilTemp_inst_lvl_0,SoilTemp_inst_lvl_1,SoilTemp_inst_lvl_2,SoilTemp_inst_lvl_3,Streamflow_tavg
1,62223,6.724861145019531,16.707326889038086,0.08402213454246521,3.6069278717041016,24.90144157409668,0.388578861951828,0.382793128490448,0.3620672821998596,0.295734167098999,25.667165756225586,25.573068618774414,25.487451553344727,25.59731101989746,2718.408935546875
2,62223,6.887160301208496,16.79941749572754,0.10495352745056152,3.710330009460449,24.949872970581055,0.39803221821784973,0.3949287533760071,0.3848644196987152,0.35002684593200684,25.740116119384766,25.615507125854492,25.40236473083496,25.363229751586914,4313.59521484375
3,62223,7.048173904418945,16.922561645507812,0.11524246633052826,3.7371127605438232,24.99965476989746,0.4065453112125397,0.40524670481681824,0.4018981456756592,0.392114520072937,25.770353317260742,25.688838958740234,25.435300827026367,25.330699920654297,6578.43994140625
4,62223,7.054030895233154,17.04402732849121,0.11152487248182297,3.7611083984375,25.0496826171875,0.41277313232421875,0.4130050539970398,0.414459764957428,0.42016375064849854,25.730266571044922,25.683809280395508,25.436403274536133,25.33304786682129,8238.3916015625
5,62223,5.902751922607422,16.9993839263916,0.10603790730237961,3.647979497909546,24.953401565551758,0.4129162132740021,0.4143725335597992,0.41876161098480225,0.4314028322696686,25.684030532836914,25.599197387695312,25.38788414001465,25.31374168395996,8722.5439453125
12,62223,6.389048099517822,16.560932159423828,0.057820022106170654,3.5998520851135254,25.256881713867188,0.3730965256690979,0.3608418107032776,0.3221561908721924,0.2437017560005188,25.82915496826172,25.8595027923584,25.97342300415039,26.2517147064209,2518.34375
