month,pfaf_id,Rainf_tavg,Qair_f_tavg,Qs_tavg,Evap_tavg,Tair_f_tavg,SoilMoist_inst_lvl_0,SoilMoist_inst_lvl_1,SoilMoist_inst_lvl_2,SoilMoist_inst_lvl_3,SoilTemp_inst_lvl_0,SoilTemp_inst_lvl_1,SoilTemp_inst_lvl_2,SoilTemp_inst_lvl_3,Streamflow_tavg
1,67208,14.101946830749512,17.741819381713867,1.4100373983383179,3.4658265113830566,24.72252082824707,0.39127203822135925,0.3946289122104645,0.4039177894592285,0.43115654587745667,25.733552932739258,25.089374542236328,24.526369094848633,23.943470001220703,1858.027099609375
2,67208,13.983263969421387,17.837846755981445,1.4480820894241333,3.532029390335083,24.863821029663086,0.3903811275959015,0.3938778042793274,0.4032610356807709,0.4304448962211609,26.040416717529297,25.371417999267578,24.84698486328125,24.297304153442383,1860.8663330078125
3,67208,12.630955696105957,17.71185874938965,1.0701345205307007,3.4436750411987305,24.849271774291992,0.3875102996826172,0.39096543192863464,0.40045639872550964,0.4277710020542145,25.9699649810791,25.39096450805664,24.96950340270996,24.509267807006836,1697.144775390625
4,67208,13.047369003295898,17.74275016784668,1.2268964052200317,3.3476955890655518,24.828763961791992,0.3880901038646698,0.39124318957328796,0.4004100561141968,0.42745330929756165,25.841949462890625,25.323715209960938,24.950725555419922,24.556690216064453,1596.326416015625
5,67208,14.613256454467773,17.932886123657227,1.6560393571853638,3.3942811489105225,24.88197135925293,0.3922252655029297,0.3950665593147278,0.4039323925971985,0.4309557378292084,25.888809204101562,25.36967658996582,24.99020767211914,24.580217361450195,1831.988037109375
12,67208,14.742605209350586,17.56394386291504,1.4014511108398438,3.3426830768585205,24.467132568359375,0.39208218455314636,0.39499470591545105,0.40380749106407166,0.43138980865478516,25.374160766601562,24.670970916748047,23.99196434020996,23.433069229125977,1759.6593017578125
