month,pfaf_id,Rainf_tavg,Qair_f_tavg,Qs_tavg,Evap_tavg,Tair_f_tavg,SoilMoist_inst_lvl_0,SoilMoist_inst_lvl_1,SoilMoist_inst_lvl_2,SoilMoist_inst_lvl_3,SoilTemp_inst_lvl_0,SoilTemp_inst_lvl_1,SoilTemp_inst_lvl_2,SoilTemp_inst_lvl_3,Streamflow_tavg
2,61650,4.160130023956299,16.069318771362305,0.030381476506590843,3.569077253341675,25.04520606994629,0.32332471013069153,0.31507623195648193,0.29916560649871826,0.2676672637462616,25.736738204956055,25.78455924987793,25.52252197265625,25.486379623413086,764.11474609375
3,61650,4.816636562347412,16.6097469329834,0.0496378093957901,3.6208736896514893,25.07884407043457,0.3333626091480255,0.3260449767112732,0.31031334400177,0.2806219458580017,26.063703536987305,26.033218383789062,25.637619018554688,25.474557876586914,261.3071594238281
4,61650,5.536099910736084,17.178911209106445,0.10314358025789261,3.59267258644104,25.083194732666016,0.3453034460544586,0.3384186327457428,0.3240797221660614,0.2986060380935669,26.268463134765625,26.241281509399414,25.84360122680664,25.634624481201172,575.6099853515625
5,61650,6.346593379974365,17.575246810913086,0.1790512502193451,3.557589530944824,25.097753524780273,0.35718128085136414,0.35255610942840576,0.3440175950527191,0.32428550720214844,26.23004913330078,26.23610496520996,25.901979446411133,25.734848022460938,1137.2142333984375
6,61650,6.110718727111816,17.69938087463379,0.1302330046892166,3.50714373588562,25.15973663330078,0.36166661977767944,0.359764039516449,0.3571110665798187,0.35203230381011963,26.17339515686035,26.1838436126709,25.89105796813965,25.754480361938477,1510.5333251953125
7,61650,5.698856830596924,17.511157989501953,0.08473362028598785,3.6412973403930664,25.13105010986328,0.362839937210083,0.3620068430900574,0.3624396324157715,0.36894428730010986,26.194372177124023,26.175167083740234,25.86771011352539,25.732284545898438,1906.9708251953125
