month,pfaf_id,Rainf_tavg,Qair_f_tavg,Qs_tavg,Evap_tavg,Tair_f_tavg,SoilMoist_inst_lvl_0,SoilMoist_inst_lvl_1,SoilMoist_inst_lvl_2,SoilMoist_inst_lvl_3,SoilTemp_inst_lvl_0,SoilTemp_inst_lvl_1,SoilTemp_inst_lvl_2,SoilTemp_inst_lvl_3,Streamflow_tavg
1,62239,9.719643592834473,18.125211715698242,0.2645428478717804,1.3384861946105957,26.29245948791504,0.40021833777427673,0.39049413800239563,0.3969433605670929,0.41741278767585754,27.769493103027344,28.11500358581543,28.202001571655273,28.56461524963379,81372.5546875
2,62239,10.035983085632324,18.342172622680664,0.26440075039863586,1.3620514869689941,26.285011291503906,0.40383896231651306,0.3946138918399811,0.4039054811000824,0.4336814880371094,27.739105224609375,27.949731826782227,27.722557067871094,27.716232299804688,86317.4140625
3,62239,12.112530708312988,18.48361587524414,0.5212342739105225,1.311707615852356,26.342618942260742,0.4086439907550812,0.3989737033843994,0.4088193476200104,0.44090232253074646,27.74854278564453,27.91389274597168,27.59709358215332,27.45466423034668,105648.0546875
4,62239,12.583377838134766,18.457168579101562,0.4941222667694092,1.243813395500183,26.43016815185547,0.4102419316768646,0.4003220498561859,0.41026726365089417,0.44305524230003357,27.699188232421875,27.85459327697754,27.51653289794922,27.33658790588379,126744.0546875
5,62239,11.53178882598877,18.51521873474121,0.47395217418670654,1.2230724096298218,26.379423141479492,0.4081502854824066,0.3987979590892792,0.40903469920158386,0.4415338337421417,27.5814151763916,27.7314395904541,27.389169692993164,27.221651077270508,138742.421875
12,62239,8.900394439697266,17.555221557617188,0.1846977323293686,1.3875055313110352,27.1994686126709,0.3768836557865143,0.3662683069705963,0.3610815703868866,0.3591177463531494,28.651575088500977,29.446250915527344,30.26251792907715,31.03000831604004,83668.7890625
