month,pfaf_id,Rainf_tavg,Qair_f_tavg,Qs_tavg,Evap_tavg,Tair_f_tavg,SoilMoist_inst_lvl_0,SoilMoist_inst_lvl_1,SoilMoist_inst_lvl_2,SoilMoist_inst_lvl_3,SoilTemp_inst_lvl_0,SoilTemp_inst_lvl_1,SoilTemp_inst_lvl_2,SoilTemp_inst_lvl_3,Streamflow_tavg
1,64281,7.160878658294678,16.77072525024414,0.12151790410280228,3.840557098388672,24.014389038085938,0.3507108986377716,0.35036328434944153,0.35440313816070557,0.37223440408706665,24.72305679321289,25.046476364135742,24.761474609375,24.693805694580078,2708.862060546875
2,64281,6.6258344650268555,16.762968063354492,0.11732494831085205,3.8018996715545654,24.192432403564453,0.350847452878952,0.35184505581855774,0.35870596766471863,0.3820478320121765,24.763307571411133,25.112342834472656,24.61406135559082,24.335485458374023,4198.53662109375
3,64281,6.093738079071045,16.710277557373047,0.14182507991790771,3.7010862827301025,24.140832901000977,0.34899482131004333,0.3501914441585541,0.3577553629875183,0.38147732615470886,24.536178588867188,25.13294219970703,24.60928726196289,24.279794692993164,4284.22509765625
4,64281,3.8861100673675537,15.247328758239746,0.08206239342689514,3.342280387878418,23.31696319580078,0.3332129120826721,0.3386184275150299,0.3492569327354431,0.3726757764816284,23.464082717895508,24.485029220581055,24.201854705810547,24.10361099243164,3546.75390625
5,64281,1.5787053108215332,11.978968620300293,0.014552352018654346,2.5262327194213867,21.743579864501953,0.2894590198993683,0.3145986795425415,0.3295430839061737,0.3512359857559204,21.683490753173828,23.006431579589844,22.939918518066406,23.285810470581055,1860.550048828125
12,64281,6.9667158126831055,16.57430648803711,0.08922743052244186,3.9011409282684326,24.201274871826172,0.335610032081604,0.33431872725486755,0.33223867416381836,0.3410804867744446,25.100351333618164,25.674062728881836,25.580524444580078,25.61520004272461,1806.1180419921875
