month,pfaf_id,Rainf_tavg,Qair_f_tavg,Qs_tavg,Evap_tavg,Tair_f_tavg,SoilMoist_inst_lvl_0,SoilMoist_inst_lvl_1,SoilMoist_inst_lvl_2,SoilMoist_inst_lvl_3,SoilTemp_inst_lvl_0,SoilTemp_inst_lvl_1,SoilTemp_inst_lvl_2,SoilTemp_inst_lvl_3,Streamflow_tavg
2,62470,6.534080505371094,17.362863540649414,0.07434768974781036,3.6179161071777344,24.933786392211914,0.3671465814113617,0.3677445352077484,0.36940842866897583,0.37863969802856445,25.874866485595703,26.16697883605957,26.208925247192383,26.437244415283203,4851.27587890625
3,62470,6.543487548828125,17.573205947875977,0.08514739573001862,3.5516538619995117,25.148408889770508,0.3729347586631775,0.3742608428001404,0.3798787593841553,0.3992122411727905,25.87619400024414,26.090343475341797,25.911113739013672,25.998184204101562,4420.10595703125
4,62470,6.209043979644775,17.588088989257812,0.08486694097518921,3.5568110942840576,25.077709197998047,0.3737141489982605,0.3757205307483673,0.3833458721637726,0.4068351686000824,25.691072463989258,25.983806610107422,25.780107498168945,25.816959381103516,5211.71240234375
5,62470,3.4215316772460938,16.462459564208984,0.03042520582675934,3.379645824432373,24.80617332458496,0.35722607374191284,0.36188438534736633,0.3721635043621063,0.39552074670791626,24.99201774597168,25.532941818237305,25.448997497558594,25.612268447875977,4662.82958984375
6,62470,1.480782389640808,13.675413131713867,0.006114785559475422,2.97556734085083,24.896785736083984,0.31058305501937866,0.33518868684768677,0.3478017747402191,0.3674335479736328,24.58611488342285,25.17328643798828,24.93665313720703,25.18380355834961,2143.5087890625
7,62470,0.6471130847930908,11.045792579650879,0.0009571515838615596,2.080923080444336,25.698820114135742,0.23620715737342834,0.31407517194747925,0.32522308826446533,0.3408238887786865,25.98924446105957,26.45345115661621,25.5604305267334,25.253097534179688,739.5060424804688
