month,pfaf_id,Rainf_tavg,Qair_f_tavg,Qs_tavg,Evap_tavg,Tair_f_tavg,SoilMoist_inst_lvl_0,SoilMoist_inst_lvl_1,SoilMoist_inst_lvl_2,SoilMoist_inst_lvl_3,SoilTemp_inst_lvl_0,SoilTemp_inst_lvl_1,SoilTemp_inst_lvl_2,SoilTemp_inst_lvl_3,Streamflow_tavg
4,62247,7.206149101257324,17.332386016845703,0.11086948215961456,3.4634861946105957,24.544937133789062,0.36695539951324463,0.37002453207969666,0.37855061888694763,0.4072892963886261,25.46531867980957,25.487506866455078,25.286102294921875,25.198699951171875,4876.43603515625
5,62247,4.693140029907227,16.649648666381836,0.049640145152807236,3.175163984298706,24.216815948486328,0.3579292297363281,0.36136600375175476,0.37043118476867676,0.39736872911453247,24.82808494567871,24.93462562561035,24.85782814025879,24.943971633911133,2875.875732421875
6,62247,2.2438390254974365,14.984676361083984,0.012508428655564785,2.949845790863037,23.803455352783203,0.33735454082489014,0.3426382541656494,0.3520445227622986,0.3742275834083557,23.88150978088379,24.120704650878906,24.145902633666992,24.437620162963867,1433.7218017578125
7,62247,1.0505807399749756,12.289960861206055,0.0030846844892948866,2.95243501663208,24.360382080078125,0.2915940582752228,0.31646034121513367,0.32617858052253723,0.34342536330223083,24.018564224243164,24.12603759765625,23.735702514648438,23.879474639892578,537.6800537109375
8,62247,1.1211297512054443,11.273272514343262,0.003864688565954566,2.884315252304077,26.683921813964844,0.24203714728355408,0.29001927375793457,0.29746586084365845,0.3096407949924469,26.63892364501953,26.37574577331543,25.129121780395508,24.36678123474121,181.7235870361328
9,62247,3.215803861618042,13.979072570800781,0.027222326025366783,3.4258131980895996,27.38140296936035,0.2720268666744232,0.28687161207199097,0.2802937924861908,0.28356537222862244,27.79115867614746,27.640474319458008,26.601116180419922,25.716856002807617,82.79227447509766
