month,pfaf_id,Rainf_tavg,Qair_f_tavg,Qs_tavg,Evap_tavg,Tair_f_tavg,SoilMoist_inst_lvl_0,SoilMoist_inst_lvl_1,SoilMoist_inst_lvl_2,SoilMoist_inst_lvl_3,SoilTemp_inst_lvl_0,SoilTemp_inst_lvl_1,SoilTemp_inst_lvl_2,SoilTemp_inst_lvl_3,Streamflow_tavg
2,62228,6.277461528778076,16.732635498046875,0.05479884147644043,3.675469160079956,24.25017547607422,0.340361624956131,0.34160667657852173,0.3457232117652893,0.36434751749038696,25.41913414001465,25.518142700195312,25.26702308654785,25.220874786376953,518.2055053710938
3,62228,6.028322696685791,16.903518676757812,0.054660364985466,3.6413025856018066,24.549243927001953,0.3418264389038086,0.34353283047676086,0.3498295843601227,0.37511491775512695,25.555696487426758,25.57278060913086,25.19129180908203,25.018522262573242,547.3096313476562
4,62228,5.29590368270874,16.446260452270508,0.04459260031580925,3.5382132530212402,24.392765045166016,0.3395727872848511,0.34178051352500916,0.3493351936340332,0.3764600455760956,25.09664535522461,25.24513053894043,24.99798011779785,24.921871185302734,604.6151123046875
5,62228,2.293626308441162,13.906781196594238,0.009968294762074947,3.353792667388916,24.07465362548828,0.314287930727005,0.3215138614177704,0.3319854736328125,0.3576573133468628,23.98756217956543,24.3565731048584,24.327911376953125,24.525821685791016,518.0369262695312
6,62228,0.8914557695388794,11.00153923034668,0.002392454771324992,2.898477077484131,23.837066650390625,0.2653217911720276,0.290976881980896,0.3015199601650238,0.32074135541915894,23.376108169555664,23.699382781982422,23.48455810546875,23.77071762084961,234.23898315429688
7,62228,0.4982495605945587,9.461039543151855,0.0007669571787118912,2.5404484272003174,24.565582275390625,0.2146136313676834,0.2615886628627777,0.27205920219421387,0.28649574518203735,24.319782257080078,24.478300094604492,23.75863265991211,23.586557388305664,80.36602020263672
