month,pfaf_id,Rainf_tavg,Qair_f_tavg,Qs_tavg,Evap_tavg,Tair_f_tavg,SoilMoist_inst_lvl_0,SoilMoist_inst_lvl_1,SoilMoist_inst_lvl_2,SoilMoist_inst_lvl_3,SoilTemp_inst_lvl_0,SoilTemp_inst_lvl_1,SoilTemp_inst_lvl_2,SoilTemp_inst_lvl_3,Streamflow_tavg
4,62492,3.805422306060791,16.888439178466797,0.06959773600101471,3.604112148284912,25.41082000732422,0.38737186789512634,0.39229634404182434,0.3976699411869049,0.4054568111896515,25.846406936645508,26.183855056762695,26.171527862548828,26.321855545043945,2380.660400390625
5,62492,1.559441328048706,13.996557235717773,0.01106527540832758,3.069260358810425,25.19809913635254,0.3269398808479309,0.36983799934387207,0.380454957485199,0.3919152319431305,25.157617568969727,25.560646057128906,25.480356216430664,25.752302169799805,1829.2061767578125
6,62492,0.7388077974319458,10.649428367614746,0.001963227754458785,1.42607843875885,25.318574905395508,0.23418790102005005,0.36206796765327454,0.36676105856895447,0.3746989071369171,25.957063674926758,26.386104583740234,25.743379592895508,25.54913330078125,786.0811157226562
7,62492,0.6632161736488342,9.063549041748047,0.0016668366733938456,1.0685923099517822,25.89573860168457,0.21143336594104767,0.357439786195755,0.3602991998195648,0.3660058379173279,26.827510833740234,27.27061653137207,26.369150161743164,25.900983810424805,345.9772644042969
8,62492,0.666659951210022,8.44157886505127,0.0024150165263563395,1.0655174255371094,27.904720306396484,0.20598655939102173,0.35129088163375854,0.35386162996292114,0.35935670137405396,28.790353775024414,29.072935104370117,27.67833137512207,26.72471809387207,183.2001953125
9,62492,1.4964932203292847,10.278698921203613,0.02129509672522545,1.7160515785217285,29.914087295532227,0.2235907018184662,0.34420904517173767,0.3468983769416809,0.35312017798423767,30.872093200683594,31.13539695739746,29.519861221313477,28.124473571777344,118.6077880859375
