month,pfaf_id,Rainf_tavg,Qair_f_tavg,Qs_tavg,Evap_tavg,Tair_f_tavg,SoilMoist_inst_lvl_0,SoilMoist_inst_lvl_1,SoilMoist_inst_lvl_2,SoilMoist_inst_lvl_3,SoilTemp_inst_lvl_0,SoilTemp_inst_lvl_1,SoilTemp_inst_lvl_2,SoilTemp_inst_lvl_3,Streamflow_tavg
1,67202,3.2850587368011475,14.621808052062988,0.024542491883039474,2.8053455352783203,24.34803009033203,0.25692662596702576,0.2497393935918808,0.2394251972436905,0.2611040771007538,27.25872230529785,26.046335220336914,25.604488372802734,25.27822494506836,118.83504486083984
2,67202,4.005542755126953,15.144237518310547,0.042385246604681015,2.8284690380096436,24.516021728515625,0.2713876962661743,0.25472772121429443,0.23979982733726501,0.26626819372177124,27.09708023071289,25.973234176635742,25.452184677124023,25.051502227783203,187.0092010498047
3,67202,4.258220672607422,15.301735877990723,0.05899224802851677,2.6840295791625977,24.512331008911133,0.27814891934394836,0.2627406716346741,0.2460699826478958,0.2752266824245453,27.193622589111328,26.059612274169922,25.449729919433594,24.95989227294922,307.75872802734375
4,67202,3.627303123474121,14.888330459594727,0.05061975121498108,2.463953733444214,24.39881134033203,0.27191534638404846,0.26384103298187256,0.25062158703804016,0.2823042869567871,27.409086227416992,26.193143844604492,25.520191192626953,24.96969223022461,379.1432800292969
5,67202,1.9990448951721191,14.081401824951172,0.014045567251741886,2.1196067333221436,24.29656410217285,0.24728944897651672,0.2525082230567932,0.24586734175682068,0.2800207734107971,27.87497329711914,26.408531188964844,25.64604377746582,25.038686752319336,298.08770751953125
12,67202,2.9131662845611572,14.42590618133545,0.021716704592108727,2.60455322265625,24.136859893798828,0.24433252215385437,0.25277334451675415,0.24558068811893463,0.26136866211891174,27.707979202270508,26.424072265625,25.955123901367188,25.530521392822266,205.42428588867188
