month,pfaf_id,Rainf_tavg,Qair_f_tavg,Qs_tavg,Evap_tavg,Tair_f_tavg,SoilMoist_inst_lvl_0,SoilMoist_inst_lvl_1,SoilMoist_inst_lvl_2,SoilMoist_inst_lvl_3,SoilTemp_inst_lvl_0,SoilTemp_inst_lvl_1,SoilTemp_inst_lvl_2,SoilTemp_inst_lvl_3,Streamflow_tavg
4,62298,4.52985143661499,12.705524444580078,0.03204885497689247,2.9182496070861816,17.655942916870117,0.3387643098831177,0.3407284915447235,0.3436901271343231,0.3547908663749695,20.12016487121582,19.507125854492188,19.599735260009766,19.706289291381836,18920.83203125
5,62298,3.7040557861328125,12.462541580200195,0.016018833965063095,2.705043077468872,17.6026668548584,0.3299061954021454,0.3342452049255371,0.3389449417591095,0.3521670699119568,19.838083267211914,19.04451560974121,18.85993003845215,18.875289916992188,14969.158203125
6,62298,3.145277738571167,12.144913673400879,0.010009011253714561,2.536297082901001,17.469642639160156,0.3203654885292053,0.32640472054481506,0.33132204413414,0.34454256296157837,19.573572158813477,18.75446128845215,18.48776626586914,18.412961959838867,11098.6689453125
7,62298,2.768871784210205,11.593842506408691,0.006930439732968807,2.52062726020813,17.236648559570312,0.3108382523059845,0.3180980682373047,0.3227110803127289,0.33510035276412964,19.42262840270996,18.481706619262695,18.144311904907227,18.06402015686035,8719.4072265625
8,62298,2.716923713684082,11.711996078491211,0.006900254171341658,2.6655797958374023,17.676250457763672,0.30385690927505493,0.3104919493198395,0.31376975774765015,0.32450878620147705,20.08247947692871,18.9058895111084,18.30352210998535,17.98351287841797,6462.4541015625
9,62298,3.1401050090789795,12.168219566345215,0.01008965726941824,2.89729905128479,18.251434326171875,0.30389291048049927,0.3068486154079437,0.3071853518486023,0.31553858518600464,21.016246795654297,19.639623641967773,18.871919631958008,18.320964813232422,4897.17138671875
