month,pfaf_id,Rainf_tavg,Qair_f_tavg,Qs_tavg,Evap_tavg,Tair_f_tavg,SoilMoist_inst_lvl_0,SoilMoist_inst_lvl_1,SoilMoist_inst_lvl_2,SoilMoist_inst_lvl_3,SoilTemp_inst_lvl_0,SoilTemp_inst_lvl_1,SoilTemp_inst_lvl_2,SoilTemp_inst_lvl_3,Streamflow_tavg
2,64279,5.98177433013916,17.030635833740234,0.020915497094392776,3.416914939880371,25.62138557434082,0.2751244306564331,0.27480873465538025,0.2745813727378845,0.312969446182251,25.97043228149414,26.647794723510742,26.222105026245117,25.970645904541016,3141.356689453125
3,64279,4.936047554016113,16.830095291137695,0.015301002189517021,3.137253761291504,25.433094024658203,0.27375784516334534,0.27726447582244873,0.2835603356361389,0.3152185082435608,25.65591049194336,26.39058494567871,25.82096290588379,25.498695373535156,3529.95068359375
4,64279,2.62339448928833,14.373334884643555,0.006115967407822609,2.4477241039276123,24.425912857055664,0.24919991195201874,0.2604851722717285,0.2729560434818268,0.30590710043907166,24.420202255249023,25.611215591430664,25.18381690979004,25.088804244995117,3521.279052734375
5,64279,1.3687989711761475,11.675259590148926,0.0018678600899875164,1.7545729875564575,22.9328556060791,0.22501856088638306,0.24342529475688934,0.259660005569458,0.291086345911026,22.45131492614746,24.059585571289062,23.907485961914062,24.14928436279297,1909.6671142578125
6,64279,1.0746111869812012,9.756261825561523,0.0012869177153334022,1.331312894821167,21.23234748840332,0.21046747267246246,0.23263289034366608,0.24956010282039642,0.2788405418395996,20.43528175354004,22.120548248291016,22.006139755249023,22.565895080566406,766.1754760742188
7,64279,0.8714735507965088,9.38470458984375,0.0008663504268042743,1.2314856052398682,22.093341827392578,0.19899146258831024,0.22634166479110718,0.2427474409341812,0.270055890083313,21.060100555419922,22.552350997924805,21.824413299560547,21.840152740478516,366.7093200683594
