month,pfaf_id,Rainf_tavg,Qair_f_tavg,Qs_tavg,Evap_tavg,Tair_f_tavg,SoilMoist_inst_lvl_0,SoilMoist_inst_lvl_1,SoilMoist_inst_lvl_2,SoilMoist_inst_lvl_3,SoilTemp_inst_lvl_0,SoilTemp_inst_lvl_1,SoilTemp_inst_lvl_2,SoilTemp_inst_lvl_3,Streamflow_tavg
1,62497,7.6381916999816895,16.627349853515625,0.04390007629990578,3.8316447734832764,24.04492950439453,0.313462495803833,0.3141578733921051,0.32038041949272156,0.3500525653362274,24.99187660217285,25.500324249267578,25.391490936279297,25.650117874145508,1250.2252197265625
2,62497,6.971118927001953,16.603439331054688,0.03907227888703346,3.7367701530456543,24.316442489624023,0.31055864691734314,0.3126295804977417,0.3212703764438629,0.35528481006622314,24.982620239257812,25.477184295654297,25.09630584716797,25.06069564819336,1571.5362548828125
3,62497,6.639227867126465,16.646806716918945,0.04530899599194527,3.633225202560425,24.430614471435547,0.3097264766693115,0.3108876645565033,0.3203621506690979,0.35459643602371216,24.973648071289062,25.63800811767578,25.124027252197266,24.95313262939453,1578.786865234375
4,62497,4.710280895233154,15.724312782287598,0.03024260699748993,3.3317079544067383,23.930137634277344,0.29487884044647217,0.30118778347969055,0.3139705955982208,0.348247766494751,24.424053192138672,25.470590591430664,25.030502319335938,24.93711280822754,1316.972900390625
5,62497,1.9077033996582031,12.538926124572754,0.007601870223879814,2.5004780292510986,22.594863891601562,0.25674960017204285,0.27502498030662537,0.294206440448761,0.327526718378067,23.08037567138672,24.535160064697266,24.241498947143555,24.480619430541992,693.3155517578125
12,62497,7.588011741638184,16.540616989135742,0.04349015653133392,3.832237720489502,24.21845245361328,0.3031536042690277,0.30210375785827637,0.3017556965351105,0.32076138257980347,25.52411651611328,26.46670913696289,26.764652252197266,27.261499404907227,687.8200073242188
