month,pfaf_id,Rainf_tavg,Qair_f_tavg,Qs_tavg,Evap_tavg,Tair_f_tavg,SoilMoist_inst_lvl_0,SoilMoist_inst_lvl_1,SoilMoist_inst_lvl_2,SoilMoist_inst_lvl_3,SoilTemp_inst_lvl_0,SoilTemp_inst_lvl_1,SoilTemp_inst_lvl_2,SoilTemp_inst_lvl_3,Streamflow_tavg
4,62229,5.103739261627197,16.390735626220703,0.05905354022979736,3.4452507495880127,24.03326416015625,0.3530384600162506,0.35610291361808777,0.36498960852622986,0.3907564878463745,24.663211822509766,25.051952362060547,24.98849868774414,25.080455780029297,2954.661376953125
5,62229,2.2972183227539062,14.16318130493164,0.013858828693628311,3.1387462615966797,23.44845962524414,0.3254615366458893,0.3353993594646454,0.34811607003211975,0.3727666139602661,23.429183959960938,23.963571548461914,24.038639068603516,24.406524658203125,1645.7923583984375
6,62229,0.8726560473442078,11.621244430541992,0.002141135511919856,2.30822491645813,23.180200576782227,0.26449060440063477,0.3111061155796051,0.32424694299697876,0.3445792496204376,23.030630111694336,23.607322692871094,23.364526748657227,23.650911331176758,718.2969970703125
7,62229,0.5933226346969604,9.790970802307129,0.001163817592896521,1.7570486068725586,23.79717254638672,0.21036119759082794,0.2961229681968689,0.306082546710968,0.32143664360046387,24.0300350189209,24.523691177368164,23.729297637939453,23.520814895629883,254.16575622558594
8,62229,0.6509829163551331,8.865095138549805,0.0015501322923228145,1.6755125522613525,25.902908325195312,0.18320021033287048,0.2822556495666504,0.2903023958206177,0.30262720584869385,26.21114158630371,26.4968318939209,25.154239654541016,24.342111587524414,90.9794921875
9,62229,1.8263415098190308,10.640588760375977,0.012565318495035172,2.2630844116210938,27.865528106689453,0.2041407972574234,0.2724713385105133,0.2759353518486023,0.28675276041030884,28.40686798095703,28.53898048400879,27.03044319152832,25.83401107788086,43.811279296875
