month,pfaf_id,Rainf_tavg,Qair_f_tavg,Qs_tavg,Evap_tavg,Tair_f_tavg,SoilMoist_inst_lvl_0,SoilMoist_inst_lvl_1,SoilMoist_inst_lvl_2,SoilMoist_inst_lvl_3,SoilTemp_inst_lvl_0,SoilTemp_inst_lvl_1,SoilTemp_inst_lvl_2,SoilTemp_inst_lvl_3,Streamflow_tavg
2,62493,5.507529258728027,17.509328842163086,0.0663759857416153,3.710989475250244,25.71748161315918,0.35452350974082947,0.3542885184288025,0.3554881811141968,0.3693811595439911,26.452369689941406,26.810102462768555,26.669462203979492,26.747421264648438,2561.453125
3,62493,5.458922863006592,17.658266067504883,0.07550809532403946,3.6604835987091064,26.01681137084961,0.3614749610424042,0.3624446988105774,0.3661997318267822,0.3784734308719635,26.437671661376953,26.759599685668945,26.458921432495117,26.422779083251953,2522.615478515625
4,62493,4.458087921142578,17.20833969116211,0.062297068536281586,3.6279492378234863,25.941375732421875,0.3563076853752136,0.3593948483467102,0.36637720465660095,0.3824746906757355,26.123111724853516,26.599557876586914,26.32107925415039,26.287633895874023,2788.09716796875
5,62493,1.784645438194275,14.07190227508545,0.012256018817424774,3.1858410835266113,25.959617614746094,0.30928316712379456,0.3350488245487213,0.34832683205604553,0.3664948344230652,25.46300506591797,26.261194229125977,25.978078842163086,26.05261993408203,1981.5360107421875
6,62493,0.8907082080841064,10.657139778137207,0.0023876104969531298,1.7080656290054321,25.983312606811523,0.22464387118816376,0.3208027184009552,0.3308117985725403,0.34523165225982666,26.05903434753418,26.9664363861084,26.1728572845459,25.94163703918457,769.3626098632812
7,62493,0.6430690884590149,9.088839530944824,0.0014325634110718966,1.125558614730835,26.586009979248047,0.18995019793510437,0.31603071093559265,0.32265087962150574,0.3339599072933197,27.20647621154785,28.1016788482666,27.04636573791504,26.473892211914062,313.9804382324219
