month,pfaf_id,Rainf_tavg,Qair_f_tavg,Qs_tavg,Evap_tavg,Tair_f_tavg,SoilMoist_inst_lvl_0,SoilMoist_inst_lvl_1,SoilMoist_inst_lvl_2,SoilMoist_inst_lvl_3,SoilTemp_inst_lvl_0,SoilTemp_inst_lvl_1,SoilTemp_inst_lvl_2,SoilTemp_inst_lvl_3,Streamflow_tavg
4,62266,4.118617057800293,12.648826599121094,0.10602705925703049,2.9086854457855225,17.484107971191406,0.32115885615348816,0.3244030773639679,0.33168119192123413,0.35383203625679016,19.236425399780273,19.42361068725586,20.153894424438477,20.996992111206055,11099.8193359375
5,62266,3.121405839920044,11.602952003479004,0.07876665890216827,2.5737857818603516,16.60350799560547,0.3132663071155548,0.3167675733566284,0.3238825798034668,0.34406033158302307,17.79856300354004,17.805644989013672,18.26274871826172,19.124252319335938,6568.2666015625
6,62266,2.6218767166137695,10.918286323547363,0.06068049371242523,2.431058406829834,16.102346420288086,0.3055230677127838,0.30870240926742554,0.31500035524368286,0.3323242962360382,16.935392379760742,16.867555618286133,17.108036041259766,17.81743049621582,4603.73583984375
7,62266,2.2854223251342773,10.352238655090332,0.05756458640098572,2.511070489883423,16.11845588684082,0.2970898151397705,0.29973191022872925,0.3046491742134094,0.31874215602874756,16.840312957763672,16.608829498291016,16.544437408447266,17.036319732666016,3349.587158203125
8,62266,2.3830599784851074,10.519796371459961,0.04438070207834244,2.827831268310547,17.63808822631836,0.28854233026504517,0.290717214345932,0.2934255301952362,0.3039948046207428,18.287967681884766,17.726896286010742,17.13520622253418,17.104066848754883,2364.43017578125
9,62266,3.079252243041992,11.121976852416992,0.05576028302311897,3.145493268966675,18.73685646057129,0.28622475266456604,0.2854423522949219,0.2831878662109375,0.28936612606048584,19.797975540161133,19.06077003479004,18.264921188354492,17.919965744018555,2008.7564697265625
