month,pfaf_id,Rainf_tavg,Qair_f_tavg,Qs_tavg,Evap_tavg,Tair_f_tavg,SoilMoist_inst_lvl_0,SoilMoist_inst_lvl_1,SoilMoist_inst_lvl_2,SoilMoist_inst_lvl_3,SoilTemp_inst_lvl_0,SoilTemp_inst_lvl_1,SoilTemp_inst_lvl_2,SoilTemp_inst_lvl_3,Streamflow_tavg
2,62229,6.073188304901123,16.741912841796875,0.06028520688414574,3.6590332984924316,24.322317123413086,0.35541144013404846,0.3566492795944214,0.36099547147750854,0.37880226969718933,25.19622802734375,25.366456985473633,25.211885452270508,25.261775970458984,1852.2467041015625
3,62229,6.0173492431640625,16.916217803955078,0.06765060126781464,3.6400420665740967,24.60880470275879,0.35792747139930725,0.3596881031990051,0.3663971424102783,0.38938984274864197,25.360111236572266,25.462932586669922,25.108890533447266,24.988323211669922,1600.3880615234375
4,62229,5.153528690338135,16.42337989807129,0.06233047693967819,3.5531697273254395,24.368776321411133,0.35447174310684204,0.357012003660202,0.36540642380714417,0.3904517590999603,24.84067153930664,25.15177345275879,24.914701461791992,24.871700286865234,1857.5643310546875
5,62229,2.0928955078125,13.716526985168457,0.012820716015994549,3.291276216506958,24.00448226928711,0.32006362080574036,0.33360782265663147,0.34680452942848206,0.37132370471954346,23.75912857055664,24.337766647338867,24.279077529907227,24.492197036743164,1556.6875
6,62229,0.8318461775779724,10.776151657104492,0.0025660290848463774,2.307619094848633,23.791465759277344,0.24857155978679657,0.3083866834640503,0.32078608870506287,0.3400898277759552,23.685012817382812,24.238834381103516,23.78866958618164,23.910802841186523,647.0848388671875
7,62229,0.5246000289916992,9.31490707397461,0.0009205069509334862,1.7005887031555176,24.550540924072266,0.19797147810459137,0.29347753524780273,0.3029097020626068,0.31727004051208496,24.943483352661133,25.364030838012695,24.449033737182617,24.06194305419922,209.49620056152344
