month,pfaf_id,Rainf_tavg,Qair_f_tavg,Qs_tavg,Evap_tavg,Tair_f_tavg,SoilMoist_inst_lvl_0,SoilMoist_inst_lvl_1,SoilMoist_inst_lvl_2,SoilMoist_inst_lvl_3,SoilTemp_inst_lvl_0,SoilTemp_inst_lvl_1,SoilTemp_inst_lvl_2,SoilTemp_inst_lvl_3,Streamflow_tavg
2,64276,6.220509052276611,16.8140811920166,0.041302166879177094,3.7491962909698486,25.034194946289062,0.3055133521556854,0.30503758788108826,0.3076218068599701,0.3301737606525421,25.40420150756836,25.899229049682617,25.398494720458984,25.107419967651367,3774.329833984375
3,64276,5.3989787101745605,16.6741886138916,0.038002122193574905,3.548861503601074,24.870670318603516,0.30525946617126465,0.3071860671043396,0.3142906129360199,0.3376460671424866,25.19265365600586,25.753253936767578,25.18762969970703,24.839679718017578,4159.04443359375
4,64276,3.0846681594848633,14.598444938659668,0.01833406649529934,2.98854398727417,23.900278091430664,0.2834315001964569,0.29229995608329773,0.304421067237854,0.3294852077960968,23.95391845703125,24.970125198364258,24.585235595703125,24.498807907104492,4014.384033203125
5,64276,1.5027278661727905,11.85509967803955,0.004279608838260174,2.220770835876465,22.518770217895508,0.252832293510437,0.2725776731967926,0.28838786482810974,0.3117413818836212,22.305191040039062,23.708953857421875,23.500761032104492,23.678146362304688,2160.258056640625
6,64276,1.1110732555389404,9.973061561584473,0.0024684497620910406,1.6092756986618042,21.070463180541992,0.23069541156291962,0.2598768472671509,0.2761628329753876,0.29702550172805786,20.686269760131836,22.22713851928711,21.980852127075195,22.38963508605957,878.2559814453125
7,64276,0.8852820992469788,9.581498146057129,0.001415351638570428,1.437453269958496,21.8834228515625,0.21480675041675568,0.2523159980773926,0.2677933871746063,0.28675299882888794,21.521949768066406,22.8669376373291,22.007251739501953,21.882890701293945,424.6237487792969
