month,pfaf_id,Rainf_tavg,Qair_f_tavg,Qs_tavg,Evap_tavg,Tair_f_tavg,SoilMoist_inst_lvl_0,SoilMoist_inst_lvl_1,SoilMoist_inst_lvl_2,SoilMoist_inst_lvl_3,SoilTemp_inst_lvl_0,SoilTemp_inst_lvl_1,SoilTemp_inst_lvl_2,SoilTemp_inst_lvl_3,Streamflow_tavg
1,66405,3.3748371601104736,7.026431560516357,0.05990438535809517,2.158764362335205,8.391797065734863,0.2550012171268463,0.24792206287384033,0.23174241185188293,0.23531648516654968,14.868790626525879,13.785697937011719,12.575169563293457,11.525179862976074,163.19091796875
2,66405,3.6825082302093506,7.462571620941162,0.06261403858661652,2.2864201068878174,8.198443412780762,0.2737080156803131,0.2679813504219055,0.25560101866722107,0.2576749324798584,13.549162864685059,12.938507080078125,11.823073387145996,10.8543701171875,247.8846435546875
3,66405,2.8628346920013428,7.233277320861816,0.03939543664455414,2.113889455795288,8.123148918151855,0.2730776369571686,0.2722434997558594,0.2678355574607849,0.2751460075378418,13.099797248840332,12.561407089233398,11.343644142150879,10.326746940612793,465.9782409667969
4,66405,1.664684534072876,6.166662216186523,0.013951895758509636,1.723454475402832,7.514835834503174,0.26064273715019226,0.26577436923980713,0.2680339217185974,0.2792668342590332,11.787967681884766,11.643877029418945,10.58315372467041,9.782732963562012,668.49169921875
5,66405,0.7532040476799011,4.617964267730713,0.004264091607183218,1.2234522104263306,5.850977420806885,0.2431829273700714,0.25371241569519043,0.2606697976589203,0.27380597591400146,9.795276641845703,9.859240531921387,9.163152694702148,8.802124977111816,723.7202758789062
12,66405,2.3813867568969727,5.907133102416992,0.04747550189495087,1.6517736911773682,8.328134536743164,0.21924151480197906,0.22065798938274384,0.2097809910774231,0.22541047632694244,16.25050163269043,14.820154190063477,13.539238929748535,12.263263702392578,161.00491333007812
