month,pfaf_id,Rainf_tavg,Qair_f_tavg,Qs_tavg,Evap_tavg,Tair_f_tavg,SoilMoist_inst_lvl_0,SoilMoist_inst_lvl_1,SoilMoist_inst_lvl_2,SoilMoist_inst_lvl_3,SoilTemp_inst_lvl_0,SoilTemp_inst_lvl_1,SoilTemp_inst_lvl_2,SoilTemp_inst_lvl_3,Streamflow_tavg
4,62261,6.7654266357421875,17.23612403869629,0.017909398302435875,3.807525634765625,26.084901809692383,0.3559896647930145,0.3592694103717804,0.36840999126434326,0.39542850852012634,27.11758041381836,26.969158172607422,26.779584884643555,26.689645767211914,150823.53125
5,62261,6.3481597900390625,17.498756408691406,0.01464014407247305,3.6161539554595947,26.102672576904297,0.3541398346424103,0.3573884665966034,0.3661525547504425,0.39171847701072693,26.991073608398438,26.805959701538086,26.57744789123535,26.496936798095703,141274.5
6,62261,4.839733123779297,17.24949073791504,0.008345646783709526,3.4360101222991943,25.94900894165039,0.3479490876197815,0.3512096703052521,0.35969460010528564,0.38329046964645386,26.58648109436035,26.458341598510742,26.314579010009766,26.31049346923828,123057.671875
7,62261,3.9002394676208496,16.758882522583008,0.005576250143349171,3.4421112537384033,25.8814754486084,0.3403197228908539,0.34282389283180237,0.34975317120552063,0.3690863847732544,26.290502548217773,26.140058517456055,25.975296020507812,26.020265579223633,101871.109375
8,62261,3.9473397731781006,16.9774227142334,0.007321152836084366,3.784813165664673,27.004182815551758,0.3347024917602539,0.33610308170318604,0.3407154977321625,0.35543861985206604,27.06446647644043,26.71796226501465,26.215103149414062,25.966842651367188,82804.5546875
9,62261,4.658452987670898,17.410612106323242,0.012033888138830662,4.145620822906494,27.941593170166016,0.3347351849079132,0.33543145656585693,0.3380104601383209,0.34922176599502563,28.084814071655273,27.621095657348633,26.939746856689453,26.43315887451172,66944.140625
