month,pfaf_id,Rainf_tavg,Qair_f_tavg,Qs_tavg,Evap_tavg,Tair_f_tavg,SoilMoist_inst_lvl_0,SoilMoist_inst_lvl_1,SoilMoist_inst_lvl_2,SoilMoist_inst_lvl_3,SoilTemp_inst_lvl_0,SoilTemp_inst_lvl_1,SoilTemp_inst_lvl_2,SoilTemp_inst_lvl_3,Streamflow_tavg
1,62238,6.035646915435791,16.971797943115234,0.17363017797470093,3.237484931945801,25.656517028808594,0.36812010407447815,0.35923728346824646,0.32711413502693176,0.265340119600296,25.99345588684082,25.860698699951172,25.760452270507812,25.81597328186035,81418.5
2,62238,6.13555908203125,17.153955459594727,0.20060424506664276,3.290640354156494,25.68023681640625,0.37604743242263794,0.37036633491516113,0.35186031460762024,0.29635870456695557,26.087236404418945,25.917438507080078,25.663387298583984,25.536977767944336,86303.7578125
3,62238,6.839270114898682,17.347509384155273,0.29803234338760376,3.285484552383423,25.713958740234375,0.3847440779209137,0.3810131847858429,0.368850439786911,0.3282351493835449,26.154577255249023,26.009136199951172,25.71938133239746,25.515222549438477,105630.5390625
4,62238,7.2357635498046875,17.42070198059082,0.30998867750167847,3.3845553398132324,25.748754501342773,0.39374294877052307,0.39163246750831604,0.38549089431762695,0.3650623559951782,26.16245460510254,26.009241104125977,25.726959228515625,25.524616241455078,126730.203125
5,62238,7.073925018310547,17.481849670410156,0.2612226903438568,3.4740476608276367,25.70043182373047,0.4001048803329468,0.3993479013442993,0.3983537256717682,0.3954129219055176,26.1508731842041,25.973102569580078,25.69669532775879,25.505306243896484,138783.015625
12,62238,5.854734420776367,16.64130210876465,0.11080250889062881,3.1881985664367676,26.182512283325195,0.34402841329574585,0.3243412673473358,0.27971723675727844,0.23515382409095764,26.38772201538086,26.369234085083008,26.413633346557617,26.484760284423828,83667.5859375
