month,pfaf_id,Rainf_tavg,Qair_f_tavg,Qs_tavg,Evap_tavg,Tair_f_tavg,SoilMoist_inst_lvl_0,SoilMoist_inst_lvl_1,SoilMoist_inst_lvl_2,SoilMoist_inst_lvl_3,SoilTemp_inst_lvl_0,SoilTemp_inst_lvl_1,SoilTemp_inst_lvl_2,SoilTemp_inst_lvl_3,Streamflow_tavg
1,62289,7.558475971221924,17.477092742919922,0.01628894731402397,3.5403006076812744,24.767183303833008,0.34179073572158813,0.3447071313858032,0.35287195444107056,0.3804868757724762,26.20869255065918,25.655344009399414,25.36142921447754,25.222124099731445,7150.37841796875
2,62289,7.6800031661987305,17.57529067993164,0.015226171351969242,3.534930944442749,24.907567977905273,0.3419976234436035,0.3449687063694,0.35331103205680847,0.3809936046600342,26.366561889648438,25.818653106689453,25.43050193786621,25.191322326660156,7948.97998046875
3,62289,7.809496879577637,17.621784210205078,0.017031989991664886,3.505178928375244,24.947933197021484,0.34228527545928955,0.34546372294425964,0.35404008626937866,0.38204440474510193,26.377222061157227,25.894794464111328,25.52447509765625,25.271516799926758,7919.66259765625
4,62289,8.110161781311035,17.5410213470459,0.02083355002105236,3.3920552730560303,24.70616340637207,0.3433198928833008,0.3466634452342987,0.3554724454879761,0.3840981423854828,26.135251998901367,25.712148666381836,25.436481475830078,25.26651954650879,8081.3193359375
5,62289,8.199357032775879,17.51966667175293,0.02189803496003151,3.2936832904815674,24.595081329345703,0.3439478874206543,0.3472951054573059,0.3563603162765503,0.38561251759529114,26.04755210876465,25.575780868530273,25.296293258666992,25.15390396118164,8402.8720703125
12,62289,7.631970405578613,17.477815628051758,0.022844620048999786,3.4818482398986816,24.659101486206055,0.34117117524147034,0.34381356835365295,0.35117971897125244,0.3771958649158478,26.163686752319336,25.69124412536621,25.5230770111084,25.469863891601562,6070.3291015625
