month,pfaf_id,Rainf_tavg,Qair_f_tavg,Qs_tavg,Evap_tavg,Tair_f_tavg,SoilMoist_inst_lvl_0,SoilMoist_inst_lvl_1,SoilMoist_inst_lvl_2,SoilMoist_inst_lvl_3,SoilTemp_inst_lvl_0,SoilTemp_inst_lvl_1,SoilTemp_inst_lvl_2,SoilTemp_inst_lvl_3,Streamflow_tavg
1,67103,0.11474155634641647,13.023380279541016,1.0394995115348138e-05,0.07555244863033295,20.56040382385254,0.1011156514286995,0.14120732247829437,0.12245883792638779,0.17119143903255463,23.414661407470703,22.45697021484375,22.12526512145996,21.999317169189453,2.3306820392608643
2,67103,0.1170477569103241,13.619637489318848,1.1774584891099948e-05,0.096898652613163,21.07710075378418,0.11622299998998642,0.13980117440223694,0.12225722521543503,0.1711466908454895,23.856792449951172,22.899789810180664,22.47733497619629,22.14825439453125,10.66224479675293
3,67103,0.09572156518697739,13.294721603393555,8.15446037449874e-06,0.0925576314330101,20.760467529296875,0.12597636878490448,0.13841833174228668,0.12191667407751083,0.17108573019504547,22.75381088256836,22.415067672729492,22.30261993408203,22.22184944152832,50.499427795410156
4,67103,0.0793609619140625,12.104677200317383,6.028616098774364e-06,0.07827843725681305,19.287546157836914,0.13273993134498596,0.13731922209262848,0.12147755920886993,0.1709996610879898,20.83636474609375,20.76378631591797,21.159757614135742,21.767662048339844,58.056663513183594
5,67103,0.07903153449296951,10.834176063537598,6.64027766106301e-06,0.06733711063861847,17.57838249206543,0.14160624146461487,0.13650770485401154,0.1209869384765625,0.17088887095451355,18.425073623657227,18.661746978759766,19.38832664489746,20.704423904418945,34.720970153808594
12,67103,0.09575820714235306,12.241327285766602,7.67318852012977e-06,0.03976062312722206,19.80091094970703,0.08336851745843887,0.14230939745903015,0.1225363090634346,0.17123088240623474,22.82132339477539,22.214265823364258,22.304479598999023,22.214481353759766,6.248833656311035
