month,pfaf_id,Rainf_tavg,Qair_f_tavg,Qs_tavg,Evap_tavg,Tair_f_tavg,SoilMoist_inst_lvl_0,SoilMoist_inst_lvl_1,SoilMoist_inst_lvl_2,SoilMoist_inst_lvl_3,SoilTemp_inst_lvl_0,SoilTemp_inst_lvl_1,SoilTemp_inst_lvl_2,SoilTemp_inst_lvl_3,Streamflow_tavg
2,62291,6.659818172454834,17.615400314331055,0.01495262049138546,3.86602520942688,26.140422821044922,0.3516572117805481,0.35456904768943787,0.36289098858833313,0.38821688294410706,27.43917465209961,27.214324951171875,26.92416000366211,26.77223014831543,58907.64453125
3,62291,6.59033727645874,17.605703353881836,0.01569436676800251,3.844194173812866,26.223434448242188,0.3508603870868683,0.3537507951259613,0.3618698716163635,0.38638949394226074,27.520673751831055,27.231290817260742,26.88741111755371,26.709049224853516,62338.15234375
4,62291,6.7146759033203125,17.761049270629883,0.01687520183622837,3.7766261100769043,26.26023292541504,0.3518298268318176,0.35479721426963806,0.3632544279098511,0.38854166865348816,27.46306610107422,27.22688865661621,26.90144920349121,26.7154541015625,57699.00390625
5,62291,6.506382942199707,17.801151275634766,0.01546423975378275,3.667551040649414,26.149831771850586,0.3516920506954193,0.35472339391708374,0.36351287364959717,0.3892495334148407,27.25629997253418,27.083253860473633,26.80590057373047,26.665912628173828,58916.62890625
6,62291,5.4405198097229,17.813522338867188,0.007464161142706871,3.5568792819976807,26.02310562133789,0.3477666676044464,0.35088130831718445,0.3595336377620697,0.3842940926551819,26.99791145324707,26.838153839111328,26.613157272338867,26.538715362548828,60525.2265625
7,62291,4.1079421043396,17.321819305419922,0.004838945809751749,3.6168200969696045,25.917200088500977,0.33926817774772644,0.3421137034893036,0.349697083234787,0.37077316641807556,26.83938217163086,26.617210388183594,26.394332885742188,26.36006736755371,54142.55859375
