month,pfaf_id,Rainf_tavg,Qair_f_tavg,Qs_tavg,Evap_tavg,Tair_f_tavg,SoilMoist_inst_lvl_0,SoilMoist_inst_lvl_1,SoilMoist_inst_lvl_2,SoilMoist_inst_lvl_3,SoilTemp_inst_lvl_0,SoilTemp_inst_lvl_1,SoilTemp_inst_lvl_2,SoilTemp_inst_lvl_3,Streamflow_tavg
1,62492,5.405114650726318,17.466230392456055,0.09148360043764114,3.9061431884765625,25.74282455444336,0.3971516489982605,0.39597102999687195,0.3925720155239105,0.38684624433517456,26.701181411743164,26.81280517578125,26.848920822143555,27.147289276123047,1656.048583984375
2,62492,5.33046817779541,17.54098892211914,0.10025341808795929,3.9056150913238525,26.01378059387207,0.4021051526069641,0.40206220746040344,0.4023512005805969,0.40302544832229614,26.764190673828125,26.825820922851562,26.60193634033203,26.606014251708984,2699.701171875
3,62492,5.245805263519287,17.6422176361084,0.1216561421751976,3.83882474899292,26.152729034423828,0.40518680214881897,0.4058637320995331,0.40868079662323,0.41419368982315063,26.631879806518555,26.823266983032227,26.52922821044922,26.424352645874023,2984.747802734375
4,62492,3.988804340362549,16.97280502319336,0.095888152718544,3.8090131282806396,26.035350799560547,0.3985564708709717,0.401254802942276,0.40722113847732544,0.41645070910453796,26.241195678710938,26.586862564086914,26.373779296875,26.314908981323242,2910.52392578125
5,62492,1.7358227968215942,13.550073623657227,0.03255468234419823,3.3030409812927246,25.69407844543457,0.3335999846458435,0.3761473596096039,0.3862384557723999,0.3972940444946289,25.442359924316406,25.93404197692871,25.76116371154785,25.94526481628418,1944.0189208984375
12,62492,5.383784770965576,17.301467895507812,0.08171702921390533,3.9160335063934326,26.061874389648438,0.3797122836112976,0.38048428297042847,0.3733006715774536,0.3685712516307831,27.0955810546875,27.48055648803711,27.848125457763672,28.38142204284668,1781.0225830078125
