month,pfaf_id,Rainf_tavg,Qair_f_tavg,Qs_tavg,Evap_tavg,Tair_f_tavg,SoilMoist_inst_lvl_0,SoilMoist_inst_lvl_1,SoilMoist_inst_lvl_2,SoilMoist_inst_lvl_3,SoilTemp_inst_lvl_0,SoilTemp_inst_lvl_1,SoilTemp_inst_lvl_2,SoilTemp_inst_lvl_3,Streamflow_tavg
2,62494,6.015223026275635,17.35474967956543,0.08857925981283188,3.7103302478790283,25.316757202148438,0.3620165288448334,0.36218106746673584,0.3631722033023834,0.37731805443763733,25.944021224975586,26.27202796936035,26.17620849609375,26.30864906311035,472.40203857421875
3,62494,5.891719341278076,17.513647079467773,0.10371685028076172,3.649428367614746,25.635225296020508,0.37075600028038025,0.37187647819519043,0.37660035490989685,0.39148378372192383,25.964324951171875,26.248891830444336,25.962942123413086,25.938095092773438,373.53265380859375
4,62494,4.535539150238037,16.810829162597656,0.08021032810211182,3.630396604537964,25.501798629760742,0.3630436360836029,0.36733898520469666,0.3756525218486786,0.39364734292030334,25.584184646606445,26.071767807006836,25.811838150024414,25.7890625,453.99700927734375
5,62494,1.7991143465042114,13.520819664001465,0.014214473776519299,3.103091239929199,25.292098999023438,0.31029027700424194,0.3424108326435089,0.3561592400074005,0.374906063079834,24.762802124023438,25.652109146118164,25.40191078186035,25.514650344848633,281.6023254394531
6,62494,0.9540342688560486,10.502107620239258,0.003183147870004177,1.659843921661377,25.077011108398438,0.22960986196994781,0.3303915858268738,0.34046614170074463,0.3550643026828766,25.23166847229004,26.27507781982422,25.52082061767578,25.338287353515625,82.10762786865234
7,62494,0.7621267437934875,9.147826194763184,0.0025876706931740046,1.1149178743362427,25.691823959350586,0.19861547648906708,0.3276165723800659,0.33421507477760315,0.3455265462398529,26.301864624023438,27.411344528198242,26.375198364257812,25.82647132873535,31.950313568115234
