month,pfaf_id,Rainf_tavg,Qair_f_tavg,Qs_tavg,Evap_tavg,Tair_f_tavg,SoilMoist_inst_lvl_0,SoilMoist_inst_lvl_1,SoilMoist_inst_lvl_2,SoilMoist_inst_lvl_3,SoilTemp_inst_lvl_0,SoilTemp_inst_lvl_1,SoilTemp_inst_lvl_2,SoilTemp_inst_lvl_3,Streamflow_tavg
2,62266,5.035416126251221,13.100972175598145,0.13287173211574554,3.2180776596069336,17.973052978515625,0.32142898440361023,0.3232073485851288,0.32676878571510315,0.3406233787536621,20.135881423950195,20.163883209228516,20.76543426513672,21.431127548217773,7673.95751953125
3,62266,4.736460208892822,13.13136100769043,0.1282791644334793,3.073669910430908,18.040956497192383,0.3199588656425476,0.32219403982162476,0.32676470279693604,0.3434472978115082,19.849769592285156,19.54593276977539,19.585124969482422,20.001108169555664,6796.2802734375
4,62266,3.9371228218078613,12.751358032226562,0.10082456469535828,2.8760786056518555,17.798856735229492,0.3153357207775116,0.31764355301856995,0.322704941034317,0.3402022421360016,19.218626022338867,18.984243392944336,18.970365524291992,19.282663345336914,6332.09033203125
5,62266,3.1386165618896484,11.92526626586914,0.04566202312707901,2.689918279647827,17.211111068725586,0.3084382712841034,0.31088054180145264,0.3158813714981079,0.33194735646247864,18.347036361694336,18.21595573425293,18.265727996826172,18.661062240600586,5318.16064453125
6,62266,2.5015029907226562,10.8890962600708,0.029071856290102005,2.551862955093384,16.603620529174805,0.29832395911216736,0.3006818890571594,0.30507951974868774,0.31863969564437866,17.44472885131836,17.278305053710938,17.343130111694336,17.88654136657715,4032.924560546875
7,62266,2.2769289016723633,10.46018123626709,0.02772962488234043,2.6312074661254883,16.921504974365234,0.2899014353752136,0.29165729880332947,0.294268935918808,0.30454733967781067,17.655330657958984,17.288654327392578,17.082931518554688,17.39374542236328,2816.97607421875
