month,pfaf_id,Rainf_tavg,Qair_f_tavg,Qs_tavg,Evap_tavg,Tair_f_tavg,SoilMoist_inst_lvl_0,SoilMoist_inst_lvl_1,SoilMoist_inst_lvl_2,SoilMoist_inst_lvl_3,SoilTemp_inst_lvl_0,SoilTemp_inst_lvl_1,SoilTemp_inst_lvl_2,SoilTemp_inst_lvl_3,Streamflow_tavg
2,67103,0.33698299527168274,15.143059730529785,7.338050636462867e-05,0.25124070048332214,23.463502883911133,0.1440844088792801,0.14552021026611328,0.12112344056367874,0.17095492780208588,26.77762222290039,26.111957550048828,25.893901824951172,25.066036224365234,17.805706024169922
3,67103,0.18484093248844147,14.426743507385254,2.4939157810877077e-05,0.20316579937934875,22.61463165283203,0.15400628745555878,0.14458204805850983,0.1211528554558754,0.1709715723991394,24.649866104125977,24.5323486328125,24.610620498657227,24.507957458496094,66.52423858642578
4,67103,0.07092788815498352,12.879276275634766,4.128109594603302e-06,0.12272314727306366,20.758066177368164,0.14743919670581818,0.14310893416404724,0.12079671025276184,0.1709703803062439,22.230253219604492,22.267175674438477,22.75179100036621,23.417509078979492,81.60246276855469
5,67103,0.07469363510608673,11.558945655822754,5.09197070641676e-06,0.08548307418823242,18.943370819091797,0.14637209475040436,0.14160849153995514,0.12022910267114639,0.17092682421207428,19.71103286743164,19.973468780517578,20.67778205871582,21.969446182250977,42.51850128173828
6,67103,0.06173504889011383,10.568638801574707,4.115628144063521e-06,0.06862930953502655,17.448192596435547,0.14890556037425995,0.14133237302303314,0.11966829746961594,0.1708400845527649,17.82476043701172,18.08464241027832,18.805692672729492,20.45146942138672,21.46685791015625
7,67103,0.06084416061639786,10.033353805541992,3.5681268855114467e-06,0.06616046279668808,16.481130599975586,0.15047086775302887,0.14171621203422546,0.11920903623104095,0.17072273790836334,16.934249877929688,17.056377410888672,17.552005767822266,19.1728572845459,12.81105899810791
