month,pfaf_id,Rainf_tavg,Qair_f_tavg,Qs_tavg,Evap_tavg,Tair_f_tavg,SoilMoist_inst_lvl_0,SoilMoist_inst_lvl_1,SoilMoist_inst_lvl_2,SoilMoist_inst_lvl_3,SoilTemp_inst_lvl_0,SoilTemp_inst_lvl_1,SoilTemp_inst_lvl_2,SoilTemp_inst_lvl_3,Streamflow_tavg
4,61680,6.299447059631348,17.32769203186035,0.1216738298535347,3.5946860313415527,24.587875366210938,0.3880684971809387,0.38683006167411804,0.38774245977401733,0.3949960470199585,25.814109802246094,25.90949249267578,25.651765823364258,25.508024215698242,1101.6029052734375
5,61680,5.630928039550781,17.482025146484375,0.08941300213336945,3.4921011924743652,24.667905807495117,0.38963937759399414,0.3899029493331909,0.3938255310058594,0.40750738978385925,25.77420997619629,25.81954574584961,25.578847885131836,25.47004508972168,760.1043701171875
6,61680,5.380273342132568,17.428287506103516,0.07247348129749298,3.4121923446655273,24.60096549987793,0.3906601369380951,0.3918616771697998,0.3971805274486542,0.413707435131073,25.60565948486328,25.661212921142578,25.464492797851562,25.397306442260742,807.8775634765625
7,61680,4.469592094421387,17.065214157104492,0.04408024996519089,3.426368236541748,24.498554229736328,0.38653162121772766,0.38795006275177,0.39350059628486633,0.4095157980918884,25.348114013671875,25.463821411132812,25.286596298217773,25.26655387878418,825.1346435546875
8,61680,3.481370687484741,17.074312210083008,0.023446282371878624,3.5336008071899414,24.545902252197266,0.37812936305999756,0.3795461356639862,0.38454627990722656,0.3979440927505493,25.428436279296875,25.53664207458496,25.25865364074707,25.17094612121582,600.03564453125
9,61680,2.5969183444976807,17.069337844848633,0.013144643045961857,3.6506006717681885,24.74820327758789,0.36319229006767273,0.36447033286094666,0.3682438135147095,0.3776719570159912,25.656143188476562,25.754789352416992,25.393539428710938,25.221670150756836,332.59112548828125
