month,pfaf_id,Rainf_tavg,Qair_f_tavg,Qs_tavg,Evap_tavg,Tair_f_tavg,SoilMoist_inst_lvl_0,SoilMoist_inst_lvl_1,SoilMoist_inst_lvl_2,SoilMoist_inst_lvl_3,SoilTemp_inst_lvl_0,SoilTemp_inst_lvl_1,SoilTemp_inst_lvl_2,SoilTemp_inst_lvl_3,Streamflow_tavg
2,67102,1.1525154113769531,12.405282020568848,0.0020979647524654865,1.264030933380127,18.538776397705078,0.20997366309165955,0.21595649421215057,0.20621846616268158,0.21487799286842346,22.982385635375977,21.385440826416016,18.82784080505371,16.274463653564453,4.413784027099609
3,67102,0.7356426119804382,11.957356452941895,0.0010276163229718804,0.8964845538139343,18.355854034423828,0.19274412095546722,0.20659317076206207,0.20340879261493683,0.21747197210788727,22.64992904663086,21.750654220581055,19.885604858398438,17.694995880126953,4.031118392944336
4,67102,0.2668614089488983,10.510272979736328,0.000226787815336138,0.5138453841209412,17.500904083251953,0.1683904230594635,0.19741322100162506,0.19965191185474396,0.21753951907157898,21.61439323425293,20.791894912719727,19.530513763427734,17.983379364013672,3.9679808616638184
5,67102,0.12178163230419159,8.893994331359863,5.797554331365973e-05,0.27673786878585815,16.500444412231445,0.1506851762533188,0.19273407757282257,0.19695718586444855,0.21572239696979523,19.43752670288086,18.82512855529785,18.00602149963379,17.107545852661133,2.6840059757232666
6,67102,0.08859574049711227,7.681142807006836,5.909803803660907e-05,0.1929619312286377,15.688177108764648,0.14037778973579407,0.19134360551834106,0.19551445543766022,0.21373039484024048,18.03542137145996,17.20110511779785,16.46803092956543,15.792734146118164,1.8810367584228516
7,67102,0.0831269696354866,7.337372303009033,5.252889241091907e-05,0.16845153272151947,15.468840599060059,0.1343143880367279,0.19095705449581146,0.19458481669425964,0.21196117997169495,17.96230697631836,16.675212860107422,15.638749122619629,14.751996994018555,1.4470151662826538
