month,pfaf_id,Rainf_tavg,Qair_f_tavg,Qs_tavg,Evap_tavg,Tair_f_tavg,SoilMoist_inst_lvl_0,SoilMoist_inst_lvl_1,SoilMoist_inst_lvl_2,SoilMoist_inst_lvl_3,SoilTemp_inst_lvl_0,SoilTemp_inst_lvl_1,SoilTemp_inst_lvl_2,SoilTemp_inst_lvl_3,Streamflow_tavg
1,62256,6.266524791717529,17.156465530395508,0.06485085934400558,3.6280086040496826,25.724550247192383,0.3735214173793793,0.37196090817451477,0.3662349283695221,0.3521954417228699,26.45863151550293,26.20745277404785,26.020647048950195,25.999313354492188,75612.2890625
2,62256,6.356141090393066,17.241310119628906,0.07031763345003128,3.6676671504974365,25.79982566833496,0.38045424222946167,0.380862295627594,0.3809824585914612,0.3842617869377136,26.581214904785156,26.336280822753906,26.040250778198242,25.899106979370117,79594.2265625
3,62256,6.455331802368164,17.26822853088379,0.08096152544021606,3.655750036239624,25.862354278564453,0.385252445936203,0.3869849145412445,0.39091089367866516,0.4042331576347351,26.62366485595703,26.436344146728516,26.130531311035156,25.947738647460938,92733.984375
4,62256,6.6420512199401855,17.233667373657227,0.07985259592533112,3.6540467739105225,25.77682876586914,0.38881903886795044,0.39119747281074524,0.3972876965999603,0.41606125235557556,26.57009506225586,26.392820358276367,26.122636795043945,25.97516632080078,107960.890625
5,62256,6.535744667053223,17.279781341552734,0.05638573318719864,3.709676742553711,25.75287437438965,0.3900951147079468,0.39255544543266296,0.3994002342224121,0.4202382266521454,26.54452133178711,26.31988525390625,26.061954498291016,25.94354820251465,117405.6796875
12,62256,6.168092250823975,17.090776443481445,0.04566613957285881,3.6046338081359863,25.798559188842773,0.3612977862358093,0.3558788001537323,0.3402753472328186,0.31111136078834534,26.508554458618164,26.349384307861328,26.299562454223633,26.355533599853516,76897.3046875
