month,pfaf_id,Rainf_tavg,Qair_f_tavg,Qs_tavg,Evap_tavg,Tair_f_tavg,SoilMoist_inst_lvl_0,SoilMoist_inst_lvl_1,SoilMoist_inst_lvl_2,SoilMoist_inst_lvl_3,SoilTemp_inst_lvl_0,SoilTemp_inst_lvl_1,SoilTemp_inst_lvl_2,SoilTemp_inst_lvl_3,Streamflow_tavg
1,61566,4.312160015106201,15.618647575378418,0.04551360011100769,3.6087849140167236,24.922901153564453,0.3575061857700348,0.366485595703125,0.37616875767707825,0.394787460565567,26.53089714050293,25.551523208618164,25.110576629638672,24.943761825561523,134.01959228515625
2,61566,4.839043617248535,15.873387336730957,0.04973768815398216,3.629944324493408,25.33235740661621,0.35992226004600525,0.3667259216308594,0.3747985363006592,0.39175495505332947,26.810163497924805,25.931989669799805,25.340314865112305,24.972909927368164,115.93193054199219
3,61566,5.291147232055664,16.07840919494629,0.060433223843574524,3.6273889541625977,25.483379364013672,0.36557748913764954,0.3713293969631195,0.3790942430496216,0.39657002687454224,26.856996536254883,26.14189338684082,25.5830078125,25.17574119567871,124.80501556396484
4,61566,5.981282711029053,16.235626220703125,0.06920585036277771,3.5685601234436035,25.143840789794922,0.37522992491722107,0.378471314907074,0.3859819173812866,0.4052579402923584,26.34705924987793,25.800146102905273,25.47216796875,25.23893165588379,171.36148071289062
5,61566,5.929836750030518,16.208572387695312,0.058525584638118744,3.4689769744873047,24.8698673248291,0.37859398126602173,0.3817152976989746,0.3896447718143463,0.411064088344574,25.921998977661133,25.338953018188477,25.119548797607422,25.02621078491211,236.13246154785156
12,61566,5.019537448883057,15.942344665527344,0.05131085216999054,3.5405523777008057,24.777433395385742,0.36395737528800964,0.3698303699493408,0.3780681788921356,0.3959614336490631,26.39459228515625,25.55362892150879,25.335651397705078,25.250627517700195,254.1446075439453
