month,pfaf_id,Rainf_tavg,Qair_f_tavg,Qs_tavg,Evap_tavg,Tair_f_tavg,SoilMoist_inst_lvl_0,SoilMoist_inst_lvl_1,SoilMoist_inst_lvl_2,SoilMoist_inst_lvl_3,SoilTemp_inst_lvl_0,SoilTemp_inst_lvl_1,SoilTemp_inst_lvl_2,SoilTemp_inst_lvl_3,Streamflow_tavg
4,67204,8.94062328338623,15.66641616821289,0.25326600670814514,2.633674383163452,21.05577850341797,0.3582688271999359,0.36037755012512207,0.36672523617744446,0.38701924681663513,22.74345588684082,21.63690757751465,20.592750549316406,19.641599655151367,1285.060791015625
5,67204,8.492388725280762,15.563169479370117,0.1960035264492035,2.8007538318634033,21.079938888549805,0.35694634914398193,0.35944563150405884,0.36649060249328613,0.3894225060939789,22.821075439453125,21.948406219482422,21.19866180419922,20.344820022583008,1466.635986328125
6,67204,6.117977142333984,15.181840896606445,0.10254160314798355,2.8739371299743652,21.053064346313477,0.34633761644363403,0.3506438434123993,0.3586721420288086,0.3814223110675812,22.740076065063477,21.933406829833984,21.306886672973633,20.627716064453125,1121.343017578125
7,67204,3.844109296798706,14.489029884338379,0.03847122564911842,2.907255172729492,21.083005905151367,0.3222050070762634,0.33271104097366333,0.3413253426551819,0.3619042634963989,22.908992767333984,22.044137954711914,21.375110626220703,20.717090606689453,594.0471801757812
8,67204,3.4841606616973877,14.149643898010254,0.03404770419001579,2.9420969486236572,21.23806381225586,0.30674660205841064,0.31890973448753357,0.3261760473251343,0.34506914019584656,23.4342041015625,22.440929412841797,21.632400512695312,20.8663272857666,362.76751708984375
9,67204,4.184165000915527,14.198125839233398,0.06312929093837738,3.0121591091156006,21.445331573486328,0.303372323513031,0.31220880150794983,0.3171340823173523,0.335527628660202,24.117502212524414,22.947216033935547,22.04981231689453,21.174636840820312,354.0509338378906
