month,pfaf_id,Rainf_tavg,Qair_f_tavg,Qs_tavg,Evap_tavg,Tair_f_tavg,SoilMoist_inst_lvl_0,SoilMoist_inst_lvl_1,SoilMoist_inst_lvl_2,SoilMoist_inst_lvl_3,SoilTemp_inst_lvl_0,SoilTemp_inst_lvl_1,SoilTemp_inst_lvl_2,SoilTemp_inst_lvl_3,Streamflow_tavg
2,62245,7.880825996398926,16.875316619873047,0.0659070834517479,3.5730361938476562,24.804140090942383,0.3474312424659729,0.3508041501045227,0.35928580164909363,0.3909342885017395,25.757633209228516,25.716218948364258,25.451122283935547,25.340816497802734,10269.2548828125
3,62245,7.743310928344727,17.21521759033203,0.05827482417225838,3.4897258281707764,24.998788833618164,0.34732139110565186,0.35103070735931396,0.35975679755210876,0.3917793035507202,25.90227508544922,25.789541244506836,25.441974639892578,25.26300811767578,11695.763671875
4,62245,7.362942695617676,17.332233428955078,0.03976460173726082,3.4452152252197266,24.990264892578125,0.346593976020813,0.3500298857688904,0.3587217330932617,0.3904629945755005,25.885318756103516,25.787841796875,25.461095809936523,25.280773162841797,12481.537109375
5,62245,5.149864673614502,17.000097274780273,0.018994614481925964,3.289243459701538,24.77020263671875,0.33885401487350464,0.34211644530296326,0.35088875889778137,0.380662739276886,25.462093353271484,25.44757080078125,25.259958267211914,25.20074462890625,10131.7412109375
6,62245,2.5684680938720703,15.489302635192871,0.005642236210405827,3.2135729789733887,24.454275131225586,0.32118305563926697,0.3242112696170807,0.3322165608406067,0.3560284972190857,24.556961059570312,24.593046188354492,24.57382583618164,24.773725509643555,4972.32763671875
7,62245,1.4781813621520996,13.484129905700684,0.0034601246006786823,3.4363481998443604,24.932750701904297,0.29634127020835876,0.29917505383491516,0.3053601384162903,0.32155880331993103,24.332992553710938,24.186185836791992,24.024864196777344,24.222949981689453,1641.728515625
