month,pfaf_id,Rainf_tavg,Qair_f_tavg,Qs_tavg,Evap_tavg,Tair_f_tavg,SoilMoist_inst_lvl_0,SoilMoist_inst_lvl_1,SoilMoist_inst_lvl_2,SoilMoist_inst_lvl_3,SoilTemp_inst_lvl_0,SoilTemp_inst_lvl_1,SoilTemp_inst_lvl_2,SoilTemp_inst_lvl_3,Streamflow_tavg
1,62222,7.0383195877075195,16.6650390625,0.09249960631132126,3.5537631511688232,24.66785430908203,0.38129109144210815,0.37741053104400635,0.3629120886325836,0.31656235456466675,25.490896224975586,25.373165130615234,25.22447967529297,25.26553726196289,480.3190002441406
2,62222,7.243627071380615,16.80200958251953,0.10733076930046082,3.6451005935668945,24.7099666595459,0.3909505605697632,0.38947051763534546,0.3846539258956909,0.3700293302536011,25.598386764526367,25.453372955322266,25.194721221923828,25.10577392578125,1436.0006103515625
3,62222,7.311252593994141,16.935821533203125,0.09915407747030258,3.6786725521087646,24.738595962524414,0.39803338050842285,0.3980715870857239,0.3987937271595001,0.40301603078842163,25.629716873168945,25.510726928710938,25.231714248657227,25.09922218322754,3125.779296875
4,62222,7.088098049163818,17.060571670532227,0.0997660830616951,3.711466073989868,24.760644912719727,0.4017556607723236,0.40263843536376953,0.40624499320983887,0.41968482732772827,25.632169723510742,25.532867431640625,25.252153396606445,25.11471939086914,4494.5107421875
5,62222,5.423635959625244,16.813783645629883,0.09444846957921982,3.4685912132263184,24.574676513671875,0.3980411887168884,0.4000641405582428,0.40544891357421875,0.42194610834121704,25.40510368347168,25.307720184326172,25.126850128173828,25.076004028320312,4881.4453125
12,62222,6.524348258972168,16.4193115234375,0.05954167991876602,3.545964002609253,24.993715286254883,0.3658643960952759,0.35721665620803833,0.32762059569358826,0.2534768581390381,25.583681106567383,25.57608985900879,25.6118221282959,25.796133041381836,1159.57373046875
