month,pfaf_id,Rainf_tavg,Qair_f_tavg,Qs_tavg,Evap_tavg,Tair_f_tavg,SoilMoist_inst_lvl_0,SoilMoist_inst_lvl_1,SoilMoist_inst_lvl_2,SoilMoist_inst_lvl_3,SoilTemp_inst_lvl_0,SoilTemp_inst_lvl_1,SoilTemp_inst_lvl_2,SoilTemp_inst_lvl_3,Streamflow_tavg
2,64277,5.6296234130859375,16.9039363861084,0.13220112025737762,2.715552568435669,26.361419677734375,0.3190324604511261,0.32101675868034363,0.3204866051673889,0.3397807478904724,25.46129035949707,25.91002655029297,25.905057907104492,25.93044090270996,3769.56103515625
3,64277,4.01096248626709,16.62202262878418,0.08405443280935287,2.4590401649475098,26.084274291992188,0.3216053247451782,0.3256949782371521,0.33167362213134766,0.35248127579689026,24.929824829101562,25.370941162109375,25.2069149017334,25.154062271118164,4159.43701171875
4,64277,1.658644199371338,14.072802543640137,0.018936555832624435,1.9451640844345093,24.616596221923828,0.2942861020565033,0.3081795573234558,0.31959018111228943,0.3414146900177002,23.15813636779785,23.933504104614258,24.06992530822754,24.378828048706055,4006.505126953125
5,64277,0.7645716667175293,11.525286674499512,0.005853097885847092,1.349634051322937,22.675172805786133,0.2693919539451599,0.29321831464767456,0.30619093775749207,0.32592353224754333,20.757898330688477,21.891067504882812,22.3530330657959,23.0513973236084,2148.734619140625
6,64277,0.5965285301208496,9.634573936462402,0.004964667372405529,0.953341007232666,20.685413360595703,0.2544155418872833,0.28476482629776,0.29721665382385254,0.31443846225738525,18.264781951904297,19.372756958007812,19.93238067626953,21.069002151489258,872.3438720703125
7,64277,0.4692932069301605,9.31506633758545,0.005894889123737812,0.926550030708313,21.622953414916992,0.2407841980457306,0.2787851393222809,0.29116499423980713,0.3067578375339508,18.762361526489258,19.564966201782227,19.409067153930664,19.911998748779297,421.7859802246094
