month,pfaf_id,Rainf_tavg,Qair_f_tavg,Qs_tavg,Evap_tavg,Tair_f_tavg,SoilMoist_inst_lvl_0,SoilMoist_inst_lvl_1,SoilMoist_inst_lvl_2,SoilMoist_inst_lvl_3,SoilTemp_inst_lvl_0,SoilTemp_inst_lvl_1,SoilTemp_inst_lvl_2,SoilTemp_inst_lvl_3,Streamflow_tavg
2,62259,6.252414226531982,17.25370979309082,0.11744115501642227,3.6731910705566406,26.194456100463867,0.38592982292175293,0.3876661956310272,0.39228999614715576,0.40726518630981445,27.409788131713867,27.4102725982666,27.245424270629883,27.184829711914062,97321.9609375
3,62259,6.169844627380371,17.291805267333984,0.09758247435092926,3.6528806686401367,26.369548797607422,0.3872561454772949,0.38914960622787476,0.39459532499313354,0.4113176167011261,27.54471206665039,27.45475196838379,27.116653442382812,26.963956832885742,111237.265625
4,62259,6.284794330596924,17.433258056640625,0.10131268948316574,3.6534910202026367,26.490127563476562,0.38894030451774597,0.3908720910549164,0.39684420824050903,0.4153471887111664,27.59953498840332,27.52495002746582,27.16018295288086,26.94070816040039,116111.2890625
5,62259,5.959420204162598,17.58514976501465,0.10399460047483444,3.5592145919799805,26.385772705078125,0.3883883059024811,0.39067792892456055,0.397283673286438,0.4166978597640991,27.47919273376465,27.458911895751953,27.12514877319336,26.92881965637207,119782.9765625
6,62259,4.351499080657959,17.682592391967773,0.026576828211545944,3.4524831771850586,26.211444854736328,0.38204532861709595,0.38471677899360657,0.39167165756225586,0.410213440656662,27.302791595458984,27.29796028137207,27.0087833404541,26.863948822021484,117476.875
7,62259,2.884324312210083,16.910066604614258,0.011530693620443344,3.5291852951049805,26.244619369506836,0.3683655261993408,0.3713163137435913,0.3776234984397888,0.39241665601730347,27.136760711669922,27.07502555847168,26.803224563598633,26.724868774414062,103037.75
