month,pfaf_id,Rainf_tavg,Qair_f_tavg,Qs_tavg,Evap_tavg,Tair_f_tavg,SoilMoist_inst_lvl_0,SoilMoist_inst_lvl_1,SoilMoist_inst_lvl_2,SoilMoist_inst_lvl_3,SoilTemp_inst_lvl_0,SoilTemp_inst_lvl_1,SoilTemp_inst_lvl_2,SoilTemp_inst_lvl_3,Streamflow_tavg
4,62237,7.187471866607666,17.08863067626953,0.1532541960477829,3.5410361289978027,25.663801193237305,0.36808690428733826,0.37106359004974365,0.37961345911026,0.4036835730075836,26.674137115478516,26.861412048339844,26.76727867126465,26.834735870361328,190016.359375
5,62237,6.3800859451293945,17.48981285095215,0.103604257106781,3.42750883102417,25.849624633789062,0.36555948853492737,0.3684925436973572,0.37704989314079285,0.40081077814102173,26.71229362487793,26.815927505493164,26.568523406982422,26.528005599975586,171004.78125
6,62237,4.0622382164001465,17.25441551208496,0.02740028128027916,3.2952229976654053,25.697799682617188,0.35426339507102966,0.35840603709220886,0.3676152229309082,0.3897087574005127,26.414541244506836,26.588972091674805,26.3874568939209,26.36876678466797,147053.390625
7,62237,2.729480266571045,16.71673011779785,0.010914512909948826,3.259767532348633,25.626741409301758,0.3365508019924164,0.34215134382247925,0.35074669122695923,0.36833322048187256,26.21603012084961,26.43623924255371,26.170166015625,26.162025451660156,117861.5390625
8,62237,2.433666706085205,16.716690063476562,0.006593131460249424,3.4125795364379883,26.739242553710938,0.31685155630111694,0.3251803517341614,0.33242687582969666,0.34552156925201416,27.149246215820312,27.239572525024414,26.573007583618164,26.230653762817383,92480.5390625
9,62237,2.7513511180877686,16.696819305419922,0.009464997798204422,3.553950786590576,27.919414520263672,0.3044244050979614,0.31251809000968933,0.3162882924079895,0.3244200646877289,28.278335571289062,28.317974090576172,27.464889526367188,26.84127426147461,73308.6171875
