month,pfaf_id,Rainf_tavg,Qair_f_tavg,Qs_tavg,Evap_tavg,Tair_f_tavg,SoilMoist_inst_lvl_0,SoilMoist_inst_lvl_1,SoilMoist_inst_lvl_2,SoilMoist_inst_lvl_3,SoilTemp_inst_lvl_0,SoilTemp_inst_lvl_1,SoilTemp_inst_lvl_2,SoilTemp_inst_lvl_3,Streamflow_tavg
2,62460,6.06881046295166,17.629655838012695,0.11713904142379761,3.65071439743042,25.733821868896484,0.39650341868400574,0.395077109336853,0.392101913690567,0.39020058512687683,26.404165267944336,26.608867645263672,26.599987030029297,26.781322479248047,2541.20361328125
3,62460,6.047547817230225,17.788368225097656,0.13749131560325623,3.6287550926208496,25.941204071044922,0.40660253167152405,0.40683677792549133,0.40908563137054443,0.4149514138698578,26.424055099487305,26.56617546081543,26.387117385864258,26.44133758544922,2502.061279296875
4,62460,5.1783976554870605,17.622573852539062,0.12454970926046371,3.6714727878570557,25.84400749206543,0.40610477328300476,0.4077291488647461,0.4132172763347626,0.42509132623672485,26.203296661376953,26.453908920288086,26.27342414855957,26.294572830200195,2766.379150390625
5,62460,2.1938419342041016,15.406941413879395,0.03022983856499195,3.529038667678833,25.869361877441406,0.37015974521636963,0.3860846161842346,0.3964642882347107,0.41025808453559875,25.449186325073242,25.945695877075195,25.889266967773438,26.074169158935547,1895.693115234375
6,62460,0.9999473094940186,11.78899097442627,0.005209112539887428,2.238013505935669,26.17696762084961,0.2730945348739624,0.3659338653087616,0.37389659881591797,0.3843260705471039,26.01809310913086,26.490488052368164,25.895265579223633,25.825138092041016,727.14453125
7,62460,0.6364389061927795,9.728933334350586,0.0022969490382820368,1.2941774129867554,26.845327377319336,0.2156384140253067,0.3591095209121704,0.3632219433784485,0.37004411220550537,27.602441787719727,27.989803314208984,26.958385467529297,26.351696014404297,301.650390625
