month,pfaf_id,Rainf_tavg,Qair_f_tavg,Qs_tavg,Evap_tavg,Tair_f_tavg,SoilMoist_inst_lvl_0,SoilMoist_inst_lvl_1,SoilMoist_inst_lvl_2,SoilMoist_inst_lvl_3,SoilTemp_inst_lvl_0,SoilTemp_inst_lvl_1,SoilTemp_inst_lvl_2,SoilTemp_inst_lvl_3,Streamflow_tavg
2,62268,4.8772807121276855,16.616619110107422,0.030204785987734795,3.5058681964874268,25.136005401611328,0.31526145339012146,0.3119214177131653,0.3009640574455261,0.2894124388694763,26.342504501342773,26.17013931274414,26.001611709594727,26.000015258789062,5773.16552734375
3,62268,4.676156520843506,16.60582160949707,0.029991650953888893,3.279529094696045,25.200199127197266,0.3170304298400879,0.3156260550022125,0.3082159161567688,0.305743008852005,26.272113800048828,26.037538528442383,25.69729232788086,25.589216232299805,4972.91064453125
4,62268,3.6272902488708496,15.494359016418457,0.02194388583302498,3.0497419834136963,24.84609031677246,0.309312105178833,0.31059616804122925,0.30768492817878723,0.31096333265304565,25.566720962524414,25.502391815185547,25.288311004638672,25.306177139282227,3843.39306640625
5,62268,2.407472610473633,13.486337661743164,0.009381773881614208,2.7929224967956543,24.075410842895508,0.2942396402359009,0.29953110218048096,0.2994728684425354,0.3042108714580536,24.31901741027832,24.489517211914062,24.49439239501953,24.745851516723633,3521.926513671875
6,62268,1.639392375946045,11.302847862243652,0.0039648450911045074,2.49042010307312,23.34563446044922,0.27106231451034546,0.2832431495189667,0.28478190302848816,0.2893672585487366,23.20471954345703,23.34177017211914,23.315719604492188,23.77969741821289,2538.511962890625
7,62268,1.2271034717559814,10.204437255859375,0.001904564443975687,2.380803108215332,24.217668533325195,0.2479415386915207,0.2676807641983032,0.26893866062164307,0.27252575755119324,23.959489822387695,23.80908966064453,23.2681884765625,23.30343246459961,1444.2822265625
