month,pfaf_id,Rainf_tavg,Qair_f_tavg,Qs_tavg,Evap_tavg,Tair_f_tavg,SoilMoist_inst_lvl_0,SoilMoist_inst_lvl_1,SoilMoist_inst_lvl_2,SoilMoist_inst_lvl_3,SoilTemp_inst_lvl_0,SoilTemp_inst_lvl_1,SoilTemp_inst_lvl_2,SoilTemp_inst_lvl_3,Streamflow_tavg
1,62457,6.521365642547607,17.26719093322754,0.07473140954971313,3.7338430881500244,25.129070281982422,0.3610014021396637,0.3594949543476105,0.35424718260765076,0.3393731117248535,26.082624435424805,26.265365600585938,26.263385772705078,26.53668785095215,3416.681884765625
2,62457,6.873402118682861,17.458589553833008,0.0867215096950531,3.708937406539917,25.15550994873047,0.36819717288017273,0.36800336837768555,0.3680240213871002,0.37144431471824646,26.055347442626953,26.24956703186035,26.055879592895508,26.130157470703125,4840.63037109375
3,62457,6.968511581420898,17.60025978088379,0.10130129009485245,3.7160496711730957,25.184280395507812,0.3728407919406891,0.3733457028865814,0.3769468069076538,0.39291954040527344,26.010988235473633,26.311931610107422,26.051563262939453,26.033222198486328,6579.3759765625
4,62457,6.5176496505737305,17.667203903198242,0.11591192334890366,3.748703718185425,25.2180118560791,0.37271633744239807,0.37440380454063416,0.38040491938591003,0.4026474952697754,26.029325485229492,26.359397888183594,26.061872482299805,26.016281127929688,7468.27001953125
5,62457,4.574378967285156,17.084341049194336,0.09989717602729797,3.404740810394287,24.900928497314453,0.36371371150016785,0.36736392974853516,0.3751354515552521,0.3982998728752136,25.762893676757812,26.179058074951172,25.951820373535156,25.984344482421875,6461.4150390625
12,62457,5.908157825469971,16.93179702758789,0.061525069177150726,3.7867591381073,25.524206161499023,0.3475903272628784,0.34461960196495056,0.3333421051502228,0.3028058111667633,26.461971282958984,26.830856323242188,27.040699005126953,27.514385223388672,4845.9169921875
