month,pfaf_id,Rainf_tavg,Qair_f_tavg,Qs_tavg,Evap_tavg,Tair_f_tavg,SoilMoist_inst_lvl_0,SoilMoist_inst_lvl_1,SoilMoist_inst_lvl_2,SoilMoist_inst_lvl_3,SoilTemp_inst_lvl_0,SoilTemp_inst_lvl_1,SoilTemp_inst_lvl_2,SoilTemp_inst_lvl_3,Streamflow_tavg
1,62491,5.515209674835205,17.43532371520996,0.09899759292602539,3.857682466506958,25.767980575561523,0.3961237668991089,0.394221693277359,0.3884389400482178,0.3773682713508606,26.722347259521484,26.868314743041992,26.90443229675293,27.222742080688477,1648.3359375
2,62491,5.602128505706787,17.512815475463867,0.11596471816301346,3.881831407546997,25.891387939453125,0.4031243920326233,0.40252360701560974,0.4013758599758148,0.3971937596797943,26.78190803527832,26.895790100097656,26.68337631225586,26.72012710571289,2734.558837890625
3,62491,5.48862361907959,17.556699752807617,0.14184316992759705,3.8213350772857666,25.93609046936035,0.4070754647254944,0.40735000371932983,0.40928471088409424,0.41198816895484924,26.622127532958984,26.87810707092285,26.612714767456055,26.556434631347656,3084.02001953125
4,62491,4.395218849182129,17.307594299316406,0.12531344592571259,3.8046815395355225,25.93299674987793,0.4026063084602356,0.4044155776500702,0.40929874777793884,0.4168711304664612,26.479814529418945,26.7963924407959,26.533720016479492,26.473352432250977,3126.827392578125
5,62491,1.9023784399032593,14.66199779510498,0.04199341684579849,3.430795192718506,25.914031982421875,0.35038360953330994,0.3801824152469635,0.389684796333313,0.3996647000312805,25.897979736328125,26.309606552124023,26.11898422241211,26.245668411254883,2273.687744140625
12,62491,5.278646945953369,17.315738677978516,0.07878577709197998,3.8305602073669434,26.146738052368164,0.3758753538131714,0.3769906759262085,0.3666006922721863,0.3577062785625458,27.12379264831543,27.50772476196289,27.830463409423828,28.384536743164062,2079.107666015625
