month,pfaf_id,Rainf_tavg,Qair_f_tavg,Qs_tavg,Evap_tavg,Tair_f_tavg,SoilMoist_inst_lvl_0,SoilMoist_inst_lvl_1,SoilMoist_inst_lvl_2,SoilMoist_inst_lvl_3,SoilTemp_inst_lvl_0,SoilTemp_inst_lvl_1,SoilTemp_inst_lvl_2,SoilTemp_inst_lvl_3,Streamflow_tavg
2,62288,8.989789009094238,17.74063491821289,0.11060191690921783,3.619985580444336,25.108457565307617,0.35681813955307007,0.35870879888534546,0.36258044838905334,0.37920308113098145,26.564786911010742,26.158260345458984,25.910045623779297,25.80134391784668,4102.35498046875
3,62288,9.118342399597168,17.78110122680664,0.11137881129980087,3.668903112411499,25.13882064819336,0.36072683334350586,0.3637702465057373,0.3712438642978668,0.39632928371429443,26.72169303894043,26.229448318481445,25.898723602294922,25.740983963012695,5505.54931640625
4,62288,9.247467994689941,17.795473098754883,0.0701611340045929,3.6009609699249268,25.049596786499023,0.3620520532131195,0.36500662565231323,0.37302500009536743,0.4001678228378296,26.590442657470703,26.164039611816406,25.885433197021484,25.746761322021484,7573.1875
5,62288,9.373303413391113,17.740739822387695,0.05780195817351341,3.467593193054199,24.865798950195312,0.36253294348716736,0.3656189441680908,0.37398362159729004,0.4017733931541443,26.304452896118164,25.950040817260742,25.726850509643555,25.65157699584961,8192.6904296875
6,62288,9.35950756072998,17.750377655029297,0.06949450075626373,3.3826870918273926,24.856374740600586,0.36247551441192627,0.36571386456489563,0.37425458431243896,0.4022670388221741,26.23017692565918,25.871000289916992,25.62066078186035,25.53306770324707,8614.1181640625
7,62288,9.204961776733398,17.678871154785156,0.06988316029310226,3.401106357574463,24.835538864135742,0.36215245723724365,0.36533230543136597,0.37386053800582886,0.40175148844718933,26.292322158813477,25.88323211669922,25.606544494628906,25.489866256713867,8666.423828125
