month,pfaf_id,Rainf_tavg,Qair_f_tavg,Qs_tavg,Evap_tavg,Tair_f_tavg,SoilMoist_inst_lvl_0,SoilMoist_inst_lvl_1,SoilMoist_inst_lvl_2,SoilMoist_inst_lvl_3,SoilTemp_inst_lvl_0,SoilTemp_inst_lvl_1,SoilTemp_inst_lvl_2,SoilTemp_inst_lvl_3,Streamflow_tavg
2,62234,5.011486530303955,16.06675910949707,0.0376741886138916,3.310694694519043,24.074604034423828,0.3576732575893402,0.34742942452430725,0.31723302602767944,0.23952354490756989,24.912479400634766,24.83406639099121,24.728036880493164,24.785614013671875,292.47955322265625
3,62234,5.336489677429199,16.525997161865234,0.048100534826517105,3.2743072509765625,24.007856369018555,0.36806631088256836,0.36020809412002563,0.33745333552360535,0.2718927562236786,25.020662307739258,24.863996505737305,24.627567291259766,24.56553077697754,152.91824340820312
4,62234,5.589803695678711,16.765153884887695,0.05921681597828865,3.2382233142852783,24.050077438354492,0.3776465654373169,0.37246769666671753,0.3575626015663147,0.3111475706100464,25.076608657836914,24.920324325561523,24.66063117980957,24.539600372314453,166.33250427246094
5,62234,5.653328895568848,16.87247085571289,0.06396576017141342,3.218982458114624,24.110755920410156,0.38558220863342285,0.38275328278541565,0.37499120831489563,0.3513701856136322,24.970582962036133,24.859310150146484,24.635955810546875,24.532634735107422,252.80819702148438
6,62234,4.830551624298096,16.786996841430664,0.04973103106021881,3.227252244949341,24.052928924560547,0.3883061408996582,0.3875277638435364,0.3854910433292389,0.38047826290130615,24.851394653320312,24.750064849853516,24.552749633789062,24.479333877563477,352.1808166503906
7,62234,3.6737959384918213,16.32478904724121,0.02857007458806038,3.3940961360931396,23.913042068481445,0.3836023807525635,0.3835608661174774,0.38385745882987976,0.38628795742988586,24.665454864501953,24.545679092407227,24.383901596069336,24.371868133544922,349.2023010253906
