month,pfaf_id,Rainf_tavg,Qair_f_tavg,Qs_tavg,Evap_tavg,Tair_f_tavg,SoilMoist_inst_lvl_0,SoilMoist_inst_lvl_1,SoilMoist_inst_lvl_2,SoilMoist_inst_lvl_3,SoilTemp_inst_lvl_0,SoilTemp_inst_lvl_1,SoilTemp_inst_lvl_2,SoilTemp_inst_lvl_3,Streamflow_tavg
2,62308,6.793339729309082,17.00998306274414,0.0474221296608448,3.6888530254364014,25.34503746032715,0.34338948130607605,0.3424023687839508,0.33950287103652954,0.33083575963974,26.148286819458008,26.361101150512695,26.310710906982422,26.429330825805664,1550.501953125
3,62308,6.888998985290527,17.29078483581543,0.06088598445057869,3.6321163177490234,25.526987075805664,0.3492332398891449,0.3502057194709778,0.3526965081691742,0.36135315895080566,26.24684715270996,26.343679428100586,26.111093521118164,26.09133529663086,1139.008544921875
4,62308,6.853957176208496,17.508108139038086,0.054561879485845566,3.586420774459839,25.693771362304688,0.3542267680168152,0.35667797923088074,0.3633342981338501,0.3832223415374756,26.320701599121094,26.410308837890625,26.13153076171875,26.02372932434082,1397.4793701171875
5,62308,6.232939720153809,17.5814208984375,0.04068761691451073,3.5246613025665283,25.709901809692383,0.35480403900146484,0.35777023434638977,0.36628106236457825,0.3901751935482025,26.20589828491211,26.347414016723633,26.100894927978516,26.00780487060547,1785.812744140625
6,62308,3.9100100994110107,17.162799835205078,0.013869019225239754,3.498664617538452,25.5424747467041,0.34380799531936646,0.347110778093338,0.35545939207077026,0.37681716680526733,25.929534912109375,26.10286521911621,25.921337127685547,25.91254234313965,1629.847412109375
7,62308,2.34291672706604,16.40485191345215,0.0057324073277413845,3.589564800262451,25.381004333496094,0.3245082497596741,0.3277573585510254,0.33416128158569336,0.34912335872650146,25.797029495239258,25.948814392089844,25.71361541748047,25.7318115234375,870.1997680664062
