month,pfaf_id,Rainf_tavg,Qair_f_tavg,Qs_tavg,Evap_tavg,Tair_f_tavg,SoilMoist_inst_lvl_0,SoilMoist_inst_lvl_1,SoilMoist_inst_lvl_2,SoilMoist_inst_lvl_3,SoilTemp_inst_lvl_0,SoilTemp_inst_lvl_1,SoilTemp_inst_lvl_2,SoilTemp_inst_lvl_3,Streamflow_tavg
2,62293,7.133611679077148,17.52997589111328,0.031231621280312538,3.6333842277526855,25.95574378967285,0.35006198287010193,0.353439599275589,0.36248546838760376,0.3892115354537964,27.15858268737793,26.871782302856445,26.643173217773438,26.540170669555664,54197.3046875
3,62293,7.201183795928955,17.593175888061523,0.03508608788251877,3.6351630687713623,26.03424835205078,0.3503371477127075,0.3535919487476349,0.3626154065132141,0.3893139660358429,27.20949935913086,26.852914810180664,26.562734603881836,26.433168411254883,53123.75390625
4,62293,7.212131500244141,17.714008331298828,0.03928167745471001,3.551330804824829,26.019412994384766,0.3505370616912842,0.35422614216804504,0.36370864510536194,0.39105263352394104,27.144390106201172,26.81899642944336,26.54105567932129,26.40255355834961,45662.34765625
5,62293,6.978002548217773,17.706466674804688,0.023875312879681587,3.5206265449523926,25.93282699584961,0.3503569960594177,0.35390886664390564,0.363373726606369,0.3908891975879669,26.968931198120117,26.68851089477539,26.45021629333496,26.34482192993164,46823.39453125
6,62293,5.684040069580078,17.539199829101562,0.00919682439416647,3.428795337677002,25.779708862304688,0.3459891378879547,0.3492122292518616,0.3582984209060669,0.3842751383781433,26.67140769958496,26.406997680664062,26.224641799926758,26.199260711669922,48558.8125
7,62293,4.439774036407471,17.08022689819336,0.0051004597917199135,3.5055787563323975,25.676353454589844,0.3385467231273651,0.3414512276649475,0.3494248390197754,0.37186479568481445,26.49391746520996,26.170246124267578,25.989595413208008,26.000484466552734,44244.9140625
