month,pfaf_id,Rainf_tavg,Qair_f_tavg,Qs_tavg,Evap_tavg,Tair_f_tavg,SoilMoist_inst_lvl_0,SoilMoist_inst_lvl_1,SoilMoist_inst_lvl_2,SoilMoist_inst_lvl_3,SoilTemp_inst_lvl_0,SoilTemp_inst_lvl_1,SoilTemp_inst_lvl_2,SoilTemp_inst_lvl_3,Streamflow_tavg
1,62224,7.296305179595947,16.576662063598633,0.0867626965045929,3.7180447578430176,24.614301681518555,0.3575330078601837,0.3576308786869049,0.35717543959617615,0.3592734932899475,25.236862182617188,25.30134391784668,25.155622482299805,25.25000762939453,669.1170043945312
2,62224,7.514206409454346,16.677770614624023,0.09283926337957382,3.7743313312530518,24.65493392944336,0.3634554445743561,0.3646772801876068,0.3692544400691986,0.3879735767841339,25.29206085205078,25.363876342773438,25.100976943969727,25.06736183166504,1261.2371826171875
3,62224,7.595812797546387,16.80650520324707,0.09920930862426758,3.7361366748809814,24.696990966796875,0.367097944021225,0.3681875765323639,0.3747374415397644,0.399738609790802,25.205543518066406,25.38388442993164,25.111923217773438,25.04523277282715,1713.4210205078125
4,62224,7.191361427307129,16.904876708984375,0.09245379269123077,3.793001413345337,24.719865798950195,0.3664066791534424,0.36783039569854736,0.3750532865524292,0.40169450640678406,25.18455696105957,25.379398345947266,25.09540367126465,25.027074813842773,1855.875244140625
5,62224,5.2262139320373535,16.591150283813477,0.08333368599414825,3.555717706680298,24.489431381225586,0.3577752113342285,0.3606777787208557,0.3687027096748352,0.3940856456756592,25.0147705078125,25.19489097595215,24.972843170166016,24.97268295288086,1546.9403076171875
12,62224,6.810917377471924,16.42868423461914,0.06402614712715149,3.7757327556610107,24.909130096435547,0.34645816683769226,0.3439440429210663,0.33517658710479736,0.3108808100223541,25.385602951049805,25.555940628051758,25.552133560180664,25.77777099609375,505.8683166503906
