month,pfaf_id,Rainf_tavg,Qair_f_tavg,Qs_tavg,Evap_tavg,Tair_f_tavg,SoilMoist_inst_lvl_0,SoilMoist_inst_lvl_1,SoilMoist_inst_lvl_2,SoilMoist_inst_lvl_3,SoilTemp_inst_lvl_0,SoilTemp_inst_lvl_1,SoilTemp_inst_lvl_2,SoilTemp_inst_lvl_3,Streamflow_tavg
1,62235,5.534210205078125,16.941905975341797,0.08809255063533783,3.1615664958953857,25.77713966369629,0.3345460295677185,0.3245902359485626,0.290973961353302,0.23670510947704315,26.16989517211914,26.221515655517578,26.21300506591797,26.428979873657227,82128.7578125
2,62235,5.640687465667725,17.15452003479004,0.09863888472318649,3.213254451751709,25.749053955078125,0.34310758113861084,0.33654382824897766,0.31549546122550964,0.264774888753891,26.185033798217773,26.173274993896484,25.9676570892334,25.94074821472168,86192.1953125
3,62235,6.511911869049072,17.386301040649414,0.18803834915161133,3.2232916355133057,25.766990661621094,0.3531169295310974,0.34840548038482666,0.33388614654541016,0.2938143312931061,26.181713104248047,26.181398391723633,25.93214988708496,25.814807891845703,105532.0078125
4,62235,6.946283340454102,17.46945571899414,0.20243443548679352,3.324009418487549,25.824085235595703,0.36183834075927734,0.3589056730270386,0.3505568504333496,0.32630300521850586,26.209821701049805,26.191286087036133,25.914897918701172,25.76952362060547,126907.25
5,62235,6.761470317840576,17.53948974609375,0.19626176357269287,3.362685203552246,25.771671295166016,0.36696726083755493,0.36585840582847595,0.36286506056785583,0.3548496663570404,26.174928665161133,26.12858772277832,25.86797332763672,25.734943389892578,139993.0
12,62235,5.106683731079102,16.39229393005371,0.06705780327320099,3.132817029953003,26.542142868041992,0.30574747920036316,0.2881849706172943,0.2487257421016693,0.21233931183815002,26.838016510009766,27.04817771911621,27.25146484375,27.518827438354492,83801.8359375
