month,pfaf_id,Rainf_tavg,Qair_f_tavg,Qs_tavg,Evap_tavg,Tair_f_tavg,SoilMoist_inst_lvl_0,SoilMoist_inst_lvl_1,SoilMoist_inst_lvl_2,SoilMoist_inst_lvl_3,SoilTemp_inst_lvl_0,SoilTemp_inst_lvl_1,SoilTemp_inst_lvl_2,SoilTemp_inst_lvl_3,Streamflow_tavg
2,62480,6.154664039611816,17.00599479675293,0.10393663495779037,3.7118570804595947,24.74928855895996,0.3733920753002167,0.37356236577033997,0.3767364025115967,0.3913162052631378,25.49532127380371,25.654510498046875,25.4565486907959,25.46135902404785,2900.59423828125
3,62480,5.97519063949585,17.11263084411621,0.11563727259635925,3.6524815559387207,25.08206558227539,0.37730303406715393,0.3785119950771332,0.384550541639328,0.4029214382171631,25.585742950439453,25.721960067749023,25.36970329284668,25.225811004638672,2600.22607421875
4,62480,4.8015570640563965,16.423376083374023,0.09953838586807251,3.551574230194092,24.73346710205078,0.37137314677238464,0.37432944774627686,0.3827327489852905,0.4030275046825409,24.952716827392578,25.337121963500977,25.12217140197754,25.087493896484375,2935.33642578125
5,62480,1.8856053352355957,13.448243141174316,0.01833377592265606,3.157733201980591,24.21962547302246,0.32899177074432373,0.34976157546043396,0.36349889636039734,0.383725106716156,23.825515747070312,24.543237686157227,24.46543312072754,24.672138214111328,2270.940185546875
6,62480,0.8972848653793335,10.564650535583496,0.003731395583599806,1.8640621900558472,23.807851791381836,0.2471003234386444,0.33155375719070435,0.34340688586235046,0.3597695529460907,23.964210510253906,24.674484252929688,24.120052337646484,24.15818977355957,946.0107421875
7,62480,0.6175405383110046,9.23677921295166,0.001682112691923976,1.1560477018356323,24.570175170898438,0.2014261931180954,0.32641178369522095,0.33431288599967957,0.34682220220565796,25.39933967590332,26.031005859375,24.982681274414062,24.450687408447266,369.98345947265625
