month,pfaf_id,Rainf_tavg,Qair_f_tavg,Qs_tavg,Evap_tavg,Tair_f_tavg,SoilMoist_inst_lvl_0,SoilMoist_inst_lvl_1,SoilMoist_inst_lvl_2,SoilMoist_inst_lvl_3,SoilTemp_inst_lvl_0,SoilTemp_inst_lvl_1,SoilTemp_inst_lvl_2,SoilTemp_inst_lvl_3,Streamflow_tavg
1,61567,4.383481025695801,15.169840812683105,0.06101877987384796,3.369309663772583,25.184003829956055,0.333538293838501,0.34737247228622437,0.35788294672966003,0.37723609805107117,26.85437774658203,25.901531219482422,25.399206161499023,25.220314025878906,928.0669555664062
2,61567,4.913771629333496,15.40062141418457,0.06821309030056,3.375323534011841,25.693321228027344,0.33371835947036743,0.34613141417503357,0.3554372489452362,0.3737126886844635,27.219022750854492,26.37950325012207,25.715961456298828,25.304603576660156,915.09033203125
3,61567,5.561680316925049,15.829633712768555,0.0842629075050354,3.3846638202667236,25.80678367614746,0.3408074378967285,0.3495008945465088,0.3584606349468231,0.37786343693733215,27.18063735961914,26.540552139282227,25.95272445678711,25.541027069091797,1078.21875
4,61567,6.611056327819824,16.29288101196289,0.10103513300418854,3.3677430152893066,25.323835372924805,0.35273492336273193,0.3562934994697571,0.3641388714313507,0.3853626549243927,26.549909591674805,26.11574935913086,25.789310455322266,25.576257705688477,1343.4720458984375
5,61567,6.659487724304199,16.323463439941406,0.08297836780548096,3.3068735599517822,24.966489791870117,0.35663706064224243,0.35900551080703735,0.3660057783126831,0.38916996121406555,26.014019012451172,25.541000366210938,25.34817886352539,25.29644012451172,1505.6514892578125
12,61567,5.3773698806762695,15.828929901123047,0.0693291425704956,3.372953414916992,24.891372680664062,0.34144148230552673,0.3500062823295593,0.3575192987918854,0.37330082058906555,26.61176300048828,25.874507904052734,25.65604591369629,25.563676834106445,898.9324951171875
