month,pfaf_id,Rainf_tavg,Qair_f_tavg,Qs_tavg,Evap_tavg,Tair_f_tavg,SoilMoist_inst_lvl_0,SoilMoist_inst_lvl_1,SoilMoist_inst_lvl_2,SoilMoist_inst_lvl_3,SoilTemp_inst_lvl_0,SoilTemp_inst_lvl_1,SoilTemp_inst_lvl_2,SoilTemp_inst_lvl_3,Streamflow_tavg
2,61596,5.383177280426025,17.13105010986328,0.020127994939684868,3.247114419937134,24.574600219726562,0.3378851115703583,0.3357165455818176,0.3270401060581207,0.3205825090408325,26.199722290039062,25.60371971130371,25.383914947509766,25.224082946777344,133.33010864257812
3,61596,6.4644246101379395,17.434362411499023,0.03900991007685661,3.4502086639404297,24.89760398864746,0.35848352313041687,0.3590841293334961,0.35650649666786194,0.35451793670654297,26.497713088989258,25.754531860351562,25.363079071044922,25.137659072875977,48.21417236328125
4,61596,7.251256465911865,17.57215118408203,0.045959074050188065,3.5051825046539307,24.858448028564453,0.36978068947792053,0.37225401401519775,0.3766947388648987,0.3939615786075592,26.277687072753906,25.6990909576416,25.40166664123535,25.194355010986328,183.65139770507812
5,61596,7.351937294006348,17.464035034179688,0.028160225600004196,3.3181676864624023,24.594066619873047,0.3741866648197174,0.3768051862716675,0.38397395610809326,0.40829795598983765,25.9400691986084,25.46244239807129,25.229923248291016,25.10094451904297,358.7278137207031
6,61596,7.443295955657959,17.467575073242188,0.023423833772540092,3.1995882987976074,24.52886962890625,0.3748698830604553,0.3778061866760254,0.38553646206855774,0.41106411814689636,25.83756446838379,25.352617263793945,25.103378295898438,24.972314834594727,438.3790588378906
7,61596,7.474812984466553,17.322154998779297,0.02776823379099369,3.216005325317383,24.439342498779297,0.3750725984573364,0.37807780504226685,0.3858906328678131,0.41168588399887085,25.787322998046875,25.27158546447754,25.030200958251953,24.89406967163086,463.51800537109375
