month,pfaf_id,Rainf_tavg,Qair_f_tavg,Qs_tavg,Evap_tavg,Tair_f_tavg,SoilMoist_inst_lvl_0,SoilMoist_inst_lvl_1,SoilMoist_inst_lvl_2,SoilMoist_inst_lvl_3,SoilTemp_inst_lvl_0,SoilTemp_inst_lvl_1,SoilTemp_inst_lvl_2,SoilTemp_inst_lvl_3,Streamflow_tavg
4,62265,6.449569225311279,17.437191009521484,0.04103202372789383,3.472705602645874,25.094924926757812,0.3555416464805603,0.3581435978412628,0.3653830587863922,0.3897721469402313,26.306682586669922,26.102739334106445,25.972362518310547,25.948720932006836,28773.974609375
5,62265,4.481308937072754,16.45504379272461,0.020879646763205528,3.2200241088867188,24.507993698120117,0.34822243452072144,0.3512071669101715,0.3588474690914154,0.38191911578178406,25.394493103027344,25.24505615234375,25.281585693359375,25.46809196472168,22081.517578125
6,62265,2.9481117725372314,15.347476959228516,0.00976675096899271,3.042386293411255,24.045818328857422,0.33751410245895386,0.3400661051273346,0.34673216938972473,0.3654043674468994,24.618419647216797,24.470073699951172,24.514944076538086,24.813337326049805,14583.8076171875
7,62265,1.9820300340652466,13.98305606842041,0.004462405573576689,3.2048935890197754,24.323749542236328,0.3190750777721405,0.3224560022354126,0.3277572691440582,0.341251403093338,24.58367919921875,24.258106231689453,24.026628494262695,24.22182273864746,9657.0634765625
8,62265,2.1180224418640137,14.069457054138184,0.006516670808196068,3.579430341720581,26.329833984375,0.3002021014690399,0.30415138602256775,0.30608752369880676,0.3134663999080658,26.40786361694336,25.769346237182617,24.914674758911133,24.463970184326172,6184.359375
9,62265,2.869152307510376,14.47998332977295,0.013310566544532776,3.9212236404418945,27.656963348388672,0.29470399022102356,0.2922579050064087,0.2865217924118042,0.2867230176925659,27.803022384643555,27.096281051635742,26.159448623657227,25.4703426361084,4113.48876953125
