month,pfaf_id,Rainf_tavg,Qair_f_tavg,Qs_tavg,Evap_tavg,Tair_f_tavg,SoilMoist_inst_lvl_0,SoilMoist_inst_lvl_1,SoilMoist_inst_lvl_2,SoilMoist_inst_lvl_3,SoilTemp_inst_lvl_0,SoilTemp_inst_lvl_1,SoilTemp_inst_lvl_2,SoilTemp_inst_lvl_3,Streamflow_tavg
1,62282,6.554345607757568,17.532846450805664,0.04718077555298805,3.7243995666503906,25.940814971923828,0.3554210960865021,0.35652920603752136,0.3588069975376129,0.36754655838012695,26.979354858398438,26.65263557434082,26.424102783203125,26.381183624267578,17589.2578125
2,62282,6.632603168487549,17.59190559387207,0.048251327127218246,3.762413740158081,26.03215217590332,0.36027970910072327,0.3628651797771454,0.3688476085662842,0.3871976137161255,27.07023811340332,26.77216911315918,26.463380813598633,26.327823638916016,22033.267578125
3,62282,6.715153694152832,17.5974063873291,0.0522734597325325,3.723465919494629,26.06821632385254,0.3626754581928253,0.36592239141464233,0.3735741674900055,0.39577046036720276,27.065824508666992,26.839679718017578,26.536184310913086,26.377531051635742,23948.669921875
4,62282,6.903817653656006,17.537033081054688,0.044983308762311935,3.6814959049224854,25.936227798461914,0.36433735489845276,0.36775150895118713,0.37611275911331177,0.39995288848876953,26.95088005065918,26.737512588500977,26.4857177734375,26.380878448486328,25776.892578125
5,62282,6.8683180809021,17.55324935913086,0.03529490530490875,3.7385871410369873,25.914419174194336,0.36476078629493713,0.3680587708950043,0.3764709234237671,0.4007324278354645,26.936180114746094,26.66163444519043,26.409439086914062,26.323575973510742,28156.53125
12,62282,6.640190124511719,17.49239730834961,0.04434327781200409,3.7016005516052246,25.931838989257812,0.3446996510028839,0.34289711713790894,0.33731287717819214,0.33180391788482666,26.93863868713379,26.705568313598633,26.602731704711914,26.650653839111328,19078.046875
