month,pfaf_id,Rainf_tavg,Qair_f_tavg,Qs_tavg,Evap_tavg,Tair_f_tavg,SoilMoist_inst_lvl_0,SoilMoist_inst_lvl_1,SoilMoist_inst_lvl_2,SoilMoist_inst_lvl_3,SoilTemp_inst_lvl_0,SoilTemp_inst_lvl_1,SoilTemp_inst_lvl_2,SoilTemp_inst_lvl_3,Streamflow_tavg
2,61592,8.616175651550293,18.057947158813477,0.13568124175071716,3.488635540008545,25.549915313720703,0.358232706785202,0.3594858944416046,0.3594215214252472,0.36513179540634155,27.204837799072266,26.94268035888672,26.78110694885254,26.740720748901367,286.50567626953125
3,61592,9.185948371887207,18.1492862701416,0.23137596249580383,3.5484890937805176,25.650175094604492,0.3664805293083191,0.369684100151062,0.3758678138256073,0.3960580825805664,27.342456817626953,26.90996551513672,26.590572357177734,26.480045318603516,592.6713256835938
4,61592,9.463701248168945,18.181482315063477,0.2598528563976288,3.5563485622406006,25.556678771972656,0.3677190840244293,0.3711402714252472,0.3778371512889862,0.3996722102165222,27.30410385131836,26.854965209960938,26.555240631103516,26.41526985168457,871.5849609375
5,61592,9.621611595153809,18.132686614990234,0.1992417573928833,3.4916186332702637,25.345354080200195,0.3685353398323059,0.37168940901756287,0.37835609912872314,0.40051278471946716,27.000513076782227,26.626516342163086,26.38092803955078,26.29878044128418,907.8255615234375
6,61592,9.672395706176758,18.137563705444336,0.12115389853715897,3.3849945068359375,25.296308517456055,0.36878517270088196,0.37185999751091003,0.37877708673477173,0.4012412428855896,26.947965621948242,26.564849853515625,26.279939651489258,26.174270629882812,943.4000854492188
7,61592,9.662179946899414,18.052589416503906,0.18118463456630707,3.376913070678711,25.21168327331543,0.36850959062576294,0.3717343509197235,0.37873026728630066,0.4011773467063904,26.95107078552246,26.529470443725586,26.246726989746094,26.130056381225586,957.8583984375
