month,pfaf_id,Rainf_tavg,Qair_f_tavg,Qs_tavg,Evap_tavg,Tair_f_tavg,SoilMoist_inst_lvl_0,SoilMoist_inst_lvl_1,SoilMoist_inst_lvl_2,SoilMoist_inst_lvl_3,SoilTemp_inst_lvl_0,SoilTemp_inst_lvl_1,SoilTemp_inst_lvl_2,SoilTemp_inst_lvl_3,Streamflow_tavg
2,62242,7.364124774932861,16.660219192504883,0.14271797239780426,3.567326784133911,24.565235137939453,0.40840527415275574,0.40897828340530396,0.4104434847831726,0.4169546961784363,25.630136489868164,25.526853561401367,25.43817901611328,25.438167572021484,1193.7818603515625
3,62242,7.441720008850098,16.943702697753906,0.08324285596609116,3.491492748260498,24.69774627685547,0.4147294759750366,0.4166754484176636,0.4222058951854706,0.4390321671962738,25.745248794555664,25.537857055664062,25.310693740844727,25.235227584838867,1873.0479736328125
4,62242,7.26741886138916,17.102344512939453,0.06177176535129547,3.465519666671753,24.73202896118164,0.41631773114204407,0.41857603192329407,0.4251556098461151,0.4444935619831085,25.762407302856445,25.556760787963867,25.310487747192383,25.18429183959961,2508.890625
5,62242,5.852628707885742,17.009925842285156,0.047533538192510605,3.3679609298706055,24.641462326049805,0.41300085186958313,0.4154009222984314,0.42204800248146057,0.44074445962905884,25.522201538085938,25.376388549804688,25.20673370361328,25.133825302124023,2369.080078125
6,62242,3.1693973541259766,16.092557907104492,0.01889585517346859,3.2899768352508545,24.425867080688477,0.40099748969078064,0.4031621515750885,0.408891499042511,0.42352837324142456,24.901742935180664,24.80850601196289,24.788537979125977,24.903656005859375,1420.9595947265625
7,62242,1.567793607711792,14.282230377197266,0.007526778616011143,3.5039334297180176,24.740747451782227,0.37706494331359863,0.37975937128067017,0.38391202688217163,0.39273789525032043,24.66971206665039,24.421064376831055,24.343280792236328,24.52104949951172,529.8886108398438
