month,pfaf_id,Rainf_tavg,Qair_f_tavg,Qs_tavg,Evap_tavg,Tair_f_tavg,SoilMoist_inst_lvl_0,SoilMoist_inst_lvl_1,SoilMoist_inst_lvl_2,SoilMoist_inst_lvl_3,SoilTemp_inst_lvl_0,SoilTemp_inst_lvl_1,SoilTemp_inst_lvl_2,SoilTemp_inst_lvl_3,Streamflow_tavg
4,64248,3.3271775245666504,15.481943130493164,0.01692500151693821,3.164034128189087,25.080766677856445,0.3039162755012512,0.30748239159584045,0.3127439320087433,0.3253832161426544,25.559223175048828,25.873714447021484,25.83435821533203,25.972774505615234,3370.56396484375
5,64248,1.920108675956726,12.61248779296875,0.005881269928067923,2.7323880195617676,23.98747444152832,0.2796112298965454,0.2888604402542114,0.29752159118652344,0.3109684884548187,24.035301208496094,24.512460708618164,24.598169326782227,25.015302658081055,3329.522216796875
6,64248,1.2379425764083862,10.616124153137207,0.002055803081020713,2.1668429374694824,23.31706428527832,0.25159934163093567,0.2707342505455017,0.2814089357852936,0.2946126163005829,23.181100845336914,23.723064422607422,23.59829330444336,24.000320434570312,1733.0762939453125
7,64248,0.9512932896614075,9.37385082244873,0.0010401419131085277,1.7632429599761963,24.04792594909668,0.22102414071559906,0.2552960216999054,0.26731011271476746,0.28044137358665466,24.000057220458984,24.3607234954834,23.60015106201172,23.53666114807129,818.2124633789062
8,64248,1.0300006866455078,9.08853530883789,0.001348014222458005,1.7041679620742798,26.34735107421875,0.1999579817056656,0.24424590170383453,0.2557952404022217,0.2686271071434021,26.579404830932617,26.643993377685547,25.138132095336914,24.273107528686523,419.5234375
9,64248,1.699038028717041,10.582452774047852,0.004230719991028309,2.1046712398529053,28.20180892944336,0.20440395176410675,0.23652374744415283,0.24561652541160583,0.25881850719451904,28.888689041137695,28.90740966796875,27.193796157836914,25.910037994384766,222.8587646484375
