month,pfaf_id,Rainf_tavg,Qair_f_tavg,Qs_tavg,Evap_tavg,Tair_f_tavg,SoilMoist_inst_lvl_0,SoilMoist_inst_lvl_1,SoilMoist_inst_lvl_2,SoilMoist_inst_lvl_3,SoilTemp_inst_lvl_0,SoilTemp_inst_lvl_1,SoilTemp_inst_lvl_2,SoilTemp_inst_lvl_3,Streamflow_tavg
1,62470,6.394541263580322,17.268360137939453,0.060305722057819366,3.6726300716400146,25.06078338623047,0.3642389178276062,0.3636123538017273,0.3612667918205261,0.3567383289337158,25.900327682495117,26.083709716796875,26.116140365600586,26.441213607788086,2539.533447265625
2,62470,6.618595123291016,17.431161880493164,0.07216805219650269,3.7186553478240967,25.119152069091797,0.37014561891555786,0.3706227242946625,0.3727934658527374,0.3814707100391388,25.919240951538086,26.086055755615234,25.89274024963379,25.971881866455078,4044.19482421875
3,62470,6.625396251678467,17.59588623046875,0.08960764855146408,3.658514976501465,25.148040771484375,0.3730948269367218,0.3743361234664917,0.37938618659973145,0.39660435914993286,25.80616569519043,26.10543441772461,25.85431480407715,25.843069076538086,5193.84130859375
4,62470,5.953935146331787,17.54704475402832,0.09947963804006577,3.6872715950012207,25.118255615234375,0.37211424112319946,0.37375617027282715,0.3807830214500427,0.40255025029182434,25.75334930419922,26.105989456176758,25.825698852539062,25.794456481933594,5633.77587890625
5,62470,3.2764108180999756,16.120494842529297,0.04741133749485016,3.4101722240448,24.80980110168457,0.35214734077453613,0.35807645320892334,0.3683261573314667,0.39030224084854126,25.1700439453125,25.660837173461914,25.51247787475586,25.652711868286133,4594.36962890625
12,62470,5.888006210327148,16.971269607543945,0.05045463517308235,3.727811813354492,25.33740997314453,0.34860342741012573,0.3480740785598755,0.3408046364784241,0.32689088582992554,26.234861373901367,26.682662963867188,27.0350341796875,27.61060333251953,3687.526123046875
