month,pfaf_id,Rainf_tavg,Qair_f_tavg,Qs_tavg,Evap_tavg,Tair_f_tavg,SoilMoist_inst_lvl_0,SoilMoist_inst_lvl_1,SoilMoist_inst_lvl_2,SoilMoist_inst_lvl_3,SoilTemp_inst_lvl_0,SoilTemp_inst_lvl_1,SoilTemp_inst_lvl_2,SoilTemp_inst_lvl_3,Streamflow_tavg
2,62282,6.623889446258545,17.490318298339844,0.037854090332984924,3.75042986869812,26.02593421936035,0.3374924063682556,0.33360522985458374,0.32228824496269226,0.3074565827846527,27.189537048339844,26.93690299987793,26.69069480895996,26.567270278930664,13663.201171875
3,62282,6.7686591148376465,17.549867630004883,0.04937117546796799,3.7696564197540283,26.023067474365234,0.35049009323120117,0.3503015637397766,0.3481859266757965,0.34371596574783325,27.27536392211914,26.935087203979492,26.624914169311523,26.495267868041992,13669.4052734375
4,62282,6.8935160636901855,17.574813842773438,0.05184923857450485,3.7644309997558594,26.000259399414062,0.357580304145813,0.3592497408390045,0.3625285029411316,0.3733173608779907,27.15255355834961,26.88581657409668,26.620819091796875,26.495641708374023,18437.005859375
5,62282,6.959814071655273,17.586339950561523,0.05458332225680351,3.6425185203552246,25.937625885009766,0.36212053894996643,0.3649408519268036,0.3714163601398468,0.39093831181526184,26.893657684326172,26.68683433532715,26.477394104003906,26.41331672668457,22778.78125
6,62282,6.793241024017334,17.667877197265625,0.03772565349936485,3.584944725036621,26.04808807373047,0.3640056848526001,0.36743754148483276,0.375637948513031,0.39911895990371704,26.90790557861328,26.669618606567383,26.41438865661621,26.320436477661133,26559.357421875
7,62282,5.8727707862854,17.52459144592285,0.018356934189796448,3.6578152179718018,25.984466552734375,0.36154037714004517,0.3648391664028168,0.37306538224220276,0.3962833881378174,26.933156967163086,26.644023895263672,26.38234519958496,26.28692626953125,28530.232421875
