month,pfaf_id,Rainf_tavg,Qair_f_tavg,Qs_tavg,Evap_tavg,Tair_f_tavg,SoilMoist_inst_lvl_0,SoilMoist_inst_lvl_1,SoilMoist_inst_lvl_2,SoilMoist_inst_lvl_3,SoilTemp_inst_lvl_0,SoilTemp_inst_lvl_1,SoilTemp_inst_lvl_2,SoilTemp_inst_lvl_3,Streamflow_tavg
1,62261,6.383111953735352,17.26096534729004,0.020923972129821777,3.839035987854004,26.351564407348633,0.34321314096450806,0.34371325373649597,0.3445063829421997,0.3497399389743805,27.280315399169922,27.035972595214844,26.803306579589844,26.74873161315918,75120.6640625
2,62261,6.487246990203857,17.36261749267578,0.02258826047182083,3.845677137374878,26.372419357299805,0.34848010540008545,0.35031917691230774,0.35504406690597534,0.37063899636268616,27.404138565063477,27.146955490112305,26.79486846923828,26.617502212524414,79424.5078125
3,62261,6.677270412445068,17.468814849853516,0.02069801650941372,3.8761556148529053,26.406118392944336,0.35236671566963196,0.354536771774292,0.3612469434738159,0.3823801577091217,27.392486572265625,27.198152542114258,26.853429794311523,26.647323608398438,92744.265625
4,62261,6.726462364196777,17.450700759887695,0.01881106197834015,3.892353057861328,26.29657745361328,0.35437721014022827,0.35677844285964966,0.36448904871940613,0.3884070813655853,27.228748321533203,27.07402229309082,26.771156311035156,26.618825912475586,107794.75
5,62261,6.31762170791626,17.527185440063477,0.01687714271247387,3.9008262157440186,26.206632614135742,0.3532567322254181,0.3561093509197235,0.36422106623649597,0.38876578211784363,27.203702926635742,27.000457763671875,26.689592361450195,26.548065185546875,116668.625
12,62261,5.999103546142578,17.133651733398438,0.017183789983391762,3.88244366645813,26.56627655029297,0.33493733406066895,0.3335108757019043,0.32930105924606323,0.32127463817596436,27.390487670898438,27.23486328125,27.123689651489258,27.140518188476562,76961.7265625
