month,pfaf_id,Rainf_tavg,Qair_f_tavg,Qs_tavg,Evap_tavg,Tair_f_tavg,SoilMoist_inst_lvl_0,SoilMoist_inst_lvl_1,SoilMoist_inst_lvl_2,SoilMoist_inst_lvl_3,SoilTemp_inst_lvl_0,SoilTemp_inst_lvl_1,SoilTemp_inst_lvl_2,SoilTemp_inst_lvl_3,Streamflow_tavg
1,62255,5.885235786437988,17.260269165039062,0.06129416078329086,3.5706405639648438,26.142980575561523,0.3520142734050751,0.3486018180847168,0.3372313380241394,0.31007635593414307,27.389320373535156,27.45028305053711,27.31513786315918,27.420679092407227,76400.9765625
2,62255,5.9395751953125,17.390670776367188,0.06166703253984451,3.6164844036102295,26.14399528503418,0.35855260491371155,0.35720786452293396,0.3518359363079071,0.339705228805542,27.447298049926758,27.486549377441406,27.162525177001953,27.055185317993164,80219.390625
3,62255,6.054633617401123,17.41805648803711,0.08121035248041153,3.673206329345703,26.243276596069336,0.3635851740837097,0.363449364900589,0.36248794198036194,0.36268600821495056,27.567140579223633,27.657289505004883,27.24220085144043,27.016347885131836,93754.7890625
4,62255,6.170678615570068,17.344552993774414,0.08325454592704773,3.740321636199951,26.231611251831055,0.36857226490974426,0.36917486786842346,0.3715876638889313,0.38104531168937683,27.557451248168945,27.65447235107422,27.259374618530273,27.0435848236084,109581.0546875
5,62255,5.904464244842529,17.42975616455078,0.05865253508090973,3.747589111328125,26.138999938964844,0.3706817924976349,0.37226203083992004,0.3770604729652405,0.39254316687583923,27.561203002929688,27.57999038696289,27.199935913085938,27.015674591064453,120061.2109375
12,62255,5.379652976989746,16.946659088134766,0.03092821128666401,3.596328020095825,26.62103843688965,0.3370835483074188,0.33109790086746216,0.3128182291984558,0.2792064845561981,27.655384063720703,27.892730712890625,28.09061050415039,28.393171310424805,77610.8671875
