month,pfaf_id,Rainf_tavg,Qair_f_tavg,Qs_tavg,Evap_tavg,Tair_f_tavg,SoilMoist_inst_lvl_0,SoilMoist_inst_lvl_1,SoilMoist_inst_lvl_2,SoilMoist_inst_lvl_3,SoilTemp_inst_lvl_0,SoilTemp_inst_lvl_1,SoilTemp_inst_lvl_2,SoilTemp_inst_lvl_3,Streamflow_tavg
1,62494,6.320703983306885,17.32497215270996,0.09519991278648376,3.8906192779541016,25.29624366760254,0.37141433358192444,0.37183836102485657,0.3742047846317291,0.38623902201652527,26.014925003051758,26.27264404296875,26.254499435424805,26.528432846069336,322.2655944824219
2,62494,6.193239688873291,17.430660247802734,0.09826910495758057,3.8370859622955322,25.507810592651367,0.3749569356441498,0.37621650099754333,0.38124731183052063,0.3979986608028412,25.963333129882812,26.21394920349121,25.983171463012695,26.014158248901367,474.3313293457031
3,62494,6.035027027130127,17.555776596069336,0.12232024222612381,3.734652280807495,25.550857543945312,0.3758617341518402,0.37757232785224915,0.3842919170856476,0.4031696617603302,25.77099609375,26.218544006347656,25.907621383666992,25.8381290435791,560.0181274414062
4,62494,4.4208664894104,16.787206649780273,0.09468597173690796,3.743558645248413,25.4187068939209,0.36540403962135315,0.36951252818107605,0.3787872791290283,0.39855241775512695,25.408689498901367,26.10538673400879,25.818326950073242,25.76068115234375,541.7154541015625
5,62494,1.8668723106384277,13.446192741394043,0.025065531954169273,3.126589775085449,24.98061180114746,0.309186190366745,0.34347882866859436,0.3572292625904083,0.37613022327423096,24.61537742614746,25.594663619995117,25.333404541015625,25.475889205932617,291.3028259277344
12,62494,6.410441875457764,17.197614669799805,0.08935090154409409,3.9193098545074463,25.509178161621094,0.35741207003593445,0.3580488860607147,0.35572731494903564,0.3624396026134491,26.356338500976562,26.900827407836914,27.224225997924805,27.7880859375,299.8249206542969
