month,pfaf_id,Rainf_tavg,Qair_f_tavg,Qs_tavg,Evap_tavg,Tair_f_tavg,SoilMoist_inst_lvl_0,SoilMoist_inst_lvl_1,SoilMoist_inst_lvl_2,SoilMoist_inst_lvl_3,SoilTemp_inst_lvl_0,SoilTemp_inst_lvl_1,SoilTemp_inst_lvl_2,SoilTemp_inst_lvl_3,Streamflow_tavg
1,62259,5.962707996368408,17.206867218017578,0.08480843901634216,3.5985679626464844,26.4323787689209,0.36994123458862305,0.3674910366535187,0.36008399724960327,0.34384992718696594,27.360544204711914,27.307212829589844,27.12957191467285,27.14757537841797,75550.515625
2,62259,6.0562005043029785,17.372821807861328,0.10060212016105652,3.6309242248535156,26.41218376159668,0.3759347200393677,0.3748667538166046,0.37210339307785034,0.3681282103061676,27.46042251586914,27.382909774780273,27.053537368774414,26.906625747680664,79712.0390625
3,62259,6.214773178100586,17.4188232421875,0.11841045320034027,3.6611573696136475,26.515161514282227,0.3804653286933899,0.3806876242160797,0.38140884041786194,0.38674241304397583,27.59020233154297,27.553770065307617,27.156312942504883,26.91272735595703,92930.765625
4,62259,6.305104732513428,17.318862915039062,0.12502072751522064,3.699552536010742,26.469417572021484,0.3843751549720764,0.38551610708236694,0.38888972997665405,0.40094515681266785,27.52947425842285,27.5135440826416,27.156015396118164,26.94371223449707,108145.4921875
5,62259,6.0043511390686035,17.46505355834961,0.09653470665216446,3.757554292678833,26.353290557861328,0.3859995901584625,0.3875649571418762,0.39255306124687195,0.40880003571510315,27.579404830932617,27.491682052612305,27.120920181274414,26.921367645263672,117457.9296875
12,62259,5.424206256866455,16.920713424682617,0.04864918068051338,3.6613008975982666,26.791179656982422,0.35958561301231384,0.3552134037017822,0.34270569682121277,0.31571924686431885,27.54021644592285,27.5939884185791,27.64441680908203,27.794090270996094,76943.7890625
