month,pfaf_id,Rainf_tavg,Qair_f_tavg,Qs_tavg,Evap_tavg,Tair_f_tavg,SoilMoist_inst_lvl_0,SoilMoist_inst_lvl_1,SoilMoist_inst_lvl_2,SoilMoist_inst_lvl_3,SoilTemp_inst_lvl_0,SoilTemp_inst_lvl_1,SoilTemp_inst_lvl_2,SoilTemp_inst_lvl_3,Streamflow_tavg
2,67109,3.6249263286590576,15.19461441040039,0.03308446705341339,2.036097764968872,24.29155731201172,0.22481484711170197,0.21856573224067688,0.18976706266403198,0.23891329765319824,27.08769989013672,26.17476463317871,26.034149169921875,25.988325119018555,54.36185836791992
3,67109,4.2722907066345215,15.211335182189941,0.09235847741365433,1.9108482599258423,24.24689483642578,0.23509657382965088,0.23254285752773285,0.21487535536289215,0.25866180658340454,26.881790161132812,25.865049362182617,25.469449996948242,25.27695655822754,205.25631713867188
4,67109,1.263170599937439,13.664072036743164,0.011747951619327068,1.4252057075500488,23.019811630249023,0.21041496098041534,0.22098585963249207,0.21686135232448578,0.2661438286304474,26.241451263427734,25.32270622253418,25.011606216430664,24.84807014465332,168.58338928222656
5,67109,0.4283825159072876,11.930335998535156,0.0010780036682263017,0.916121780872345,21.528656005859375,0.18188321590423584,0.20527993142604828,0.20644477009773254,0.25722357630729675,25.102956771850586,24.17424201965332,24.04471206665039,24.172813415527344,65.23104858398438
6,67109,0.21212933957576752,11.003294944763184,0.00010104584362125024,0.6140452027320862,20.687347412109375,0.1638176441192627,0.19603502750396729,0.19879944622516632,0.24949580430984497,24.435361862182617,23.32786750793457,23.182552337646484,23.404539108276367,23.328989028930664
7,67109,0.17742730677127838,10.495121955871582,5.348393460735679e-05,0.4934147298336029,20.44940948486328,0.15298688411712646,0.19006751477718353,0.1933566778898239,0.24378782510757446,24.585956573486328,23.124746322631836,22.77925682067871,22.866910934448242,10.269487380981445
