month,pfaf_id,Rainf_tavg,Qair_f_tavg,Qs_tavg,Evap_tavg,Tair_f_tavg,SoilMoist_inst_lvl_0,SoilMoist_inst_lvl_1,SoilMoist_inst_lvl_2,SoilMoist_inst_lvl_3,SoilTemp_inst_lvl_0,SoilTemp_inst_lvl_1,SoilTemp_inst_lvl_2,SoilTemp_inst_lvl_3,Streamflow_tavg
1,62295,7.1493659019470215,17.58248519897461,0.020736200734972954,3.5888748168945312,25.76831817626953,0.35409054160118103,0.3572019636631012,0.36544063687324524,0.39056238532066345,26.96646499633789,26.532737731933594,26.291261672973633,26.213319778442383,28861.974609375
2,62295,7.23651123046875,17.634864807128906,0.027707718312740326,3.552035093307495,25.842683792114258,0.35543641448020935,0.3590650260448456,0.3683925271034241,0.395758718252182,27.04287338256836,26.636547088623047,26.3145694732666,26.15188980102539,24174.26953125
3,62295,7.332748889923096,17.677539825439453,0.023352010175585747,3.5690853595733643,25.838903427124023,0.35598334670066833,0.35962632298469543,0.3689936399459839,0.39677995443344116,26.960317611694336,26.62118911743164,26.33336067199707,26.17799186706543,25416.736328125
4,62295,7.439813613891602,17.656003952026367,0.018203767016530037,3.5835041999816895,25.706987380981445,0.3569200336933136,0.3600092828273773,0.3692055940628052,0.397094190120697,26.81493377685547,26.503889083862305,26.249643325805664,26.138742446899414,28374.23828125
5,62295,7.125982284545898,17.66425895690918,0.013369912281632423,3.654550552368164,25.648839950561523,0.3560948967933655,0.35925453901290894,0.3683779835700989,0.39621976017951965,26.863906860351562,26.48336410522461,26.192764282226562,26.074607849121094,31251.763671875
12,62295,6.731986045837402,17.560705184936523,0.021670332178473473,3.543299674987793,25.760677337646484,0.3485966920852661,0.3505344092845917,0.35567617416381836,0.37294653058052063,26.944604873657227,26.58702278137207,26.453908920288086,26.451702117919922,31094.71484375
