month,pfaf_id,Rainf_tavg,Qair_f_tavg,Qs_tavg,Evap_tavg,Tair_f_tavg,SoilMoist_inst_lvl_0,SoilMoist_inst_lvl_1,SoilMoist_inst_lvl_2,SoilMoist_inst_lvl_3,SoilTemp_inst_lvl_0,SoilTemp_inst_lvl_1,SoilTemp_inst_lvl_2,SoilTemp_inst_lvl_3,Streamflow_tavg
1,62495,6.034199237823486,17.044946670532227,0.06175047531723976,3.808159112930298,24.719350814819336,0.35339322686195374,0.35389888286590576,0.35580533742904663,0.36632806062698364,25.52370834350586,25.81639289855957,25.760156631469727,25.9997615814209,1699.1922607421875
2,62495,5.645508289337158,17.069278717041016,0.06034911423921585,3.776304244995117,25.007661819458008,0.35404181480407715,0.35575446486473083,0.3606226146221161,0.3767855167388916,25.54305648803711,25.802940368652344,25.50040054321289,25.472780227661133,2711.197265625
3,62495,5.528488636016846,17.143390655517578,0.07391520589590073,3.707726001739502,25.10902976989746,0.3542272448539734,0.3560946583747864,0.36248698830604553,0.38095352053642273,25.45802879333496,25.903852462768555,25.495981216430664,25.3442440032959,2980.10205078125
4,62495,3.9219632148742676,16.245906829833984,0.052858881652355194,3.585643768310547,24.803524017333984,0.3416036367416382,0.34715840220451355,0.3569389283657074,0.3772294521331787,24.970903396606445,25.725811004638672,25.395172119140625,25.301475524902344,2835.06689453125
5,62495,1.6158376932144165,12.76335620880127,0.014138512313365936,2.837235689163208,23.90889549255371,0.28668665885925293,0.32104891538619995,0.33602967858314514,0.35652902722358704,23.881916046142578,24.988292694091797,24.73082733154297,24.91410255432129,1781.8375244140625
12,62495,6.13043212890625,16.938980102539062,0.05838070437312126,3.8395049571990967,24.94478416442871,0.34122103452682495,0.3415431082248688,0.3383941948413849,0.34283438324928284,25.934537887573242,26.553321838378906,26.836278915405273,27.329238891601562,1672.8153076171875
