month,pfaf_id,Rainf_tavg,Qair_f_tavg,Qs_tavg,Evap_tavg,Tair_f_tavg,SoilMoist_inst_lvl_0,SoilMoist_inst_lvl_1,SoilMoist_inst_lvl_2,SoilMoist_inst_lvl_3,SoilTemp_inst_lvl_0,SoilTemp_inst_lvl_1,SoilTemp_inst_lvl_2,SoilTemp_inst_lvl_3,Streamflow_tavg
2,62244,7.342715740203857,16.890094757080078,0.14142201840877533,3.6622836589813232,24.484886169433594,0.39053720235824585,0.390969842672348,0.39247584342956543,0.40171369910240173,25.718347549438477,25.52281379699707,25.25631332397461,25.14752769470215,4948.72265625
3,62244,6.854610443115234,17.107852935791016,0.11725790798664093,3.5394697189331055,24.703903198242188,0.39413079619407654,0.39588531851768494,0.40105339884757996,0.41963842511177063,25.73504638671875,25.558231353759766,25.223745346069336,25.028921127319336,5575.25
4,62244,5.854607582092285,16.73259925842285,0.09777545183897018,3.51422381401062,24.536151885986328,0.3919788897037506,0.39396560192108154,0.4001500904560089,0.4204588234424591,25.378551483154297,25.280860900878906,25.058094024658203,24.948978424072266,6439.01025390625
5,62244,3.2817564010620117,14.958287239074707,0.03265002369880676,3.377089023590088,24.148557662963867,0.374708890914917,0.3800220191478729,0.38732773065567017,0.4057033061981201,24.452611923217773,24.518205642700195,24.519336700439453,24.642080307006836,5089.8828125
6,62244,1.602372407913208,12.550060272216797,0.008535568602383137,3.0453953742980957,23.83083152770996,0.33465299010276794,0.3563193082809448,0.36321893334388733,0.37725216150283813,23.78558921813965,23.789947509765625,23.696744918823242,23.982982635498047,2315.338134765625
7,62244,0.9608859419822693,11.06712532043457,0.0029168466571718454,2.740129232406616,24.519207000732422,0.28610852360725403,0.33268702030181885,0.33839336037635803,0.3485245704650879,24.713390350341797,24.455429077148438,23.85832405090332,23.717031478881836,735.1217651367188
