month,pfaf_id,Rainf_tavg,Qair_f_tavg,Qs_tavg,Evap_tavg,Tair_f_tavg,SoilMoist_inst_lvl_0,SoilMoist_inst_lvl_1,SoilMoist_inst_lvl_2,SoilMoist_inst_lvl_3,SoilTemp_inst_lvl_0,SoilTemp_inst_lvl_1,SoilTemp_inst_lvl_2,SoilTemp_inst_lvl_3,Streamflow_tavg
1,62292,6.211369037628174,17.18733787536621,0.016814300790429115,3.635741949081421,25.456195831298828,0.3255420923233032,0.32511240243911743,0.3223196566104889,0.319274365901947,26.667551040649414,26.18840980529785,25.914474487304688,25.803569793701172,46011.125
2,62292,6.388904571533203,17.24256134033203,0.017198190093040466,3.650909900665283,25.40091896057129,0.3320181667804718,0.33314040303230286,0.33533579111099243,0.3441573679447174,26.699031829833984,26.228246688842773,25.875,25.68029022216797,41178.24609375
3,62292,6.431301593780518,17.349445343017578,0.014328673481941223,3.682887077331543,25.411083221435547,0.3355204463005066,0.33740150928497314,0.3423195481300354,0.3588322699069977,26.69147300720215,26.271860122680664,25.90029525756836,25.67708396911621,43996.6875
4,62292,6.041001319885254,17.31151008605957,0.01176717784255743,3.6584155559539795,25.307069778442383,0.3355376124382019,0.33782902359962463,0.3441746234893799,0.36470097303390503,26.515899658203125,26.139009475708008,25.825403213500977,25.650060653686523,49547.75
5,62292,4.883001804351807,16.937152862548828,0.00858669076114893,3.510007858276367,25.0754451751709,0.33002176880836487,0.3323717415332794,0.33889201283454895,0.35932183265686035,26.21990394592285,25.81513786315918,25.56451988220215,25.489288330078125,54921.0703125
12,62292,5.6334967613220215,16.977069854736328,0.013512243516743183,3.6696200370788574,25.712127685546875,0.31608718633651733,0.3138290047645569,0.30581796169281006,0.2881159782409668,26.793106079101562,26.368637084960938,26.193042755126953,26.14682960510254,47561.0078125
