month,pfaf_id,Rainf_tavg,Qair_f_tavg,Qs_tavg,Evap_tavg,Tair_f_tavg,SoilMoist_inst_lvl_0,SoilMoist_inst_lvl_1,SoilMoist_inst_lvl_2,SoilMoist_inst_lvl_3,SoilTemp_inst_lvl_0,SoilTemp_inst_lvl_1,SoilTemp_inst_lvl_2,SoilTemp_inst_lvl_3,Streamflow_tavg
1,62269,5.0958251953125,13.937958717346191,0.03401420637965202,3.370364189147949,20.173892974853516,0.31547054648399353,0.31258225440979004,0.30485883355140686,0.30266091227531433,22.36933135986328,22.020492553710938,21.935766220092773,22.210662841796875,3066.173583984375
2,62269,5.123220920562744,13.920904159545898,0.03681651130318642,3.2761802673339844,20.03005599975586,0.31875091791152954,0.31657132506370544,0.3113049566745758,0.3155761957168579,22.057374954223633,21.724790573120117,21.486675262451172,21.55601692199707,3416.634521484375
3,62269,4.554951190948486,13.715410232543945,0.03179935738444328,3.0618529319763184,19.95473289489746,0.31800347566604614,0.316997230052948,0.31403082609176636,0.3221699893474579,21.66609001159668,21.5252685546875,21.219011306762695,21.223840713500977,4941.79443359375
4,62269,3.4880805015563965,12.642396926879883,0.020706897601485252,2.822725296020508,19.4389705657959,0.31148239970207214,0.3125562369823456,0.31178414821624756,0.32139089703559875,20.837661743164062,20.844541549682617,20.699691772460938,20.873199462890625,6319.25244140625
5,62269,2.4998466968536377,10.976715087890625,0.010932989418506622,2.5182526111602783,18.509931564331055,0.2985927164554596,0.3024447560310364,0.30365556478500366,0.3132176101207733,19.50315284729004,19.662675857543945,19.711759567260742,20.179767608642578,6061.66796875
12,62269,4.786487102508545,13.468902587890625,0.026037298142910004,3.4042444229125977,20.20267677307129,0.3067265748977661,0.3038766086101532,0.2935124933719635,0.28701236844062805,22.80512809753418,22.79183006286621,23.16568374633789,23.67383575439453,2529.26416015625
