month,pfaf_id,Rainf_tavg,Qair_f_tavg,Qs_tavg,Evap_tavg,Tair_f_tavg,SoilMoist_inst_lvl_0,SoilMoist_inst_lvl_1,SoilMoist_inst_lvl_2,SoilMoist_inst_lvl_3,SoilTemp_inst_lvl_0,SoilTemp_inst_lvl_1,SoilTemp_inst_lvl_2,SoilTemp_inst_lvl_3,Streamflow_tavg
2,62298,4.776093482971191,12.772196769714355,0.03479311615228653,3.037116289138794,17.878950119018555,0.33594027161598206,0.33579221367836,0.3353070914745331,0.3435581624507904,20.362560272216797,19.653772354125977,19.638229370117188,19.624372482299805,14094.572265625
3,62298,4.809177398681641,12.864357948303223,0.031493499875068665,2.9544174671173096,17.8869686126709,0.3365253508090973,0.33694830536842346,0.3381728231906891,0.34937673807144165,20.29106330871582,19.389225006103516,19.10601043701172,18.992050170898438,12387.7236328125
4,62298,4.279361724853516,12.781511306762695,0.022491462528705597,2.8415586948394775,17.849090576171875,0.33297568559646606,0.33456987142562866,0.3372451961040497,0.3508859872817993,20.11728286743164,19.260812759399414,18.917884826660156,18.710886001586914,12126.048828125
5,62298,3.5554428100585938,12.491360664367676,0.01335373055189848,2.6740002632141113,17.682575225830078,0.32542940974235535,0.3285788595676422,0.3321676552295685,0.34656137228012085,19.89905548095703,19.049480438232422,18.698396682739258,18.507110595703125,12233.517578125
6,62298,3.0360941886901855,12.154335975646973,0.009093397296965122,2.53399395942688,17.52608871459961,0.31556445360183716,0.3203059732913971,0.3241370618343353,0.3380434811115265,19.746370315551758,18.829477310180664,18.458221435546875,18.298049926757812,10502.134765625
7,62298,2.636178970336914,11.68039321899414,0.006640983279794455,2.5278756618499756,17.390357971191406,0.3066770136356354,0.3122434914112091,0.31576478481292725,0.32861173152923584,19.792312622070312,18.709278106689453,18.301677703857422,18.12826919555664,8107.37841796875
