month,pfaf_id,Rainf_tavg,Qair_f_tavg,Qs_tavg,Evap_tavg,Tair_f_tavg,SoilMoist_inst_lvl_0,SoilMoist_inst_lvl_1,SoilMoist_inst_lvl_2,SoilMoist_inst_lvl_3,SoilTemp_inst_lvl_0,SoilTemp_inst_lvl_1,SoilTemp_inst_lvl_2,SoilTemp_inst_lvl_3,Streamflow_tavg
1,62308,6.023843765258789,16.98136329650879,0.028602641075849533,3.4118340015411377,25.51533317565918,0.31688442826271057,0.3095080256462097,0.28241580724716187,0.22040347754955292,26.203611373901367,26.397592544555664,26.35287094116211,26.560653686523438,236.5343475341797
2,62308,6.213466167449951,17.149486541748047,0.036671850830316544,3.50691294670105,25.525678634643555,0.32722675800323486,0.3231678903102875,0.3086610734462738,0.2661907970905304,26.1832218170166,26.33431625366211,26.119569778442383,26.124353408813477,235.49891662597656
3,62308,6.694249153137207,17.3458309173584,0.05114314332604408,3.6110339164733887,25.601442337036133,0.33809706568717957,0.33604705333709717,0.3295896351337433,0.3128558099269867,26.23093605041504,26.398815155029297,26.11945343017578,26.026140213012695,395.42095947265625
4,62308,6.874372959136963,17.468555450439453,0.058027368038892746,3.7004363536834717,25.679853439331055,0.34706225991249084,0.3474256098270416,0.3483225405216217,0.35286152362823486,26.30253028869629,26.463027954101562,26.153226852416992,26.027238845825195,787.1782836914062
5,62308,6.196929931640625,17.463939666748047,0.048791784793138504,3.653432846069336,25.637771606445312,0.35011768341064453,0.3522244989871979,0.357723206281662,0.3739786148071289,26.313243865966797,26.428882598876953,26.143220901489258,26.034244537353516,1270.0673828125
12,62308,5.393870830535889,16.51295280456543,0.016703572124242783,3.4028823375701904,26.113656997680664,0.2935374081134796,0.2791333794593811,0.2376345694065094,0.18581748008728027,26.691993713378906,27.053037643432617,27.241291046142578,27.61686897277832,789.5508422851562
