month,pfaf_id,Rainf_tavg,Qair_f_tavg,Qs_tavg,Evap_tavg,Tair_f_tavg,SoilMoist_inst_lvl_0,SoilMoist_inst_lvl_1,SoilMoist_inst_lvl_2,SoilMoist_inst_lvl_3,SoilTemp_inst_lvl_0,SoilTemp_inst_lvl_1,SoilTemp_inst_lvl_2,SoilTemp_inst_lvl_3,Streamflow_tavg
1,64284,6.849504470825195,16.5714054107666,0.17271925508975983,3.7000958919525146,23.402591705322266,0.38113459944725037,0.38093802332878113,0.38463541865348816,0.3987922668457031,24.154541015625,24.40081787109375,24.343494415283203,24.534122467041016,1126.9498291015625
2,64284,6.265910625457764,16.55003547668457,0.16307826340198517,3.7045657634735107,23.64525032043457,0.3814578950405121,0.38246071338653564,0.3888269066810608,0.40817832946777344,24.29691505432129,24.549652099609375,24.178489685058594,24.04671859741211,1493.3443603515625
3,64284,6.166234493255615,16.60489845275879,0.1981557309627533,3.6440868377685547,23.669841766357422,0.3817337453365326,0.3825981020927429,0.3895184099674225,0.40955793857574463,24.154891967773438,24.649742126464844,24.211538314819336,23.974172592163086,1549.152587890625
4,64284,4.141721725463867,15.530055046081543,0.1281764656305313,3.447566509246826,23.05693244934082,0.36966466903686523,0.3733412027359009,0.3827468752861023,0.40284955501556396,23.28094482421875,24.105819702148438,23.906490325927734,23.857999801635742,1295.9517822265625
5,64284,1.5953201055526733,12.25448989868164,0.025590520352125168,2.7556285858154297,21.7473087310791,0.31942054629325867,0.34850090742111206,0.36182355880737305,0.3802200257778168,21.583160400390625,22.700212478637695,22.742780685424805,23.156856536865234,587.7506103515625
12,64284,7.091238975524902,16.462139129638672,0.14860069751739502,3.742823839187622,23.62312126159668,0.366443008184433,0.36487117409706116,0.3617439270019531,0.3639582097530365,24.55198860168457,25.124183654785156,25.386789321899414,25.796775817871094,653.7456665039062
