month,pfaf_id,Rainf_tavg,Qair_f_tavg,Qs_tavg,Evap_tavg,Tair_f_tavg,SoilMoist_inst_lvl_0,SoilMoist_inst_lvl_1,SoilMoist_inst_lvl_2,SoilMoist_inst_lvl_3,SoilTemp_inst_lvl_0,SoilTemp_inst_lvl_1,SoilTemp_inst_lvl_2,SoilTemp_inst_lvl_3,Streamflow_tavg
4,62491,4.301491737365723,17.285606384277344,0.09255696088075638,3.620651960372925,25.512924194335938,0.39477261900901794,0.39754655957221985,0.40177175402641296,0.4082748591899872,26.1798095703125,26.510009765625,26.4643611907959,26.595144271850586,2742.999755859375
5,62491,1.7360914945602417,15.148985862731934,0.01793658174574375,3.2487406730651855,25.43801498413086,0.34848761558532715,0.37679266929626465,0.3868112862110138,0.39773333072662354,25.4838924407959,25.87484359741211,25.84004020690918,26.110990524291992,2092.4248046875
6,62491,0.7596659660339355,11.287691116333008,0.002031761920079589,1.7578245401382446,25.90443992614746,0.24822697043418884,0.36272135376930237,0.36849653720855713,0.37690046429634094,26.326967239379883,26.657901763916016,26.014751434326172,25.868000030517578,945.2747192382812
7,62491,0.6340769529342651,9.45462703704834,0.0014314104337245226,1.215275526046753,26.547758102416992,0.21251407265663147,0.35567617416381836,0.35896730422973633,0.3649020493030548,27.42192268371582,27.79385757446289,26.845966339111328,26.31049919128418,400.63507080078125
8,62491,0.6690335869789124,8.873127937316895,0.002467979211360216,1.2004550695419312,28.491621017456055,0.20672233402729034,0.34750133752822876,0.35021498799324036,0.3557853698730469,29.41405487060547,29.619413375854492,28.21206283569336,27.22525405883789,208.4452362060547
9,62491,1.5738317966461182,10.781749725341797,0.024318553507328033,1.838301420211792,30.364259719848633,0.2265598177909851,0.33916789293289185,0.34158340096473694,0.3475807011127472,31.301673889160156,31.51902198791504,29.994400024414062,28.644105911254883,133.1438751220703
