month,pfaf_id,Rainf_tavg,Qair_f_tavg,Qs_tavg,Evap_tavg,Tair_f_tavg,SoilMoist_inst_lvl_0,SoilMoist_inst_lvl_1,SoilMoist_inst_lvl_2,SoilMoist_inst_lvl_3,SoilTemp_inst_lvl_0,SoilTemp_inst_lvl_1,SoilTemp_inst_lvl_2,SoilTemp_inst_lvl_3,Streamflow_tavg
1,67206,9.870728492736816,13.599190711975098,0.278965562582016,2.8986387252807617,17.92230796813965,0.3561680018901825,0.3580346703529358,0.3673257529735565,0.39776700735092163,19.79473304748535,19.123306274414062,18.776460647583008,18.578189849853516,1726.855224609375
2,67206,10.558907508850098,13.752333641052246,0.3408600687980652,2.9099314212799072,18.055286407470703,0.35905444622039795,0.3608124256134033,0.369927316904068,0.40126684308052063,19.941225051879883,19.24228858947754,18.789527893066406,18.467849731445312,1877.421875
3,67206,10.597163200378418,13.783625602722168,0.34753671288490295,2.880507469177246,18.10235023498535,0.3598874807357788,0.3616470694541931,0.3709963858127594,0.40307506918907166,19.973018646240234,19.318655014038086,18.85367774963379,18.49875831604004,1992.0421142578125
4,67206,10.58475399017334,13.800480842590332,0.39156481623649597,2.8627493381500244,18.15416717529297,0.3605463206768036,0.36197298765182495,0.37060123682022095,0.40246543288230896,19.955860137939453,19.296689987182617,18.858720779418945,18.524621963500977,1966.958740234375
5,67206,9.243620872497559,13.716719627380371,0.3388606607913971,2.9572746753692627,18.176986694335938,0.3572421073913574,0.35879090428352356,0.36720773577690125,0.39821550250053406,20.038267135620117,19.240175247192383,18.823745727539062,18.514598846435547,1826.5694580078125
12,67206,9.752903938293457,13.527373313903809,0.2339671552181244,2.782186508178711,17.77576446533203,0.3537309765815735,0.3547886908054352,0.36247408390045166,0.38950109481811523,19.74887466430664,19.206640243530273,19.063974380493164,19.003660202026367,1291.0108642578125
