month,pfaf_id,Rainf_tavg,Qair_f_tavg,Qs_tavg,Evap_tavg,Tair_f_tavg,SoilMoist_inst_lvl_0,SoilMoist_inst_lvl_1,SoilMoist_inst_lvl_2,SoilMoist_inst_lvl_3,SoilTemp_inst_lvl_0,SoilTemp_inst_lvl_1,SoilTemp_inst_lvl_2,SoilTemp_inst_lvl_3,Streamflow_tavg
2,62261,6.646500110626221,17.26837730407715,0.019399549812078476,3.9016199111938477,26.198644638061523,0.3536786735057831,0.3565710186958313,0.36452263593673706,0.3885187804698944,27.32035255432129,27.12796401977539,26.884193420410156,26.769018173217773,97434.1796875
3,62261,6.687849998474121,17.364225387573242,0.02043173834681511,3.8494019508361816,26.300567626953125,0.35369935631752014,0.35668817162513733,0.3647240102291107,0.38874125480651855,27.345251083374023,27.091821670532227,26.78526496887207,26.638931274414062,110748.734375
4,62261,6.763093948364258,17.53550910949707,0.01962161436676979,3.7613444328308105,26.336408615112305,0.3547709882259369,0.3578553795814514,0.3662916123867035,0.3913234770298004,27.283098220825195,27.07086181640625,26.76801109313965,26.602441787719727,115240.390625
5,62261,6.302157402038574,17.580814361572266,0.014624591916799545,3.657709836959839,26.23554229736328,0.3540910482406616,0.3569701611995697,0.3655303716659546,0.390754759311676,27.075712203979492,26.928743362426758,26.666162490844727,26.53822898864746,118890.8359375
6,62261,4.853649139404297,17.405824661254883,0.007473030127584934,3.5435237884521484,26.05057716369629,0.3479515314102173,0.3507632613182068,0.3589448034763336,0.3821503520011902,26.745468139648438,26.619165420532227,26.42498779296875,26.3837833404541,116347.8203125
7,62261,3.668156862258911,16.834369659423828,0.005527460481971502,3.6154348850250244,25.96735954284668,0.33823034167289734,0.34067898988723755,0.3473726511001587,0.3661153018474579,26.597942352294922,26.38505744934082,26.170270919799805,26.163898468017578,101815.6953125
