month,pfaf_id,Rainf_tavg,Qair_f_tavg,Qs_tavg,Evap_tavg,Tair_f_tavg,SoilMoist_inst_lvl_0,SoilMoist_inst_lvl_1,SoilMoist_inst_lvl_2,SoilMoist_inst_lvl_3,SoilTemp_inst_lvl_0,SoilTemp_inst_lvl_1,SoilTemp_inst_lvl_2,SoilTemp_inst_lvl_3,Streamflow_tavg
2,67105,0.986078143119812,14.734736442565918,0.0008923797868192196,0.5286126732826233,22.301715850830078,0.2052210420370102,0.20772232115268707,0.1971903145313263,0.20162057876586914,25.24005126953125,24.130367279052734,23.14888572692871,21.991342544555664,17.856538772583008
3,67105,0.48284515738487244,14.085384368896484,0.00023640089784748852,0.42225685715675354,21.541717529296875,0.20545653998851776,0.21152342855930328,0.20306839048862457,0.20324577391147614,23.66121482849121,23.190921783447266,22.680431365966797,21.985599517822266,66.0392837524414
4,67105,0.1436879187822342,12.526138305664062,2.82320525002433e-05,0.24011385440826416,19.801116943359375,0.19294974207878113,0.20552873611450195,0.20341572165489197,0.20492371916770935,21.501903533935547,21.202381134033203,21.1972713470459,21.112730026245117,81.82757568359375
5,67105,0.0771554708480835,11.063685417175293,1.3650169421453029e-05,0.14169646799564362,18.126615524291992,0.18625913560390472,0.2003665268421173,0.20169298350811005,0.20565596222877502,18.90021514892578,18.835647583007812,19.129732131958008,19.519567489624023,42.743797302246094
6,67105,0.05497002229094505,9.973688125610352,1.146852537203813e-05,0.10196344554424286,16.76275634765625,0.18415647745132446,0.19773796200752258,0.20017562806606293,0.2058146893978119,16.860631942749023,16.830230712890625,17.150238037109375,17.727420806884766,21.572885513305664
7,67105,0.05486437305808067,9.478184700012207,9.793760000320617e-06,0.09953971952199936,15.990035057067871,0.18306589126586914,0.1963673084974289,0.19904907047748566,0.20570415258407593,16.13809585571289,15.889944076538086,15.89915943145752,16.297025680541992,12.864453315734863
