month,pfaf_id,Rainf_tavg,Qair_f_tavg,Qs_tavg,Evap_tavg,Tair_f_tavg,SoilMoist_inst_lvl_0,SoilMoist_inst_lvl_1,SoilMoist_inst_lvl_2,SoilMoist_inst_lvl_3,SoilTemp_inst_lvl_0,SoilTemp_inst_lvl_1,SoilTemp_inst_lvl_2,SoilTemp_inst_lvl_3,Streamflow_tavg
2,62289,7.444666385650635,17.514076232910156,0.02410680055618286,3.623399019241333,24.90226173400879,0.3369349241256714,0.33858639001846313,0.3435114324092865,0.36423906683921814,26.47241973876953,25.926795959472656,25.590106964111328,25.386219024658203,4098.95263671875
3,62289,7.821997165679932,17.585979461669922,0.02055915631353855,3.666480302810669,24.919435501098633,0.34099242091178894,0.3435073792934418,0.3505007326602936,0.375503808259964,26.605684280395508,26.018747329711914,25.63560676574707,25.38774299621582,5482.58154296875
4,62289,8.108823776245117,17.606271743774414,0.017534853890538216,3.4916017055511475,24.811071395874023,0.34322741627693176,0.3461032211780548,0.35429468750953674,0.3820277154445648,26.381683349609375,25.887096405029297,25.580249786376953,25.384885787963867,7568.9833984375
5,62289,8.216023445129395,17.52602767944336,0.017087245360016823,3.3313252925872803,24.607412338256836,0.34408149123191833,0.34727323055267334,0.356094092130661,0.3851095736026764,26.06982421875,25.640188217163086,25.392770767211914,25.263906478881836,8189.9072265625
6,62289,8.208052635192871,17.513607025146484,0.01804911531507969,3.24495005607605,24.565128326416016,0.3442325294017792,0.34757885336875916,0.3565991222858429,0.38598009943962097,25.937902450561523,25.504045486450195,25.238967895507812,25.109682083129883,8611.1796875
7,62289,8.007328987121582,17.399391174316406,0.01806420460343361,3.249558925628662,24.548269271850586,0.3436155915260315,0.3470771312713623,0.35623517632484436,0.38556694984436035,25.94944953918457,25.46961212158203,25.180362701416016,25.02725601196289,8663.361328125
