month,pfaf_id,Rainf_tavg,Qair_f_tavg,Qs_tavg,Evap_tavg,Tair_f_tavg,SoilMoist_inst_lvl_0,SoilMoist_inst_lvl_1,SoilMoist_inst_lvl_2,SoilMoist_inst_lvl_3,SoilTemp_inst_lvl_0,SoilTemp_inst_lvl_1,SoilTemp_inst_lvl_2,SoilTemp_inst_lvl_3,Streamflow_tavg
2,61680,6.110345840454102,16.98323631286621,0.08220597356557846,3.5448050498962402,24.515213012695312,0.373144268989563,0.36762502789497375,0.35788294672966003,0.3315608501434326,25.525575637817383,25.68979835510254,25.565256118774414,25.607576370239258,723.9175415039062
3,61680,6.131157398223877,17.286813735961914,0.09174685925245285,3.5459747314453125,24.639266967773438,0.3799165189266205,0.37679174542427063,0.37293997406959534,0.36637774109840393,25.736305236816406,25.803762435913086,25.513778686523438,25.415197372436523,407.5527648925781
4,61680,6.103191375732422,17.527517318725586,0.10429003834724426,3.552081823348999,24.763595581054688,0.386878103017807,0.3860669434070587,0.3872457444667816,0.394116073846817,25.921892166137695,25.97172737121582,25.639022827148438,25.450864791870117,521.711181640625
5,61680,5.8028340339660645,17.582902908325195,0.08760739862918854,3.5017096996307373,24.757823944091797,0.3897726535797119,0.39034631848335266,0.3944082260131836,0.40824493765830994,25.79755973815918,25.894458770751953,25.635690689086914,25.49393081665039,704.1495361328125
6,61680,5.493149757385254,17.526559829711914,0.06898587197065353,3.4011640548706055,24.65113067626953,0.39096859097480774,0.39243894815444946,0.3980076313018799,0.4149942696094513,25.625524520874023,25.720239639282227,25.514562606811523,25.438528060913086,841.91015625
7,61680,4.607086658477783,17.202369689941406,0.044791579246520996,3.534304141998291,24.549652099609375,0.3865954875946045,0.38845983147621155,0.39417505264282227,0.4105355739593506,25.54900550842285,25.621145248413086,25.400127410888672,25.339527130126953,902.2024536132812
