month,pfaf_id,Rainf_tavg,Qair_f_tavg,Qs_tavg,Evap_tavg,Tair_f_tavg,SoilMoist_inst_lvl_0,SoilMoist_inst_lvl_1,SoilMoist_inst_lvl_2,SoilMoist_inst_lvl_3,SoilTemp_inst_lvl_0,SoilTemp_inst_lvl_1,SoilTemp_inst_lvl_2,SoilTemp_inst_lvl_3,Streamflow_tavg
1,62298,4.277117729187012,12.584482192993164,0.019639667123556137,2.9475367069244385,17.89851188659668,0.32590818405151367,0.3256089389324188,0.3250334560871124,0.33401966094970703,20.15499496459961,19.235679626464844,19.017011642456055,18.981000900268555,6806.86962890625
2,62298,4.604964256286621,12.761308670043945,0.02357569709420204,2.9186291694641113,17.904062271118164,0.32994943857192993,0.3285682797431946,0.3280932903289795,0.33994239568710327,20.243425369262695,19.292333602905273,18.89366340637207,18.647539138793945,7461.64111328125
3,62298,4.6158576011657715,12.807578086853027,0.02429797686636448,2.9041125774383545,17.88587760925293,0.3314818739891052,0.33015042543411255,0.3301686644554138,0.3439902067184448,20.26296615600586,19.323047637939453,18.88528060913086,18.577667236328125,9940.814453125
4,62298,4.214585304260254,12.67830753326416,0.022062888368964195,2.816011905670166,17.754425048828125,0.3292054831981659,0.3287142813205719,0.3296075463294983,0.3446725308895111,20.084110260009766,19.18254852294922,18.78451156616211,18.520051956176758,11840.4482421875
5,62298,3.3739571571350098,12.359745025634766,0.013638817705214024,2.6593785285949707,17.659393310546875,0.3204495310783386,0.32181650400161743,0.32388296723365784,0.3393253982067108,20.068748474121094,19.0620174407959,18.646318435668945,18.40926170349121,12022.5400390625
12,62298,3.9438347816467285,12.420845031738281,0.020589657127857208,2.9935665130615234,17.865877151489258,0.32518407702445984,0.3261052370071411,0.3252495229244232,0.3310093879699707,20.335758209228516,19.63231086730957,19.747716903686523,19.878725051879883,8872.517578125
