month,pfaf_id,Rainf_tavg,Qair_f_tavg,Qs_tavg,Evap_tavg,Tair_f_tavg,SoilMoist_inst_lvl_0,SoilMoist_inst_lvl_1,SoilMoist_inst_lvl_2,SoilMoist_inst_lvl_3,SoilTemp_inst_lvl_0,SoilTemp_inst_lvl_1,SoilTemp_inst_lvl_2,SoilTemp_inst_lvl_3,Streamflow_tavg
2,61628,2.908120632171631,15.454549789428711,0.005331953056156635,3.1437437534332275,25.780115127563477,0.24664266407489777,0.24548989534378052,0.22374196350574493,0.19842709600925446,27.006183624267578,27.060758590698242,26.625328063964844,26.42192268371582,175.63497924804688
3,61628,3.921736240386963,16.315166473388672,0.009564475156366825,3.2929329872131348,25.51167869567871,0.2711138427257538,0.26386934518814087,0.2339518964290619,0.1940898597240448,26.894920349121094,26.889604568481445,26.442672729492188,26.27996253967285,46.53786849975586
4,61628,4.827773094177246,16.858543395996094,0.014517484232783318,3.3502931594848633,25.356861114501953,0.29051753878593445,0.281589150428772,0.25212362408638,0.2045527845621109,26.720523834228516,26.732778549194336,26.35314178466797,26.211782455444336,14.530563354492188
5,61628,5.580461502075195,17.10359764099121,0.021036138758063316,3.422947883605957,25.204832077026367,0.3070131838321686,0.3012818992137909,0.2795121669769287,0.2328435182571411,26.354368209838867,26.366235733032227,26.08356285095215,26.024385452270508,36.2778434753418
6,61628,5.615405082702637,17.188682556152344,0.0234848465770483,3.40929913520813,25.206424713134766,0.3152099549770355,0.31277725100517273,0.30112650990486145,0.27123627066612244,26.2052001953125,26.1885986328125,25.889928817749023,25.81340789794922,85.98799133300781
7,61628,5.522788047790527,17.131982803344727,0.023267513141036034,3.492426633834839,25.183332443237305,0.3195965588092804,0.3187561631202698,0.31344547867774963,0.30178359150886536,26.240144729614258,26.17418670654297,25.830080032348633,25.71222686767578,197.60494995117188
