month,pfaf_id,Rainf_tavg,Qair_f_tavg,Qs_tavg,Evap_tavg,Tair_f_tavg,SoilMoist_inst_lvl_0,SoilMoist_inst_lvl_1,SoilMoist_inst_lvl_2,SoilMoist_inst_lvl_3,SoilTemp_inst_lvl_0,SoilTemp_inst_lvl_1,SoilTemp_inst_lvl_2,SoilTemp_inst_lvl_3,Streamflow_tavg
1,61680,5.272673606872559,16.86699104309082,0.04001179337501526,3.2443459033966064,24.709585189819336,0.3457449674606323,0.3312763273715973,0.29907894134521484,0.25467565655708313,25.5482177734375,25.732666015625,25.633319854736328,25.75945472717285,90.33363342285156
2,61680,5.573869228363037,17.10931968688965,0.05112486332654953,3.4120681285858154,24.648197174072266,0.3596319258213043,0.3507542014122009,0.32825735211372375,0.28675830364227295,25.600486755371094,25.732364654541016,25.48846435546875,25.444377899169922,65.3401870727539
3,61680,5.907875061035156,17.37014389038086,0.06875251978635788,3.470231533050537,24.729318618774414,0.37034308910369873,0.364823579788208,0.35205063223838806,0.3207858204841614,25.751129150390625,25.886390686035156,25.56113624572754,25.40825843811035,151.21286010742188
4,61680,6.057192802429199,17.519468307495117,0.08127782493829727,3.5318188667297363,24.786540985107422,0.3786024749279022,0.3759918510913849,0.37104326486587524,0.3562251925468445,25.916650772094727,26.03697967529297,25.68838882446289,25.49016761779785,327.4548034667969
5,61680,5.865615367889404,17.539932250976562,0.07517116516828537,3.582550287246704,24.747880935668945,0.3827223479747772,0.3820350468158722,0.3814215362071991,0.380205363035202,25.879840850830078,25.956796646118164,25.682415008544922,25.540687561035156,531.0250854492188
12,61680,3.802368402481079,16.164730072021484,0.02295614220201969,3.234316349029541,25.469772338867188,0.3112432360649109,0.2999194264411926,0.2715288996696472,0.23823003470897675,25.952150344848633,26.249065399169922,26.276273727416992,26.438783645629883,422.025390625
