month,pfaf_id,Rainf_tavg,Qair_f_tavg,Qs_tavg,Evap_tavg,Tair_f_tavg,SoilMoist_inst_lvl_0,SoilMoist_inst_lvl_1,SoilMoist_inst_lvl_2,SoilMoist_inst_lvl_3,SoilTemp_inst_lvl_0,SoilTemp_inst_lvl_1,SoilTemp_inst_lvl_2,SoilTemp_inst_lvl_3,Streamflow_tavg
1,67201,3.517294406890869,13.451128005981445,0.05347195267677307,2.1596009731292725,21.82266616821289,0.25224506855010986,0.23663075268268585,0.2235337793827057,0.23862028121948242,24.695337295532227,23.565980911254883,22.889907836914062,22.289276123046875,120.36017608642578
2,67201,4.230406761169434,13.955568313598633,0.10407757759094238,2.148365020751953,21.948575973510742,0.2704857885837555,0.24966228008270264,0.23677143454551697,0.2523057162761688,24.555618286132812,23.5728759765625,22.895584106445312,22.29248046875,183.60400390625
3,67201,4.03658390045166,13.95267391204834,0.13485537469387054,2.0203464031219482,21.97873306274414,0.27451953291893005,0.2576439082622528,0.24652019143104553,0.2680501937866211,24.66907501220703,23.69188690185547,22.9581356048584,22.31061363220215,304.83148193359375
4,67201,2.798609495162964,13.454319953918457,0.08427385985851288,1.829602837562561,21.975303649902344,0.26295027136802673,0.25319892168045044,0.24705782532691956,0.27427536249160767,24.943479537963867,23.872894287109375,23.086963653564453,22.386371612548828,381.912109375
5,67201,0.9914146065711975,12.40103816986084,0.012081005610525608,1.4940319061279297,21.855167388916016,0.23096506297588348,0.23632505536079407,0.23687419295310974,0.26667696237564087,25.381179809570312,23.959760665893555,23.162803649902344,22.469091415405273,306.9499816894531
12,67201,2.7006609439849854,13.05543327331543,0.030367406085133553,2.1052865982055664,21.56951141357422,0.24034802615642548,0.23231755197048187,0.2213164120912552,0.23529313504695892,24.838470458984375,23.575420379638672,22.79368019104004,22.154705047607422,214.1170196533203
