month,pfaf_id,Rainf_tavg,Qair_f_tavg,Qs_tavg,Evap_tavg,Tair_f_tavg,SoilMoist_inst_lvl_0,SoilMoist_inst_lvl_1,SoilMoist_inst_lvl_2,SoilMoist_inst_lvl_3,SoilTemp_inst_lvl_0,SoilTemp_inst_lvl_1,SoilTemp_inst_lvl_2,SoilTemp_inst_lvl_3,Streamflow_tavg
2,62257,9.515801429748535,17.88977813720703,0.37994280457496643,2.807737112045288,26.269317626953125,0.3867243826389313,0.38893330097198486,0.39554572105407715,0.41722607612609863,27.151710510253906,27.350990295410156,27.412586212158203,27.51775550842285,97767.8203125
3,62257,9.206768989562988,17.933443069458008,0.31845080852508545,2.819518566131592,26.459779739379883,0.38797321915626526,0.39064180850982666,0.3987762928009033,0.42440006136894226,27.24637222290039,27.27346420288086,27.06924819946289,27.04195213317871,112140.25
4,62257,9.292288780212402,18.013134002685547,0.3763295114040375,2.7979540824890137,26.5929012298584,0.3887341320514679,0.3915401101112366,0.4000696539878845,0.4268672466278076,27.29159164428711,27.30691146850586,27.027320861816406,26.88258934020996,117344.3203125
5,62257,8.695913314819336,18.15348243713379,0.36427634954452515,2.7358903884887695,26.541654586791992,0.3877769708633423,0.39063596725463867,0.3994593322277069,0.4262368083000183,27.171199798583984,27.22027015686035,26.956008911132812,26.812440872192383,121313.4375
6,62257,5.273301601409912,18.24791717529297,0.05595466122031212,2.6904823780059814,26.453229904174805,0.3787888288497925,0.3822406530380249,0.39149439334869385,0.4165686070919037,27.063213348388672,27.120174407958984,26.862625122070312,26.736347198486328,119427.9765625
7,62257,2.6999597549438477,17.59341049194336,0.012516286224126816,2.7283740043640137,26.50727653503418,0.36193928122520447,0.36652660369873047,0.3756922781467438,0.39628955721855164,26.895742416381836,26.936458587646484,26.689863204956055,26.61916160583496,105050.1953125
