month,pfaf_id,Rainf_tavg,Qair_f_tavg,Qs_tavg,Evap_tavg,Tair_f_tavg,SoilMoist_inst_lvl_0,SoilMoist_inst_lvl_1,SoilMoist_inst_lvl_2,SoilMoist_inst_lvl_3,SoilTemp_inst_lvl_0,SoilTemp_inst_lvl_1,SoilTemp_inst_lvl_2,SoilTemp_inst_lvl_3,Streamflow_tavg
1,62305,7.296121597290039,17.687236785888672,0.11857385188341141,3.434386730194092,26.03851318359375,0.34751927852630615,0.34220656752586365,0.32825183868408203,0.31186190247535706,26.47764778137207,26.776201248168945,26.734167098999023,26.914348602294922,85997.1484375
2,62305,7.502870082855225,17.88321876525879,0.08788276463747025,3.5294077396392822,25.99311637878418,0.3590430021286011,0.3570042550563812,0.3522419333457947,0.348501056432724,26.527414321899414,26.78708839416504,26.57703399658203,26.578413009643555,88695.7578125
3,62305,8.501546859741211,18.217025756835938,0.13527041673660278,3.5272841453552246,26.069686889648438,0.3682175278663635,0.3680587410926819,0.3693113625049591,0.3763531446456909,26.680551528930664,26.940677642822266,26.648479461669922,26.534679412841797,110874.6953125
4,62305,9.219267845153809,18.395977020263672,0.25431063771247864,3.5117714405059814,26.106779098510742,0.3750223219394684,0.37607458233833313,0.38161104917526245,0.39985358715057373,26.803077697753906,27.047203063964844,26.739110946655273,26.59532928466797,137482.78125
5,62305,9.719270706176758,18.35133171081543,0.31259188055992126,3.480114459991455,25.958887100219727,0.3784715533256531,0.3803659975528717,0.38835927844047546,0.41343745589256287,26.709442138671875,26.94968032836914,26.71007537841797,26.621784210205078,155329.171875
12,62305,5.456190586090088,17.287317276000977,0.03900445997714996,3.443124771118164,26.641429901123047,0.3168361783027649,0.30953288078308105,0.2920970916748047,0.273458868265152,26.911834716796875,27.35405921936035,27.4315185546875,27.62018585205078,88060.375
