month,pfaf_id,Rainf_tavg,Qair_f_tavg,Qs_tavg,Evap_tavg,Tair_f_tavg,SoilMoist_inst_lvl_0,SoilMoist_inst_lvl_1,SoilMoist_inst_lvl_2,SoilMoist_inst_lvl_3,SoilTemp_inst_lvl_0,SoilTemp_inst_lvl_1,SoilTemp_inst_lvl_2,SoilTemp_inst_lvl_3,Streamflow_tavg
2,62265,7.03584623336792,17.44850730895996,0.055180925875902176,3.5907390117645264,25.196392059326172,0.3524641990661621,0.3535621762275696,0.35632702708244324,0.3687765896320343,26.619647979736328,26.350679397583008,26.1662654876709,26.099058151245117,16228.0263671875
3,62265,7.033568382263184,17.649341583251953,0.04480361193418503,3.545961380004883,25.337339401245117,0.356786847114563,0.3591908812522888,0.3656230568885803,0.3884667456150055,26.613862991333008,26.282886505126953,25.99131965637207,25.87060546875,19635.447265625
4,62265,6.354917049407959,17.575773239135742,0.03603013977408409,3.474029064178467,25.226425170898438,0.35587218403816223,0.3584679067134857,0.3659025728702545,0.3907771110534668,26.3950252532959,26.10546112060547,25.858198165893555,25.7565860748291,19447.921875
5,62265,4.4630608558654785,16.895994186401367,0.01973213627934456,3.3184070587158203,24.824180603027344,0.3482525646686554,0.35087719559669495,0.3583933115005493,0.38129153847694397,25.81757354736328,25.626527786254883,25.51077651977539,25.531784057617188,17255.408203125
6,62265,2.775888204574585,15.527493476867676,0.010068688541650772,3.1859166622161865,24.304229736328125,0.33463382720947266,0.3368012309074402,0.34303605556488037,0.36071425676345825,25.048065185546875,24.823801040649414,24.76469612121582,24.992794036865234,12828.7978515625
7,62265,1.9483237266540527,14.388240814208984,0.005086411722004414,3.3289859294891357,24.797826766967773,0.31668680906295776,0.31973931193351746,0.32432040572166443,0.3364143371582031,25.36469841003418,24.92829132080078,24.590150833129883,24.621625900268555,8239.4619140625
