month,pfaf_id,Rainf_tavg,Qair_f_tavg,Qs_tavg,Evap_tavg,Tair_f_tavg,SoilMoist_inst_lvl_0,SoilMoist_inst_lvl_1,SoilMoist_inst_lvl_2,SoilMoist_inst_lvl_3,SoilTemp_inst_lvl_0,SoilTemp_inst_lvl_1,SoilTemp_inst_lvl_2,SoilTemp_inst_lvl_3,Streamflow_tavg
2,62227,6.107119560241699,16.79096221923828,0.034042902290821075,3.689744710922241,24.55394744873047,0.32376226782798767,0.3251979351043701,0.3288571834564209,0.3489077687263489,25.530092239379883,25.75349235534668,25.53917121887207,25.544713973999023,2437.29248046875
3,62227,6.112722396850586,16.994497299194336,0.03675961121916771,3.6301796436309814,24.78489875793457,0.3265531063079834,0.3288741111755371,0.33517566323280334,0.36150872707366943,25.662256240844727,25.830488204956055,25.466888427734375,25.349489212036133,2214.70751953125
4,62227,5.600167274475098,16.870954513549805,0.029201064258813858,3.4973256587982178,24.65158462524414,0.3257101774215698,0.3286729156970978,0.3367196321487427,0.3663638234138489,25.303693771362305,25.590560913085938,25.31398582458496,25.260879516601562,2517.827880859375
5,62227,2.7113704681396484,15.224944114685059,0.007911058142781258,3.1868722438812256,24.28504753112793,0.304551362991333,0.3111204206943512,0.3225417733192444,0.3518889546394348,24.468717575073242,24.985809326171875,24.848995208740234,24.978158950805664,2332.173828125
6,62227,1.039048433303833,12.349830627441406,0.0015624171355739236,2.791097640991211,24.214502334594727,0.2640322744846344,0.28258222341537476,0.29506975412368774,0.31851449608802795,23.901607513427734,24.45393943786621,24.18230438232422,24.4082088470459,1170.438720703125
7,62227,0.5167039632797241,10.343656539916992,0.00038385787047445774,2.4719810485839844,24.96347999572754,0.2169019728899002,0.2543308436870575,0.2669345438480377,0.2852323353290558,24.635343551635742,25.066659927368164,24.37859535217285,24.262313842773438,396.36334228515625
