month,pfaf_id,Rainf_tavg,Qair_f_tavg,Qs_tavg,Evap_tavg,Tair_f_tavg,SoilMoist_inst_lvl_0,SoilMoist_inst_lvl_1,SoilMoist_inst_lvl_2,SoilMoist_inst_lvl_3,SoilTemp_inst_lvl_0,SoilTemp_inst_lvl_1,SoilTemp_inst_lvl_2,SoilTemp_inst_lvl_3,Streamflow_tavg
2,62285,7.121274948120117,17.74560546875,0.08273386210203171,3.606069803237915,25.9298038482666,0.3447575867176056,0.3445478677749634,0.34322696924209595,0.34725406765937805,27.144481658935547,26.90554428100586,26.73120880126953,26.663637161254883,12724.65625
3,62285,7.229751110076904,17.76893424987793,0.12433081865310669,3.6107370853424072,25.992151260375977,0.35396474599838257,0.3565061688423157,0.3616144359111786,0.3776020407676697,27.27193832397461,26.917903900146484,26.62755012512207,26.520275115966797,12726.71875
4,62285,7.306899547576904,17.791114807128906,0.1501360833644867,3.5833213329315186,25.952661514282227,0.35812824964523315,0.36154648661613464,0.36946943402290344,0.39251044392585754,27.127376556396484,26.848051071166992,26.601394653320312,26.494115829467773,17062.302734375
5,62285,7.358395099639893,17.777379989624023,0.1535976529121399,3.476886749267578,25.8449764251709,0.3598443567752838,0.3635219931602478,0.3723839521408081,0.397624671459198,26.862783432006836,26.644542694091797,26.445789337158203,26.3947696685791,20919.37109375
6,62285,7.136214733123779,17.84962272644043,0.14189782738685608,3.3903250694274902,25.85942840576172,0.35988861322402954,0.3635754883289337,0.3727600872516632,0.3985806107521057,26.804506301879883,26.563467025756836,26.340869903564453,26.280561447143555,24387.033203125
7,62285,6.07120943069458,17.71761131286621,0.034172896295785904,3.4521689414978027,25.785799026489258,0.3562339246273041,0.35979247093200684,0.36865779757499695,0.3936077952384949,26.773611068725586,26.497051239013672,26.269866943359375,26.209829330444336,26294.84765625
