month,pfaf_id,Rainf_tavg,Qair_f_tavg,Qs_tavg,Evap_tavg,Tair_f_tavg,SoilMoist_inst_lvl_0,SoilMoist_inst_lvl_1,SoilMoist_inst_lvl_2,SoilMoist_inst_lvl_3,SoilTemp_inst_lvl_0,SoilTemp_inst_lvl_1,SoilTemp_inst_lvl_2,SoilTemp_inst_lvl_3,Streamflow_tavg
2,61564,2.68088436126709,13.284462928771973,0.020554982125759125,2.8768913745880127,24.184894561767578,0.271293044090271,0.32275086641311646,0.32684972882270813,0.33544716238975525,27.07379913330078,26.104135513305664,25.4255428314209,24.674087524414062,26.258060455322266
3,61564,3.4788856506347656,14.109508514404297,0.035687848925590515,3.3843860626220703,24.201860427856445,0.30331775546073914,0.322847843170166,0.32282739877700806,0.3275409936904907,26.526063919067383,25.539396286010742,25.01422882080078,24.6311092376709,5.864102840423584
4,61564,4.332849025726318,15.026158332824707,0.05190811678767204,3.527488946914673,23.70138931274414,0.3273507058620453,0.33013609051704407,0.3271745443344116,0.32882070541381836,25.49526023864746,24.835491180419922,24.52707862854004,24.314476013183594,12.36768913269043
5,61564,4.2438201904296875,15.08267593383789,0.05156107619404793,3.3787012100219727,23.289676666259766,0.3376862704753876,0.33658939599990845,0.3327473998069763,0.335743248462677,24.591047286987305,24.1033878326416,23.901124954223633,23.802488327026367,26.324127197265625
6,61564,4.0840959548950195,14.999147415161133,0.04448550194501877,3.301973581314087,23.149621963500977,0.3407299518585205,0.3373381793498993,0.3318309187889099,0.33988630771636963,24.296031951904297,23.721431732177734,23.46770668029785,23.3337345123291,37.623531341552734
7,61564,4.058633804321289,14.774923324584961,0.03566163778305054,3.235382556915283,22.960079193115234,0.34071987867355347,0.33604636788368225,0.32801008224487305,0.3412160277366638,24.133941650390625,23.521480560302734,23.223440170288086,23.037174224853516,43.997169494628906
