month,pfaf_id,Rainf_tavg,Qair_f_tavg,Qs_tavg,Evap_tavg,Tair_f_tavg,SoilMoist_inst_lvl_0,SoilMoist_inst_lvl_1,SoilMoist_inst_lvl_2,SoilMoist_inst_lvl_3,SoilTemp_inst_lvl_0,SoilTemp_inst_lvl_1,SoilTemp_inst_lvl_2,SoilTemp_inst_lvl_3,Streamflow_tavg
2,62100,7.346745491027832,17.58952522277832,0.17934741079807281,3.5475029945373535,25.578296661376953,0.3430793881416321,0.337588906288147,0.3266049325466156,0.29197239875793457,26.402803421020508,26.771495819091797,26.705440521240234,26.827184677124023,117629.890625
3,62100,7.160289764404297,17.874298095703125,0.2208172082901001,3.551942825317383,25.77878761291504,0.34986698627471924,0.3470415771007538,0.34380218386650085,0.3361029624938965,26.567638397216797,26.811687469482422,26.532026290893555,26.468276977539062,136648.828125
4,62100,7.051143169403076,18.044963836669922,0.2575998604297638,3.541437864303589,25.95729637145996,0.35518282651901245,0.35479670763015747,0.3568171560764313,0.3645256757736206,26.655502319335938,26.883983612060547,26.573532104492188,26.420440673828125,152317.90625
5,62100,6.994953632354736,18.093156814575195,0.14108742773532867,3.4830968379974365,25.95718002319336,0.35923850536346436,0.3600693941116333,0.3650614023208618,0.38136789202690125,26.55544662475586,26.807832717895508,26.536418914794922,26.404762268066406,160539.96875
6,62100,6.403200626373291,18.0418701171875,0.12323819100856781,3.416893243789673,25.85491943359375,0.3603779375553131,0.3625210225582123,0.3699277639389038,0.39129266142845154,26.425554275512695,26.661439895629883,26.423328399658203,26.33439826965332,155829.09375
7,62100,4.5883636474609375,17.604082107543945,0.04110253229737282,3.509430408477783,25.71951675415039,0.3515033423900604,0.3542575240135193,0.3619558811187744,0.38232526183128357,26.28904914855957,26.521657943725586,26.27984046936035,26.222925186157227,130558.296875
