month,pfaf_id,Rainf_tavg,Qair_f_tavg,Qs_tavg,Evap_tavg,Tair_f_tavg,SoilMoist_inst_lvl_0,SoilMoist_inst_lvl_1,SoilMoist_inst_lvl_2,SoilMoist_inst_lvl_3,SoilTemp_inst_lvl_0,SoilTemp_inst_lvl_1,SoilTemp_inst_lvl_2,SoilTemp_inst_lvl_3,Streamflow_tavg
1,67107,0.4558122456073761,12.454730033874512,0.0027368830051273108,0.639289140701294,20.374094009399414,0.16199257969856262,0.1772710084915161,0.1771884560585022,0.2194300889968872,23.88484764099121,22.394920349121094,21.31107521057129,20.259742736816406,7.430003643035889
2,67107,0.658652126789093,13.011584281921387,0.0019514847081154585,0.6157563924789429,20.862995147705078,0.17586980760097504,0.17767566442489624,0.1728251874446869,0.21832561492919922,24.207565307617188,22.862123489379883,21.73235321044922,20.523693084716797,18.38406753540039
3,67107,0.5835435390472412,12.790705680847168,0.0019478501053526998,0.5030248165130615,20.624568939208984,0.17961348593235016,0.18013888597488403,0.1737918108701706,0.2187643200159073,23.866886138916016,22.700990676879883,21.757980346679688,20.67084312438965,52.77977752685547
4,67107,0.28656190633773804,11.698433876037598,0.0006456130067817867,0.36121314764022827,19.51948356628418,0.17389504611492157,0.1781204640865326,0.17419587075710297,0.21940357983112335,22.455137252807617,21.56316566467285,20.998546600341797,20.343191146850586,52.66765594482422
5,67107,0.11765683442354202,10.341525077819824,0.00011257788719376549,0.22628934681415558,18.148771286010742,0.16399678587913513,0.17389309406280518,0.17278990149497986,0.21874898672103882,20.723669052124023,19.9190616607666,19.67257308959961,19.45993995666504,29.29343032836914
12,67107,0.30648180842399597,11.640677452087402,0.00625048391520977,0.6260958909988403,19.549095153808594,0.1483592838048935,0.18575114011764526,0.18632516264915466,0.22146253287792206,23.227270126342773,21.925140380859375,21.107664108276367,20.239784240722656,24.86600685119629
