month,pfaf_id,Rainf_tavg,Qair_f_tavg,Qs_tavg,Evap_tavg,Tair_f_tavg,SoilMoist_inst_lvl_0,SoilMoist_inst_lvl_1,SoilMoist_inst_lvl_2,SoilMoist_inst_lvl_3,SoilTemp_inst_lvl_0,SoilTemp_inst_lvl_1,SoilTemp_inst_lvl_2,SoilTemp_inst_lvl_3,Streamflow_tavg
1,61594,6.6099443435668945,17.28711700439453,0.01899166963994503,3.3774383068084717,24.6350040435791,0.3370891511440277,0.3395371735095978,0.3448423743247986,0.3653176724910736,25.963464736938477,25.4773006439209,25.204425811767578,25.119277954101562,2131.350341796875
2,61594,6.861728191375732,17.423368453979492,0.016520684584975243,3.4833874702453613,24.907350540161133,0.3379356861114502,0.33985310792922974,0.3449659049510956,0.36530980467796326,26.151933670043945,25.65024757385254,25.256460189819336,25.046613693237305,2004.82421875
3,61594,7.136503219604492,17.504474639892578,0.017169451341032982,3.455193042755127,25.012256622314453,0.33869844675064087,0.3406740427017212,0.34614983201026917,0.3670157194137573,26.22885513305664,25.789453506469727,25.397924423217773,25.152219772338867,2049.581298828125
4,61594,7.614228248596191,17.428775787353516,0.02060314454138279,3.3524532318115234,24.706817626953125,0.33990514278411865,0.3421373665332794,0.3478763997554779,0.3695826828479767,26.00999641418457,25.63112449645996,25.338260650634766,25.17587661743164,2273.333251953125
5,61594,7.740543365478516,17.400680541992188,0.0214577317237854,3.240352153778076,24.529356002807617,0.34048864245414734,0.34273451566696167,0.3486713469028473,0.3709248900413513,25.909263610839844,25.482927322387695,25.195667266845703,25.068002700805664,2550.279541015625
12,61594,7.014819622039795,17.354249954223633,0.019872577860951424,3.2981033325195312,24.539342880249023,0.33789604902267456,0.3398984670639038,0.34459641575813293,0.36413267254829407,26.01535987854004,25.611392974853516,25.47743797302246,25.48663330078125,2297.796875
