month,pfaf_id,Rainf_tavg,Qair_f_tavg,Qs_tavg,Evap_tavg,Tair_f_tavg,SoilMoist_inst_lvl_0,SoilMoist_inst_lvl_1,SoilMoist_inst_lvl_2,SoilMoist_inst_lvl_3,SoilTemp_inst_lvl_0,SoilTemp_inst_lvl_1,SoilTemp_inst_lvl_2,SoilTemp_inst_lvl_3,Streamflow_tavg
4,62238,7.462625026702881,17.212753295898438,0.2832554578781128,3.4197726249694824,25.469280242919922,0.3975656032562256,0.39558252692222595,0.3916294276714325,0.3784729838371277,26.004831314086914,25.737674713134766,25.34612274169922,25.068161010742188,189937.15625
5,62238,6.804690837860107,17.559240341186523,0.1940806806087494,3.359300374984741,25.702392578125,0.40236204862594604,0.4023875892162323,0.4035220146179199,0.40684622526168823,26.16989517211914,25.908395767211914,25.550214767456055,25.259376525878906,170731.078125
6,62238,5.059475898742676,17.38315200805664,0.07278186082839966,3.2720046043395996,25.579574584960938,0.4006282389163971,0.40211254358291626,0.4064483344554901,0.41832035779953003,25.960693359375,25.78531837463379,25.54998207092285,25.356592178344727,146691.734375
7,62238,3.580080270767212,16.792234420776367,0.038664206862449646,3.2659566402435303,25.488935470581055,0.39258190989494324,0.39439016580581665,0.39874592423439026,0.4100610017776489,25.609968185424805,25.489351272583008,25.32137680053711,25.25290870666504,117475.484375
8,62238,2.8481383323669434,16.77735710144043,0.020411446690559387,3.5269737243652344,26.21729278564453,0.38153576850891113,0.3830476701259613,0.3858345150947571,0.3935377895832062,26.12203598022461,25.870304107666016,25.447471618652344,25.195581436157227,92238.609375
9,62238,2.887904167175293,16.808176040649414,0.02652815915644169,3.8478381633758545,27.21402931213379,0.3692373037338257,0.3698329031467438,0.3699930012226105,0.3730792999267578,26.936830520629883,26.611480712890625,26.005945205688477,25.512351989746094,73135.4140625
