month,pfaf_id,Rainf_tavg,Qair_f_tavg,Qs_tavg,Evap_tavg,Tair_f_tavg,SoilMoist_inst_lvl_0,SoilMoist_inst_lvl_1,SoilMoist_inst_lvl_2,SoilMoist_inst_lvl_3,SoilTemp_inst_lvl_0,SoilTemp_inst_lvl_1,SoilTemp_inst_lvl_2,SoilTemp_inst_lvl_3,Streamflow_tavg
2,62239,11.623981475830078,18.022947311401367,0.42506203055381775,1.3638709783554077,26.21772003173828,0.39949753880500793,0.38765206933021545,0.3899265229701996,0.40297985076904297,27.919937133789062,28.57790184020996,29.134811401367188,29.692289352416992,111544.828125
3,62239,12.014843940734863,18.39117431640625,0.3947318494319916,1.3213976621627808,26.25815773010254,0.408157080411911,0.397916704416275,0.40666231513023376,0.4361928403377533,27.72672462463379,27.992462158203125,27.89067268371582,28.04065704345703,128583.0859375
4,62239,12.982645988464355,18.505674362182617,0.5876134037971497,1.2529433965682983,26.431245803833008,0.41045546531677246,0.40077319741249084,0.41087913513183594,0.44359052181243896,27.738311767578125,27.919408798217773,27.632835388183594,27.524370193481445,137859.296875
5,62239,10.769177436828613,18.627506256103516,0.3856440484523773,1.223906397819519,26.433547973632812,0.407050222158432,0.3976157009601593,0.4076600968837738,0.4398464262485504,27.652841567993164,27.820037841796875,27.496191024780273,27.337663650512695,142040.859375
6,62239,5.573635101318359,18.573549270629883,0.062089402228593826,1.2707988023757935,26.316591262817383,0.3931684195995331,0.3862368166446686,0.3966299593448639,0.4261089563369751,27.524612426757812,27.71958351135254,27.376623153686523,27.219533920288086,136566.765625
7,62239,2.4062163829803467,17.914640426635742,0.010967843234539032,1.3149967193603516,26.14720916748047,0.3742358684539795,0.3709125518798828,0.3814363479614258,0.4061308801174164,27.31310272216797,27.552627563476562,27.19508171081543,27.085615158081055,116568.125
