month,pfaf_id,Rainf_tavg,Qair_f_tavg,Qs_tavg,Evap_tavg,Tair_f_tavg,SoilMoist_inst_lvl_0,SoilMoist_inst_lvl_1,SoilMoist_inst_lvl_2,SoilMoist_inst_lvl_3,SoilTemp_inst_lvl_0,SoilTemp_inst_lvl_1,SoilTemp_inst_lvl_2,SoilTemp_inst_lvl_3,Streamflow_tavg
1,62460,6.087299346923828,17.546756744384766,0.10479991883039474,3.812387228012085,25.806814193725586,0.39977118372917175,0.3986418843269348,0.39525383710861206,0.3877778947353363,26.514127731323242,26.647682189941406,26.740989685058594,27.095003128051758,1635.685791015625
2,62460,6.225011348724365,17.6838436126709,0.11662137508392334,3.7692534923553467,25.8869686126709,0.40692421793937683,0.4071449339389801,0.4082016348838806,0.4103592038154602,26.446191787719727,26.574974060058594,26.454254150390625,26.57028579711914,2690.62841796875
3,62460,6.096053123474121,17.798662185668945,0.14457695186138153,3.7139694690704346,25.912389755249023,0.41010797023773193,0.4110448360443115,0.41493523120880127,0.42409172654151917,26.328676223754883,26.578304290771484,26.368566513061523,26.37285041809082,2982.775146484375
4,62460,4.975259780883789,17.55766487121582,0.14023078978061676,3.7902324199676514,25.886404037475586,0.40559297800064087,0.40765079855918884,0.4138253629207611,0.4264377951622009,26.213424682617188,26.553565979003906,26.31963348388672,26.294309616088867,2875.092041015625
5,62460,2.2655811309814453,15.162163734436035,0.05490214005112648,3.5485029220581055,25.720245361328125,0.36553412675857544,0.3848155438899994,0.3951541781425476,0.40839463472366333,25.510608673095703,25.995441436767578,25.905902862548828,26.09449005126953,1868.9422607421875
12,62460,5.751299858093262,17.34793472290039,0.09122990816831589,3.8510758876800537,26.21306037902832,0.3801802098751068,0.3800200819969177,0.37166696786880493,0.36147716641426086,26.918869018554688,27.279741287231445,27.630626678466797,28.224889755249023,1735.7701416015625
