month,pfaf_id,Rainf_tavg,Qair_f_tavg,Qs_tavg,Evap_tavg,Tair_f_tavg,SoilMoist_inst_lvl_0,SoilMoist_inst_lvl_1,SoilMoist_inst_lvl_2,SoilMoist_inst_lvl_3,SoilTemp_inst_lvl_0,SoilTemp_inst_lvl_1,SoilTemp_inst_lvl_2,SoilTemp_inst_lvl_3,Streamflow_tavg
2,67108,3.7811927795410156,14.303125381469727,0.04997187852859497,2.466031551361084,24.15532684326172,0.24522440135478973,0.2367142289876938,0.21332168579101562,0.2655467092990875,27.2180118560791,25.652347564697266,24.51515007019043,23.47545623779297,66.34623718261719
3,67108,4.0987935066223145,14.350297927856445,0.1275131106376648,2.190826177597046,24.164569854736328,0.24791084229946136,0.24146541953086853,0.2246541678905487,0.27877703309059143,27.314594268798828,25.92153549194336,24.96707534790039,23.981081008911133,218.1803436279297
4,67108,1.494547724723816,13.152397155761719,0.012159883044660091,1.4911506175994873,23.361656188964844,0.2215995341539383,0.2311389148235321,0.22421029210090637,0.2812606394290924,27.16595458984375,25.84165382385254,25.024885177612305,24.194913864135742,165.31675720214844
5,67108,0.5120318531990051,11.687260627746582,0.0012290674494579434,0.9366816878318787,22.15835189819336,0.19256256520748138,0.21693669259548187,0.21476326882839203,0.2739284336566925,26.50273895263672,25.087221145629883,24.500198364257812,24.009822845458984,63.380470275878906
6,67108,0.29100626707077026,10.815600395202637,0.0002939934784080833,0.6847254037857056,21.304542541503906,0.17500987648963928,0.2075638622045517,0.20700226724147797,0.26652708649635315,26.0484561920166,24.39716148376465,23.85276985168457,23.538761138916016,22.669525146484375
7,67108,0.22570398449897766,10.250519752502441,0.00018078810535371304,0.5735171437263489,21.05755615234375,0.16388556361198425,0.20111317932605743,0.2011348307132721,0.26074984669685364,26.452590942382812,24.325645446777344,23.57447052001953,23.139610290527344,9.977460861206055
