month,pfaf_id,Rainf_tavg,Qair_f_tavg,Qs_tavg,Evap_tavg,Tair_f_tavg,SoilMoist_inst_lvl_0,SoilMoist_inst_lvl_1,SoilMoist_inst_lvl_2,SoilMoist_inst_lvl_3,SoilTemp_inst_lvl_0,SoilTemp_inst_lvl_1,SoilTemp_inst_lvl_2,SoilTemp_inst_lvl_3,Streamflow_tavg
4,62296,5.805477619171143,16.884418487548828,0.017490288242697716,3.5473580360412598,24.630359649658203,0.3626866042613983,0.36554497480392456,0.3730461299419403,0.3958791196346283,26.138225555419922,25.60466194152832,25.463237762451172,25.3576602935791,43703.3984375
5,62296,4.7599639892578125,16.476884841918945,0.01082574762403965,3.3483803272247314,24.388731002807617,0.3581676483154297,0.36102133989334106,0.3684844374656677,0.390198290348053,25.588735580444336,25.057809829711914,24.968557357788086,24.968210220336914,39108.08984375
6,62296,3.7399141788482666,15.95421028137207,0.00807484146207571,3.2026913166046143,24.194175720214844,0.35094842314720154,0.3534254729747772,0.35994476079940796,0.3784824013710022,25.08382225036621,24.55943489074707,24.484235763549805,24.53891372680664,31082.857421875
7,62296,2.993947744369507,15.02429485321045,0.005341412033885717,3.3467726707458496,24.290124893188477,0.340300977230072,0.34201857447624207,0.3469412922859192,0.36132296919822693,24.822885513305664,24.180273056030273,24.025712966918945,24.095006942749023,25130.625
8,62296,3.0252583026885986,15.018365859985352,0.005542166531085968,3.742877721786499,25.62234878540039,0.3292666971683502,0.3294142484664917,0.33113858103752136,0.3400542140007019,25.912660598754883,24.988983154296875,24.406471252441406,24.06931495666504,19647.21484375
9,62296,3.5966994762420654,15.637628555297852,0.007704824674874544,4.018298625946045,26.375911712646484,0.3243109881877899,0.32206645607948303,0.31859278678894043,0.3202015161514282,26.923311233520508,25.918331146240234,25.199384689331055,24.620437622070312,15027.6396484375
