month,pfaf_id,Rainf_tavg,Qair_f_tavg,Qs_tavg,Evap_tavg,Tair_f_tavg,SoilMoist_inst_lvl_0,SoilMoist_inst_lvl_1,SoilMoist_inst_lvl_2,SoilMoist_inst_lvl_3,SoilTemp_inst_lvl_0,SoilTemp_inst_lvl_1,SoilTemp_inst_lvl_2,SoilTemp_inst_lvl_3,Streamflow_tavg
1,67203,1.0946321487426758,14.392512321472168,0.0039032562635838985,1.3894836902618408,23.334775924682617,0.22234073281288147,0.23008418083190918,0.22924067080020905,0.2643750011920929,25.246631622314453,24.648340225219727,24.860998153686523,25.36167335510254,119.3794937133789
2,67203,1.496232032775879,14.896631240844727,0.008729184977710247,1.5379483699798584,23.72541618347168,0.24366874992847443,0.23073244094848633,0.22146187722682953,0.26142969727516174,25.127859115600586,24.492708206176758,24.4495906829834,24.648235321044922,183.29104614257812
3,67203,1.4034630060195923,14.875801086425781,0.009258558042347431,1.4016014337539673,23.765974044799805,0.24813741445541382,0.2343527227640152,0.2194601446390152,0.2604839503765106,25.14809799194336,24.45028305053711,24.291717529296875,24.348896026611328,304.5346984863281
4,67203,0.9739804863929749,14.198197364807129,0.0056456285528838634,1.1001684665679932,23.226459503173828,0.23452956974506378,0.23228701949119568,0.21817772090435028,0.2596835196018219,24.906328201293945,24.210336685180664,24.090415954589844,24.17091941833496,380.9303894042969
5,67203,0.49636733531951904,13.560603141784668,0.0012494833208620548,0.8174189329147339,22.931657791137695,0.21110334992408752,0.2251860797405243,0.21522685885429382,0.2576453387737274,24.761722564697266,24.040443420410156,23.893518447875977,23.972087860107422,302.58740234375
12,67203,0.756770133972168,14.175909042358398,0.0018100399756804109,1.1355267763137817,23.293001174926758,0.20097537338733673,0.2388329654932022,0.24187423288822174,0.26936396956443787,25.826641082763672,25.553882598876953,26.224624633789062,26.786039352416992,209.61294555664062
