month,pfaf_id,Rainf_tavg,Qair_f_tavg,Qs_tavg,Evap_tavg,Tair_f_tavg,SoilMoist_inst_lvl_0,SoilMoist_inst_lvl_1,SoilMoist_inst_lvl_2,SoilMoist_inst_lvl_3,SoilTemp_inst_lvl_0,SoilTemp_inst_lvl_1,SoilTemp_inst_lvl_2,SoilTemp_inst_lvl_3,Streamflow_tavg
2,62304,7.468045234680176,17.77352523803711,0.03797462210059166,3.8586857318878174,25.607011795043945,0.34269019961357117,0.343273401260376,0.34845560789108276,0.3677351176738739,26.505033493041992,26.71908950805664,26.49530792236328,26.461416244506836,101.50763702392578
3,62304,7.4252705574035645,18.08841323852539,0.037310417741537094,3.8205153942108154,25.84886932373047,0.34438785910606384,0.3459514081478119,0.35337725281715393,0.378094345331192,26.712717056274414,26.848798751831055,26.52255630493164,26.40262222290039,198.08914184570312
4,62304,7.501780033111572,18.2725772857666,0.04013385996222496,3.7448482513427734,25.926176071166992,0.34675559401512146,0.3487771153450012,0.35741081833839417,0.3851297199726105,26.747539520263672,26.907928466796875,26.614286422729492,26.474241256713867,244.883544921875
5,62304,7.55942964553833,18.329349517822266,0.03536151349544525,3.6305325031280518,25.87623405456543,0.3475415110588074,0.3497166335582733,0.35876789689064026,0.3872925043106079,26.624462127685547,26.81512451171875,26.568918228149414,26.477968215942383,272.1793518066406
6,62304,5.8107686042785645,18.18098258972168,0.014640627428889275,3.5404393672943115,25.807580947875977,0.3412361741065979,0.3439941108226776,0.35350891947746277,0.38089898228645325,26.536067962646484,26.734804153442383,26.496822357177734,26.428117752075195,276.03912353515625
7,62304,3.5664939880371094,17.668792724609375,0.0068182251416146755,3.6628217697143555,25.664276123046875,0.3259715735912323,0.32898393273353577,0.3373568058013916,0.35903453826904297,26.2939510345459,26.516969680786133,26.321134567260742,26.320064544677734,186.3685760498047
