month,pfaf_id,Rainf_tavg,Qair_f_tavg,Qs_tavg,Evap_tavg,Tair_f_tavg,SoilMoist_inst_lvl_0,SoilMoist_inst_lvl_1,SoilMoist_inst_lvl_2,SoilMoist_inst_lvl_3,SoilTemp_inst_lvl_0,SoilTemp_inst_lvl_1,SoilTemp_inst_lvl_2,SoilTemp_inst_lvl_3,Streamflow_tavg
1,62286,6.549051761627197,17.247190475463867,0.07954157888889313,3.6180531978607178,25.557327270507812,0.35550209879875183,0.35679060220718384,0.35858410596847534,0.36519965529441833,26.752824783325195,26.3658390045166,26.12091064453125,26.092205047607422,649.2306518554688
2,62286,6.68368673324585,17.316421508789062,0.08856458961963654,3.678439140319824,25.686620712280273,0.3589698076248169,0.3613184988498688,0.36587318778038025,0.37999650835990906,26.813823699951172,26.456457138061523,26.148366928100586,26.036983489990234,925.7716064453125
3,62286,6.961050987243652,17.33494758605957,0.08942002803087234,3.682990789413452,25.766361236572266,0.36146771907806396,0.36432385444641113,0.37032169103622437,0.38838323950767517,26.737716674804688,26.4849910736084,26.19681739807129,26.072023391723633,1158.1376953125
4,62286,7.242908000946045,17.28604507446289,0.08549418300390244,3.611513137817383,25.592012405395508,0.3637682795524597,0.3668093681335449,0.37377357482910156,0.39451125264167786,26.56496810913086,26.347211837768555,26.11559295654297,26.047258377075195,1397.265380859375
5,62286,7.149819374084473,17.279457092285156,0.0655091404914856,3.5809848308563232,25.492643356323242,0.36465591192245483,0.36774489283561707,0.3752041161060333,0.39738568663597107,26.479822158813477,26.211437225341797,25.995325088500977,25.958717346191406,1558.577392578125
12,62286,6.729803562164307,17.225534439086914,0.07243259996175766,3.569032669067383,25.51089096069336,0.3475397825241089,0.34620198607444763,0.341027170419693,0.3376116454601288,26.678081512451172,26.39508628845215,26.308170318603516,26.394207000732422,704.7659301757812
