month,pfaf_id,Rainf_tavg,Qair_f_tavg,Qs_tavg,Evap_tavg,Tair_f_tavg,SoilMoist_inst_lvl_0,SoilMoist_inst_lvl_1,SoilMoist_inst_lvl_2,SoilMoist_inst_lvl_3,SoilTemp_inst_lvl_0,SoilTemp_inst_lvl_1,SoilTemp_inst_lvl_2,SoilTemp_inst_lvl_3,Streamflow_tavg
1,62304,5.928451061248779,17.58770179748535,0.02311263233423233,3.6483943462371826,25.924524307250977,0.31560608744621277,0.3117695748806,0.3042840361595154,0.29632556438446045,26.546382904052734,26.74302101135254,26.522167205810547,26.517818450927734,41.70660400390625
2,62304,6.259727478027344,17.788272857666016,0.023410070687532425,3.735030174255371,25.890621185302734,0.3258715569972992,0.3237287402153015,0.32132646441459656,0.3227521777153015,26.65155029296875,26.853666305541992,26.539033889770508,26.432538986206055,73.14308166503906
3,62304,7.079541206359863,18.12696647644043,0.0290535818785429,3.735327959060669,25.956253051757812,0.33565327525138855,0.33505597710609436,0.336711049079895,0.3462578356266022,26.72043800354004,26.936399459838867,26.619848251342773,26.478429794311523,109.62920379638672
4,62304,7.481106758117676,18.27643585205078,0.03472111374139786,3.7281570434570312,25.96358871459961,0.34226322174072266,0.34334203600883484,0.3489760160446167,0.36817777156829834,26.805843353271484,27.009645462036133,26.68566131591797,26.53586769104004,177.33811950683594
5,62304,7.4554219245910645,18.216394424438477,0.03850657865405083,3.696620225906372,25.8195858001709,0.34517672657966614,0.34723374247550964,0.35543689131736755,0.3809744119644165,26.70040512084961,26.902462005615234,26.642024993896484,26.546649932861328,235.8900146484375
12,62304,4.734689712524414,17.14908218383789,0.013669554144144058,3.733661413192749,26.468162536621094,0.2988855838775635,0.2936913073062897,0.2855529189109802,0.2747015058994293,26.718706130981445,26.957216262817383,26.77924156188965,26.780885696411133,40.58586502075195
