month,pfaf_id,Rainf_tavg,Qair_f_tavg,Qs_tavg,Evap_tavg,Tair_f_tavg,SoilMoist_inst_lvl_0,SoilMoist_inst_lvl_1,SoilMoist_inst_lvl_2,SoilMoist_inst_lvl_3,SoilTemp_inst_lvl_0,SoilTemp_inst_lvl_1,SoilTemp_inst_lvl_2,SoilTemp_inst_lvl_3,Streamflow_tavg
1,62225,7.0189409255981445,16.637849807739258,0.0667240098118782,3.697114944458008,24.765512466430664,0.3467981517314911,0.3464290499687195,0.3432025611400604,0.33701738715171814,25.486343383789062,25.512271881103516,25.338525772094727,25.402647018432617,2680.902587890625
2,62225,7.242002964019775,16.798011779785156,0.0739947110414505,3.7829692363739014,24.80733871459961,0.3535080552101135,0.35435810685157776,0.3570030629634857,0.370337575674057,25.59038734436035,25.616544723510742,25.30937957763672,25.23019027709961,4225.6103515625
3,62225,7.310506343841553,16.95570945739746,0.06620342284440994,3.7805869579315186,24.843006134033203,0.357440710067749,0.3587000072002411,0.3643617331981659,0.38734444975852966,25.55954360961914,25.675800323486328,25.360347747802734,25.24318504333496,6110.66748046875
4,62225,6.769594669342041,17.01894187927246,0.051453325897455215,3.718096971511841,24.83574676513672,0.35716167092323303,0.3589984178543091,0.3660905957221985,0.3929978609085083,25.46388053894043,25.6295223236084,25.33392906188965,25.24102020263672,7291.76611328125
5,62225,4.4429497718811035,16.343488693237305,0.06252790987491608,3.3202507495880127,24.486173629760742,0.34566056728363037,0.349257230758667,0.35801586508750916,0.3845013678073883,25.108596801757812,25.29742431640625,25.10713768005371,25.13664436340332,7127.90869140625
12,62225,6.413872241973877,16.329620361328125,0.045983634889125824,3.7129385471343994,25.058725357055664,0.33428800106048584,0.33174100518226624,0.3205811083316803,0.28902679681777954,25.652931213378906,25.8066349029541,25.79274559020996,25.97991943359375,2195.724853515625
