month,pfaf_id,Rainf_tavg,Qair_f_tavg,Qs_tavg,Evap_tavg,Tair_f_tavg,SoilMoist_inst_lvl_0,SoilMoist_inst_lvl_1,SoilMoist_inst_lvl_2,SoilMoist_inst_lvl_3,SoilTemp_inst_lvl_0,SoilTemp_inst_lvl_1,SoilTemp_inst_lvl_2,SoilTemp_inst_lvl_3,Streamflow_tavg
2,64281,6.7694902420043945,16.710391998291016,0.10346794873476028,3.6961565017700195,24.100622177124023,0.34324467182159424,0.3426244854927063,0.3447900116443634,0.3640984296798706,24.78600311279297,25.139423370361328,24.69717788696289,24.463918685913086,2839.482666015625
3,64281,6.0895280838012695,16.685016632080078,0.11156897246837616,3.553510904312134,24.048620223999023,0.3473985493183136,0.3485476076602936,0.35525935888290405,0.37695741653442383,24.623228073120117,25.04236602783203,24.552513122558594,24.26557159423828,3321.031982421875
4,64281,3.745546340942383,15.036614418029785,0.06732814759016037,3.1754562854766846,23.161312103271484,0.33127841353416443,0.33725279569625854,0.3477623462677002,0.37061044573783875,23.430116653442383,24.249839782714844,24.011009216308594,23.994802474975586,3255.71044921875
5,64281,1.5252156257629395,12.1083984375,0.011556824669241905,2.5124714374542236,21.89037322998047,0.2925778329372406,0.31407663226127625,0.3288162052631378,0.3500789999961853,21.708791732788086,22.97493553161621,22.92401695251465,23.217927932739258,1681.8345947265625
6,64281,1.0866514444351196,10.021754264831543,0.005486408714205027,1.7161129713058472,20.609779357910156,0.24952106177806854,0.2997097969055176,0.3138347268104553,0.332055926322937,20.58788299560547,21.983272552490234,21.729692459106445,22.122608184814453,645.9403686523438
7,64281,0.8023613691329956,9.468912124633789,0.002076340839266777,1.3433185815811157,21.499876022338867,0.22116608917713165,0.2928920388221741,0.3053068518638611,0.3211189806461334,21.761728286743164,22.976877212524414,22.056825637817383,21.833728790283203,302.96905517578125
