month,pfaf_id,Rainf_tavg,Qair_f_tavg,Qs_tavg,Evap_tavg,Tair_f_tavg,SoilMoist_inst_lvl_0,SoilMoist_inst_lvl_1,SoilMoist_inst_lvl_2,SoilMoist_inst_lvl_3,SoilTemp_inst_lvl_0,SoilTemp_inst_lvl_1,SoilTemp_inst_lvl_2,SoilTemp_inst_lvl_3,Streamflow_tavg
1,62227,6.0092573165893555,16.638004302978516,0.027004094794392586,3.6862661838531494,24.721193313598633,0.3174336850643158,0.3161779046058655,0.310172975063324,0.2948625981807709,25.39824104309082,25.51738739013672,25.345115661621094,25.448204040527344,936.7828979492188
2,62227,6.1006646156311035,16.79347801208496,0.02867147885262966,3.7913670539855957,24.816356658935547,0.3212239146232605,0.32117000222206116,0.32026398181915283,0.3229138255119324,25.64875030517578,25.787630081176758,25.376924514770508,25.23602867126465,1272.424072265625
3,62227,6.111468315124512,16.946060180664062,0.03417197987437248,3.781245231628418,24.840002059936523,0.32430198788642883,0.32483935356140137,0.3276078402996063,0.3430258631706238,25.637001037597656,25.90365982055664,25.490781784057617,25.311237335205078,1677.950927734375
4,62227,5.2426323890686035,16.774436950683594,0.03475010767579079,3.5938875675201416,24.730756759643555,0.322318971157074,0.32443636655807495,0.33082112669944763,0.35472372174263,25.395069122314453,25.752660751342773,25.41913414001465,25.3133487701416,2102.385009765625
5,62227,2.5541112422943115,14.75205135345459,0.019243117421865463,3.239210367202759,24.365947723388672,0.29870641231536865,0.30564382672309875,0.3160533607006073,0.34176647663116455,24.65960121154785,25.126428604125977,24.92991065979004,25.048242568969727,1960.9508056640625
12,62227,5.694883346557617,16.299348831176758,0.022146109491586685,3.7081780433654785,24.985403060913086,0.307235449552536,0.3047965168952942,0.29314666986465454,0.26392340660095215,25.682172775268555,26.001670837402344,26.04689598083496,26.29523277282715,953.0150756835938
