month,pfaf_id,Rainf_tavg,Qair_f_tavg,Qs_tavg,Evap_tavg,Tair_f_tavg,SoilMoist_inst_lvl_0,SoilMoist_inst_lvl_1,SoilMoist_inst_lvl_2,SoilMoist_inst_lvl_3,SoilTemp_inst_lvl_0,SoilTemp_inst_lvl_1,SoilTemp_inst_lvl_2,SoilTemp_inst_lvl_3,Streamflow_tavg
1,67106,1.0955231189727783,8.68836498260498,0.001973789418116212,1.1386476755142212,14.26775074005127,0.17398536205291748,0.18525396287441254,0.18328025937080383,0.21417608857154846,19.752975463867188,18.3662166595459,16.405427932739258,14.312895774841309,2.2350821495056152
2,67106,1.5197025537490845,9.476140022277832,0.00388308335095644,1.2540292739868164,14.345067977905273,0.18946130573749542,0.1909395158290863,0.18389448523521423,0.21437221765518188,19.689279556274414,18.46243667602539,16.6968936920166,14.709665298461914,3.2900197505950928
3,67106,1.4187016487121582,9.381729125976562,0.004410339519381523,1.1530321836471558,14.240367889404297,0.1942676156759262,0.19518756866455078,0.18884164094924927,0.21816067397594452,18.90962791442871,18.146160125732422,16.56572914123535,14.774843215942383,7.569287300109863
4,67106,0.9760095477104187,8.24356460571289,0.002869714517146349,0.956993579864502,14.020276069641113,0.1862887144088745,0.19327399134635925,0.19119994342327118,0.2211986631155014,18.486114501953125,17.567602157592773,16.09929656982422,14.525134086608887,11.121455192565918
5,67106,0.4113074541091919,6.494170188903809,0.0005746606620959938,0.6506595015525818,13.430700302124023,0.16942784190177917,0.18590611219406128,0.1893157660961151,0.22064712643623352,17.39719009399414,16.46224594116211,15.218661308288574,13.970848083496094,8.830363273620605
12,67106,0.6909480094909668,7.569015979766846,0.0014377000043168664,0.9754142165184021,13.927388191223145,0.15810057520866394,0.18687687814235687,0.18965251743793488,0.21637234091758728,19.639841079711914,17.841882705688477,15.712959289550781,13.588469505310059,6.069549560546875
