month,pfaf_id,Rainf_tavg,Qair_f_tavg,Qs_tavg,Evap_tavg,Tair_f_tavg,SoilMoist_inst_lvl_0,SoilMoist_inst_lvl_1,SoilMoist_inst_lvl_2,SoilMoist_inst_lvl_3,SoilTemp_inst_lvl_0,SoilTemp_inst_lvl_1,SoilTemp_inst_lvl_2,SoilTemp_inst_lvl_3,Streamflow_tavg
4,62299,3.805288553237915,11.339139938354492,0.04781531170010567,2.9148857593536377,15.053709030151367,0.3328965902328491,0.3352939188480377,0.34116673469543457,0.3564455211162567,17.70393180847168,17.344955444335938,17.448923110961914,17.598480224609375,10398.03125
5,62299,2.8569226264953613,10.797381401062012,0.034898459911346436,2.6213698387145996,14.83896255493164,0.32075440883636475,0.3253629505634308,0.33258119225502014,0.34813886880874634,17.120540618896484,16.579545974731445,16.398035049438477,16.50102424621582,8070.00341796875
6,62299,2.3906490802764893,10.320412635803223,0.025150315836071968,2.4087576866149902,14.608282089233398,0.30808761715888977,0.31420081853866577,0.3213917911052704,0.3356027603149414,16.823949813842773,16.228422164916992,15.861855506896973,15.816636085510254,5192.97314453125
7,62299,2.1481146812438965,9.816970825195312,0.018501630052924156,2.425112009048462,14.515154838562012,0.2983591854572296,0.30450236797332764,0.31027236580848694,0.3220250904560089,16.88991355895996,16.129682540893555,15.58952522277832,15.431684494018555,4026.206787109375
8,62299,2.390181303024292,10.096551895141602,0.011027873493731022,2.602647066116333,15.226080894470215,0.2921660840511322,0.2970430552959442,0.3002059757709503,0.3087589144706726,17.95256805419922,16.903640747070312,15.996533393859863,15.491039276123047,2923.968994140625
9,62299,2.8827598094940186,10.55978012084961,0.015949061140418053,2.8508925437927246,15.864598274230957,0.292005330324173,0.29387715458869934,0.29308658838272095,0.29815879464149475,18.998369216918945,17.775386810302734,16.74327278137207,16.02130699157715,2206.695556640625
