month,pfaf_id,Rainf_tavg,Qair_f_tavg,Qs_tavg,Evap_tavg,Tair_f_tavg,SoilMoist_inst_lvl_0,SoilMoist_inst_lvl_1,SoilMoist_inst_lvl_2,SoilMoist_inst_lvl_3,SoilTemp_inst_lvl_0,SoilTemp_inst_lvl_1,SoilTemp_inst_lvl_2,SoilTemp_inst_lvl_3,Streamflow_tavg
2,61629,4.224506855010986,16.00874137878418,0.014502215199172497,3.385646104812622,25.012361526489258,0.30739444494247437,0.2981264293193817,0.27363821864128113,0.22763629257678986,25.7387752532959,25.562101364135742,25.18317985534668,25.025426864624023,400.6717224121094
3,61629,5.260190010070801,16.600688934326172,0.02747158892452717,3.3785808086395264,24.77533721923828,0.3249428868293762,0.31824585795402527,0.29769644141197205,0.24737665057182312,25.858739852905273,25.65813446044922,25.28848648071289,25.124164581298828,115.00252532958984
4,61629,5.960874557495117,16.88922691345215,0.04351573437452316,3.4123177528381348,24.72441291809082,0.3384905159473419,0.3342747390270233,0.3212445378303528,0.2888413965702057,25.844636917114258,25.68727684020996,25.360776901245117,25.209278106689453,43.38833236694336
5,61629,6.359130859375,16.992576599121094,0.05898907780647278,3.367098569869995,24.711315155029297,0.3481901288032532,0.347514271736145,0.34340187907218933,0.33512648940086365,25.668376922607422,25.56125259399414,25.288755416870117,25.184463500976562,158.8660888671875
6,61629,6.287790775299072,17.047147750854492,0.05932264402508736,3.3202877044677734,24.78763771057129,0.3538980484008789,0.35540103912353516,0.35784614086151123,0.3689831495285034,25.663145065307617,25.54759407043457,25.25356101989746,25.133678436279297,441.7747497558594
7,61629,5.9227375984191895,16.94025421142578,0.050286468118429184,3.4549806118011475,24.750333786010742,0.3557663857936859,0.35747572779655457,0.3626354932785034,0.3822062611579895,25.727323532104492,25.580411911010742,25.2613525390625,25.126924514770508,748.9383544921875
