month,pfaf_id,Rainf_tavg,Qair_f_tavg,Qs_tavg,Evap_tavg,Tair_f_tavg,SoilMoist_inst_lvl_0,SoilMoist_inst_lvl_1,SoilMoist_inst_lvl_2,SoilMoist_inst_lvl_3,SoilTemp_inst_lvl_0,SoilTemp_inst_lvl_1,SoilTemp_inst_lvl_2,SoilTemp_inst_lvl_3,Streamflow_tavg
2,64283,5.95746374130249,17.09575653076172,0.13701443374156952,3.893051862716675,24.713851928710938,0.3734005093574524,0.374301016330719,0.3741985261440277,0.39280951023101807,25.672382354736328,26.018978118896484,25.894113540649414,25.91741371154785,930.5633544921875
3,64283,5.203120231628418,17.03697395324707,0.12775978446006775,3.815676212310791,24.757549285888672,0.3810022473335266,0.3820263743400574,0.3865191638469696,0.4003984034061432,25.436635971069336,25.778743743896484,25.4737548828125,25.394866943359375,1192.041259765625
4,64283,3.2552433013916016,15.2611665725708,0.06821823120117188,3.4719676971435547,24.024703979492188,0.36192119121551514,0.37170714139938354,0.3809547424316406,0.39555609226226807,24.342693328857422,25.061033248901367,24.942663192749023,25.02414321899414,1172.8487548828125
5,64283,1.431952953338623,12.055659294128418,0.012883929535746574,2.4928412437438965,23.111679077148438,0.29970648884773254,0.3517467975616455,0.36345091462135315,0.3776087164878845,23.064777374267578,24.216772079467773,24.108877182006836,24.35771369934082,537.5648803710938
6,64283,0.9962690472602844,9.82785415649414,0.005821833852678537,1.4020206928253174,21.914934158325195,0.242839053273201,0.34586772322654724,0.3538963794708252,0.3645772933959961,22.4620418548584,23.71986198425293,23.388751983642578,23.636627197265625,169.9083709716797
7,64283,0.7353626489639282,9.164085388183594,0.0025970679707825184,0.9767459630966187,22.924413681030273,0.2171703279018402,0.3446364998817444,0.35038822889328003,0.358681321144104,23.69417953491211,24.73370933532715,23.832311630249023,23.532936096191406,72.95551300048828
