month,pfaf_id,Rainf_tavg,Qair_f_tavg,Qs_tavg,Evap_tavg,Tair_f_tavg,SoilMoist_inst_lvl_0,SoilMoist_inst_lvl_1,SoilMoist_inst_lvl_2,SoilMoist_inst_lvl_3,SoilTemp_inst_lvl_0,SoilTemp_inst_lvl_1,SoilTemp_inst_lvl_2,SoilTemp_inst_lvl_3,Streamflow_tavg
1,61640,5.467236518859863,16.563879013061523,0.057683590799570084,3.3662638664245605,24.545101165771484,0.3581690490245819,0.35400110483169556,0.34063079953193665,0.3137229382991791,25.36081886291504,25.20218276977539,25.062868118286133,25.129100799560547,360.8506774902344
2,61640,5.558535099029541,16.65831756591797,0.06201580539345741,3.5063583850860596,24.62937355041504,0.36399033665657043,0.36127039790153503,0.35409316420555115,0.3395184278488159,25.549701690673828,25.356388092041016,25.06069564819336,24.965774536132812,535.5164794921875
3,61640,5.89829683303833,16.83325958251953,0.0778215304017067,3.503666400909424,24.684255599975586,0.3692733645439148,0.368438720703125,0.36541274189949036,0.3603150546550751,25.65205955505371,25.508930206298828,25.183441162109375,25.02431297302246,777.3948974609375
4,61640,6.575604438781738,17.010128021240234,0.09729613363742828,3.4360997676849365,24.674518585205078,0.37663373351097107,0.3771926760673523,0.37821683287620544,0.38306453824043274,25.6558780670166,25.52907371520996,25.234189987182617,25.08799171447754,1195.1929931640625
5,61640,6.796034812927246,17.063196182250977,0.10149843990802765,3.476604461669922,24.675796508789062,0.38118982315063477,0.3825979232788086,0.3867664337158203,0.40103229880332947,25.665035247802734,25.494810104370117,25.21673011779785,25.095861434936523,1754.5943603515625
12,61640,5.730329990386963,16.570714950561523,0.04813302308320999,3.4225754737854004,24.869773864746094,0.3435393273830414,0.3329405188560486,0.31097477674484253,0.28213396668434143,25.554594039916992,25.512706756591797,25.51680564880371,25.644161224365234,758.3823852539062
