month,pfaf_id,Rainf_tavg,Qair_f_tavg,Qs_tavg,Evap_tavg,Tair_f_tavg,SoilMoist_inst_lvl_0,SoilMoist_inst_lvl_1,SoilMoist_inst_lvl_2,SoilMoist_inst_lvl_3,SoilTemp_inst_lvl_0,SoilTemp_inst_lvl_1,SoilTemp_inst_lvl_2,SoilTemp_inst_lvl_3,Streamflow_tavg
1,61596,5.543211460113525,17.02324867248535,0.03472474217414856,3.2416210174560547,24.465473175048828,0.3663851320743561,0.3700411915779114,0.37711307406425476,0.39893582463264465,25.83616828918457,25.2053279876709,24.996179580688477,24.952537536621094,275.92279052734375
2,61596,6.086182594299316,17.318933486938477,0.029325852170586586,3.422914743423462,24.7885684967041,0.36804819107055664,0.37098294496536255,0.3774576783180237,0.39885208010673523,26.012821197509766,25.38250732421875,25.029863357543945,24.841524124145508,261.96319580078125
3,61596,6.589401721954346,17.468589782714844,0.02728324756026268,3.427995443344116,25.032917022705078,0.37073469161987305,0.37336301803588867,0.38033995032310486,0.4031590521335602,26.142202377319336,25.589902877807617,25.211688995361328,24.9456787109375,296.4076232910156
4,61596,7.245644569396973,17.48283576965332,0.02932986430823803,3.333615303039551,24.780376434326172,0.37349453568458557,0.37625887989997864,0.38364386558532715,0.4079345762729645,25.94634437561035,25.47014808654785,25.202594757080078,25.01551628112793,367.80023193359375
5,61596,7.381608963012695,17.451154708862305,0.03164896368980408,3.2353413105010986,24.562158584594727,0.37461185455322266,0.377514511346817,0.3852231204509735,0.4106181263923645,25.819303512573242,25.308521270751953,25.06945037841797,24.939849853515625,430.61517333984375
12,61596,6.260744571685791,17.23520851135254,0.03386832773685455,3.2120237350463867,24.433387756347656,0.3680419325828552,0.3708333969116211,0.3768908381462097,0.3971917927265167,25.993694305419922,25.408620834350586,25.303152084350586,25.295969009399414,290.22467041015625
