month,pfaf_id,Rainf_tavg,Qair_f_tavg,Qs_tavg,Evap_tavg,Tair_f_tavg,SoilMoist_inst_lvl_0,SoilMoist_inst_lvl_1,SoilMoist_inst_lvl_2,SoilMoist_inst_lvl_3,SoilTemp_inst_lvl_0,SoilTemp_inst_lvl_1,SoilTemp_inst_lvl_2,SoilTemp_inst_lvl_3,Streamflow_tavg
1,62266,5.118881702423096,13.168079376220703,0.13504362106323242,3.169978141784668,18.228458404541016,0.3109082281589508,0.30935153365135193,0.3029555082321167,0.2934371531009674,20.15253257751465,19.76218032836914,19.776874542236328,20.157146453857422,3133.012939453125
2,62266,5.1701250076293945,13.175724983215332,0.11910048872232437,3.164168119430542,18.142654418945312,0.31427592039108276,0.31363645195961,0.3107723593711853,0.3099288046360016,19.98712921142578,19.581375122070312,19.405038833618164,19.554956436157227,4260.85888671875
3,62266,4.840578079223633,13.169062614440918,0.07758353650569916,3.135850429534912,18.158573150634766,0.3144562840461731,0.314447820186615,0.3139428198337555,0.31954672932624817,19.95260238647461,19.56749725341797,19.284122467041016,19.329919815063477,5332.7373046875
4,62266,4.017845630645752,12.754538536071777,0.04977602884173393,2.944875717163086,17.90342903137207,0.3108666241168976,0.3113892674446106,0.3124074935913086,0.32157692313194275,19.412765502929688,19.128440856933594,18.974294662475586,19.130374908447266,5542.3115234375
5,62266,3.0653510093688965,11.808772087097168,0.033841606229543686,2.7418746948242188,17.345882415771484,0.30261197686195374,0.3033006489276886,0.30469009280204773,0.3140314519405365,18.570785522460938,18.324094772338867,18.305789947509766,18.658363342285156,4821.85791015625
12,62266,4.82136869430542,12.91518497467041,0.1200740709900856,3.2220869064331055,18.327043533325195,0.3045092523097992,0.3015667498111725,0.291226863861084,0.27258944511413574,20.54397201538086,20.463581085205078,21.036399841308594,21.71392059326172,2860.931396484375
