month,pfaf_id,Rainf_tavg,Qair_f_tavg,Qs_tavg,Evap_tavg,Tair_f_tavg,SoilMoist_inst_lvl_0,SoilMoist_inst_lvl_1,SoilMoist_inst_lvl_2,SoilMoist_inst_lvl_3,SoilTemp_inst_lvl_0,SoilTemp_inst_lvl_1,SoilTemp_inst_lvl_2,SoilTemp_inst_lvl_3,Streamflow_tavg
2,67205,9.62291145324707,15.448421478271484,0.22756654024124146,3.045470952987671,20.867916107177734,0.36184391379356384,0.36193788051605225,0.3648759424686432,0.37848255038261414,22.744670867919922,22.019865036010742,21.553852081298828,21.152494430541992,1075.3348388671875
3,67205,9.875852584838867,15.543444633483887,0.2556522786617279,2.991363525390625,20.89437484741211,0.36637023091316223,0.3673769235610962,0.37281709909439087,0.39398112893104553,22.764095306396484,22.041494369506836,21.615652084350586,21.25261878967285,1592.475830078125
4,67205,9.713671684265137,15.599723815917969,0.2614210546016693,2.9835705757141113,20.966259002685547,0.368110328912735,0.3694700002670288,0.37587791681289673,0.3999854624271393,22.748416900634766,22.06532859802246,21.67880630493164,21.330570220947266,1712.5802001953125
5,67205,8.881333351135254,15.393282890319824,0.2181180864572525,2.997703790664673,20.942949295043945,0.36581137776374817,0.3673553764820099,0.3745150864124298,0.3994152545928955,22.591035842895508,21.956340789794922,21.610944747924805,21.317079544067383,1722.0150146484375
6,67205,7.206308841705322,15.163819313049316,0.12371724843978882,3.04838228225708,20.9134578704834,0.3605700433254242,0.3621808886528015,0.36932840943336487,0.39327239990234375,22.492624282836914,21.84819793701172,21.52297019958496,21.255313873291016,1363.579833984375
7,67205,5.543352127075195,14.80359172821045,0.07653117924928665,3.1673166751861572,20.92410659790039,0.3517462909221649,0.3535475432872772,0.3604409098625183,0.3821824789047241,22.542387008666992,21.7863712310791,21.436443328857422,21.17564582824707,1050.146240234375
