month,pfaf_id,Rainf_tavg,Qair_f_tavg,Qs_tavg,Evap_tavg,Tair_f_tavg,SoilMoist_inst_lvl_0,SoilMoist_inst_lvl_1,SoilMoist_inst_lvl_2,SoilMoist_inst_lvl_3,SoilTemp_inst_lvl_0,SoilTemp_inst_lvl_1,SoilTemp_inst_lvl_2,SoilTemp_inst_lvl_3,Streamflow_tavg
2,61626,1.8301715850830078,14.480036735534668,0.0012384053552523255,3.748295545578003,26.1663818359375,0.21922099590301514,0.2213972508907318,0.2032078206539154,0.16603799164295197,26.72490119934082,26.569486618041992,25.96457862854004,25.6019344329834,24.232868194580078
3,61626,2.385294198989868,15.26799201965332,0.0017591452924534678,3.5016300678253174,25.935890197753906,0.22162748873233795,0.208110511302948,0.179239884018898,0.14585913717746735,26.98899269104004,26.8585147857666,26.245750427246094,25.89260482788086,2.9461913108825684
4,61626,3.124309778213501,15.979178428649902,0.002868461422622204,3.3447115421295166,25.80684471130371,0.2356279492378235,0.20719778537750244,0.16373631358146667,0.13089656829833984,26.929594039916992,26.90637969970703,26.40253448486328,26.117589950561523,1.0247504711151123
5,61626,4.089972019195557,16.52669906616211,0.0042258864268660545,3.357070207595825,25.421035766601562,0.2603439390659332,0.23499710857868195,0.17033611238002777,0.12599247694015503,26.424816131591797,26.436899185180664,26.100332260131836,26.001789093017578,1.0422307252883911
6,61626,4.260792255401611,16.667816162109375,0.00507163954898715,3.3437464237213135,25.293916702270508,0.2721089720726013,0.25505828857421875,0.19375064969062805,0.1315060257911682,26.122671127319336,26.147480010986328,25.825246810913086,25.74638557434082,3.215076446533203
7,61626,4.4023637771606445,16.62830924987793,0.006257082335650921,3.4116432666778564,25.22011947631836,0.2770233452320099,0.2635951042175293,0.2140396535396576,0.14186473190784454,26.10567283630371,26.07972526550293,25.719213485717773,25.603464126586914,9.788129806518555
