month,pfaf_id,Rainf_tavg,Qair_f_tavg,Qs_tavg,Evap_tavg,Tair_f_tavg,SoilMoist_inst_lvl_0,SoilMoist_inst_lvl_1,SoilMoist_inst_lvl_2,SoilMoist_inst_lvl_3,SoilTemp_inst_lvl_0,SoilTemp_inst_lvl_1,SoilTemp_inst_lvl_2,SoilTemp_inst_lvl_3,Streamflow_tavg
1,61569,5.099998474121094,12.29179859161377,0.05174955353140831,2.8893845081329346,18.542449951171875,0.35221168398857117,0.3643510937690735,0.3742094337940216,0.3944414258003235,20.363189697265625,19.598176956176758,19.483673095703125,19.757352828979492,456.6667785644531
2,61569,5.466068744659424,12.489984512329102,0.054236091673374176,2.824906587600708,18.78399658203125,0.35057583451271057,0.36127081513404846,0.3701073229312897,0.3894689381122589,20.624507904052734,19.866247177124023,19.501008987426758,19.451683044433594,453.0252380371094
3,61569,5.951739311218262,12.741169929504395,0.05127428099513054,2.805448055267334,18.906768798828125,0.3537508249282837,0.3614910840988159,0.3693027198314667,0.3884411156177521,20.59501075744629,19.976749420166016,19.603261947631836,19.476272583007812,516.3108520507812
4,61569,6.444760322570801,12.935729026794434,0.050816264003515244,2.790281057357788,18.732421875,0.36061808466911316,0.36415907740592957,0.3702867031097412,0.38933202624320984,20.19608497619629,19.687971115112305,19.47344398498535,19.456541061401367,590.4857177734375
5,61569,6.230035781860352,12.913506507873535,0.04220518842339516,2.7686502933502197,18.58902931213379,0.363268107175827,0.3650239109992981,0.3696017861366272,0.3893797695636749,19.93244171142578,19.366491317749023,19.215511322021484,19.27785873413086,599.8899536132812
12,61569,5.690333843231201,12.551655769348145,0.0726102739572525,2.981212854385376,18.470857620239258,0.36193111538887024,0.3698636293411255,0.3784157931804657,0.39781656861305237,20.27173614501953,19.900449752807617,20.309823989868164,20.78129005432129,388.283203125
