month,pfaf_id,Rainf_tavg,Qair_f_tavg,Qs_tavg,Evap_tavg,Tair_f_tavg,SoilMoist_inst_lvl_0,SoilMoist_inst_lvl_1,SoilMoist_inst_lvl_2,SoilMoist_inst_lvl_3,SoilTemp_inst_lvl_0,SoilTemp_inst_lvl_1,SoilTemp_inst_lvl_2,SoilTemp_inst_lvl_3,Streamflow_tavg
2,62238,6.645284652709961,16.885486602783203,0.22311922907829285,3.324100971221924,25.703128814697266,0.3679213225841522,0.35856515169143677,0.3279803991317749,0.26250508427619934,26.06480598449707,25.858545303344727,25.57449722290039,25.451086044311523,111525.4453125
3,62238,7.082254409790039,17.272930145263672,0.30746015906333923,3.335914373397827,25.633493423461914,0.3818114101886749,0.3758203387260437,0.35775041580200195,0.30287235975265503,26.195419311523438,25.975555419921875,25.656057357788086,25.44742774963379,128572.9453125
4,62238,7.2685747146606445,17.449565887451172,0.3317476511001587,3.324068069458008,25.742578506469727,0.3912990391254425,0.38835981488227844,0.37947598099708557,0.3457377254962921,26.23188018798828,26.03510284423828,25.73604393005371,25.508886337280273,137888.90625
5,62238,7.103204727172852,17.598318099975586,0.2729797959327698,3.268407106399536,25.774295806884766,0.39791056513786316,0.39710476994514465,0.3944188356399536,0.38386303186416626,26.1633358001709,26.00016212463379,25.72739601135254,25.523670196533203,142096.890625
6,62238,5.289292812347412,17.542051315307617,0.08289747685194016,3.2893621921539307,25.686279296875,0.39744508266448975,0.3980650305747986,0.39992791414260864,0.4050227105617523,26.039138793945312,25.895896911621094,25.662662506103516,25.49265480041504,136700.15625
7,62238,3.397338390350342,16.855451583862305,0.03002653829753399,3.4196417331695557,25.550891876220703,0.38824784755706787,0.38927149772644043,0.3921385109424591,0.40010109543800354,25.776771545410156,25.633378982543945,25.454017639160156,25.37348747253418,116753.3359375
