month,pfaf_id,Rainf_tavg,Qair_f_tavg,Qs_tavg,Evap_tavg,Tair_f_tavg,SoilMoist_inst_lvl_0,SoilMoist_inst_lvl_1,SoilMoist_inst_lvl_2,SoilMoist_inst_lvl_3,SoilTemp_inst_lvl_0,SoilTemp_inst_lvl_1,SoilTemp_inst_lvl_2,SoilTemp_inst_lvl_3,Streamflow_tavg
1,64248,4.594480037689209,16.884252548217773,0.019026486203074455,3.8923771381378174,26.509647369384766,0.29544612765312195,0.2901095747947693,0.27849411964416504,0.2812651991844177,27.29543685913086,27.158689498901367,26.900205612182617,26.851943969726562,1767.2994384765625
2,64248,4.559942245483398,16.924213409423828,0.02098315954208374,3.693140745162964,26.46144676208496,0.2984527349472046,0.29452869296073914,0.285316526889801,0.28716081380844116,27.15157699584961,27.02115249633789,26.620527267456055,26.41314697265625,1501.8446044921875
3,64248,4.267779350280762,16.796157836914062,0.02473425306379795,3.4280619621276855,26.45126724243164,0.29972922801971436,0.29841679334640503,0.29349973797798157,0.29434967041015625,26.922895431518555,26.98941421508789,26.51427459716797,26.237773895263672,1780.996826171875
4,64248,3.0351247787475586,15.050304412841797,0.016598809510469437,3.130284070968628,26.230871200561523,0.2872582972049713,0.2915666103363037,0.29320380091667175,0.2970679700374603,26.31790542602539,26.61123275756836,26.238346099853516,26.076204299926758,2003.5765380859375
5,64248,1.7357734441757202,11.894194602966309,0.0050671822391450405,2.588329315185547,25.597774505615234,0.25570201873779297,0.27086716890335083,0.27885207533836365,0.28728437423706055,25.465576171875,25.91554832458496,25.581809997558594,25.619752883911133,1793.294189453125
12,64248,4.371214866638184,16.43967628479004,0.01706354320049286,3.9453282356262207,26.792821884155273,0.28753504157066345,0.28264978528022766,0.27281424403190613,0.27730199694633484,27.74667739868164,27.808422088623047,27.716312408447266,27.75246238708496,2426.48291015625
