month,pfaf_id,Rainf_tavg,Qair_f_tavg,Qs_tavg,Evap_tavg,Tair_f_tavg,SoilMoist_inst_lvl_0,SoilMoist_inst_lvl_1,SoilMoist_inst_lvl_2,SoilMoist_inst_lvl_3,SoilTemp_inst_lvl_0,SoilTemp_inst_lvl_1,SoilTemp_inst_lvl_2,SoilTemp_inst_lvl_3,Streamflow_tavg
1,61650,4.956201553344727,16.729049682617188,0.05093583092093468,3.4080328941345215,24.753629684448242,0.3396860659122467,0.3317769169807434,0.3116052448749542,0.2760828733444214,25.64194679260254,25.670032501220703,25.520769119262695,25.603248596191406,367.1510925292969
2,61650,5.023984909057617,16.82101821899414,0.055901311337947845,3.5705759525299072,24.810747146606445,0.34482377767562866,0.3386576175689697,0.3254052698612213,0.2952134609222412,25.81511688232422,25.792442321777344,25.47956657409668,25.40433120727539,503.9860534667969
3,61650,5.181250095367432,16.997220993041992,0.07296721637248993,3.607837438583374,24.944488525390625,0.3477274775505066,0.34323006868362427,0.33384019136428833,0.3123088777065277,25.993677139282227,26.012468338012695,25.639509201049805,25.472612380981445,748.1986694335938
4,61650,6.050212860107422,17.382761001586914,0.14300203323364258,3.525921583175659,25.04460334777832,0.3564170002937317,0.35333675146102905,0.34738168120384216,0.33502960205078125,26.141340255737305,26.162294387817383,25.794296264648438,25.603609085083008,1123.243896484375
5,61650,6.406218528747559,17.577823638916016,0.17869612574577332,3.5647799968719482,25.069541931152344,0.36407414078712463,0.3623634874820709,0.36072954535484314,0.36083272099494934,26.220394134521484,26.191396713256836,25.854272842407227,25.687711715698242,1726.9586181640625
12,61650,4.773818016052246,16.682737350463867,0.04262131452560425,3.4442639350891113,25.228437423706055,0.32668599486351013,0.31461870670318604,0.2897851765155792,0.25761792063713074,25.913066864013672,26.028608322143555,26.00693702697754,26.16353988647461,770.0030517578125
