month,pfaf_id,Rainf_tavg,Qair_f_tavg,Qs_tavg,Evap_tavg,Tair_f_tavg,SoilMoist_inst_lvl_0,SoilMoist_inst_lvl_1,SoilMoist_inst_lvl_2,SoilMoist_inst_lvl_3,SoilTemp_inst_lvl_0,SoilTemp_inst_lvl_1,SoilTemp_inst_lvl_2,SoilTemp_inst_lvl_3,Streamflow_tavg
2,61585,8.81733512878418,17.323551177978516,0.2110668420791626,3.8115434646606445,25.911712646484375,0.3533444404602051,0.3528212308883667,0.34627318382263184,0.3352723717689514,27.03196144104004,26.57765769958496,26.22820281982422,26.060110092163086,387.15478515625
3,61585,9.221090316772461,17.45160484313965,0.40616536140441895,3.858497381210327,25.821727752685547,0.366279274225235,0.3690071105957031,0.3743121027946472,0.3909511864185333,27.183717727661133,26.695466995239258,26.311534881591797,26.129310607910156,1206.049072265625
4,61585,9.352301597595215,17.48270606994629,0.35040104389190674,3.848168134689331,25.683795928955078,0.36966338753700256,0.37310755252838135,0.3807017505168915,0.40483757853507996,27.024808883666992,26.61672019958496,26.319297790527344,26.18832015991211,1983.1162109375
5,61585,9.424543380737305,17.46677017211914,0.2646223306655884,3.7816247940063477,25.560518264770508,0.3705352246761322,0.3741709589958191,0.3821340799331665,0.40772658586502075,26.74058723449707,26.426956176757812,26.1807918548584,26.10752296447754,2298.87451171875
6,61585,9.441391944885254,17.49542999267578,0.26910749077796936,3.711620807647705,25.628589630126953,0.37125104665756226,0.37458303570747375,0.38263195753097534,0.4087165892124176,26.68161964416504,26.374290466308594,26.099821090698242,26.010955810546875,2470.531494140625
7,61585,9.436322212219238,17.430484771728516,0.329993337392807,3.7098257541656494,25.590255737304688,0.3709639310836792,0.3743847906589508,0.38255295157432556,0.4086236357688904,26.752931594848633,26.410776138305664,26.11296272277832,25.994171142578125,2476.18603515625
