month,pfaf_id,Rainf_tavg,Qair_f_tavg,Qs_tavg,Evap_tavg,Tair_f_tavg,SoilMoist_inst_lvl_0,SoilMoist_inst_lvl_1,SoilMoist_inst_lvl_2,SoilMoist_inst_lvl_3,SoilTemp_inst_lvl_0,SoilTemp_inst_lvl_1,SoilTemp_inst_lvl_2,SoilTemp_inst_lvl_3,Streamflow_tavg
1,62243,6.460000038146973,16.58472442626953,0.0725865289568901,3.6426193714141846,25.642044067382812,0.35737332701683044,0.35656240582466125,0.3518776595592499,0.34264326095581055,26.263824462890625,26.089937210083008,25.843786239624023,25.763639450073242,3375.2265625
2,62243,6.615743160247803,16.717201232910156,0.07326314598321915,3.673492908477783,25.669719696044922,0.36562180519104004,0.3665911853313446,0.36817699670791626,0.3778604567050934,26.311168670654297,26.159284591674805,25.83086395263672,25.66948699951172,6983.99853515625
3,62243,6.716018199920654,16.879024505615234,0.05230334773659706,3.7364566326141357,25.707181930541992,0.3710571825504303,0.3728005588054657,0.3777693510055542,0.39665326476097107,26.428565979003906,26.307008743286133,25.93163299560547,25.7078800201416,11149.9580078125
4,62243,6.6662516593933105,17.032550811767578,0.045135535299777985,3.7925992012023926,25.69452476501465,0.3729577660560608,0.3752129375934601,0.3815789520740509,0.4039066433906555,26.45204734802246,26.33333969116211,25.979496002197266,25.767574310302734,13658.90625
5,62243,5.547999858856201,16.932323455810547,0.04293906316161156,3.7620527744293213,25.542211532592773,0.36960288882255554,0.37197425961494446,0.3785644471645355,0.4007814824581146,26.384809494018555,26.19983673095703,25.9074649810791,25.760278701782227,11802.9931640625
12,62243,6.069105625152588,16.52999496459961,0.04528767988085747,3.676368474960327,25.874217987060547,0.3472849428653717,0.34388473629951477,0.33129093050956726,0.2938246726989746,26.402734756469727,26.255142211914062,26.061267852783203,26.02416229248047,3955.480224609375
