month,pfaf_id,Rainf_tavg,Qair_f_tavg,Qs_tavg,Evap_tavg,Tair_f_tavg,SoilMoist_inst_lvl_0,SoilMoist_inst_lvl_1,SoilMoist_inst_lvl_2,SoilMoist_inst_lvl_3,SoilTemp_inst_lvl_0,SoilTemp_inst_lvl_1,SoilTemp_inst_lvl_2,SoilTemp_inst_lvl_3,Streamflow_tavg
1,67207,11.76461410522461,17.235170364379883,1.4729305505752563,3.482412576675415,23.937824249267578,0.4191592335700989,0.4215611517429352,0.4284728169441223,0.4475448727607727,25.419649124145508,24.639888763427734,24.135316848754883,23.637392044067383,1859.941650390625
2,67207,12.197427749633789,17.365306854248047,1.6044386625289917,3.462669849395752,24.025104522705078,0.4203323721885681,0.4229491651058197,0.4300724267959595,0.4490518271923065,25.57608985900879,24.835058212280273,24.39602279663086,23.968252182006836,1877.732666015625
3,67207,11.15682315826416,17.292137145996094,1.3519337177276611,3.369229555130005,24.04298210144043,0.4184342920780182,0.4208841025829315,0.4281613528728485,0.4475991725921631,25.586462020874023,24.93053436279297,24.543493270874023,24.167436599731445,1995.5382080078125
4,67207,11.415949821472168,17.334335327148438,1.5545175075531006,3.2915258407592773,24.0594425201416,0.4186443090438843,0.4206538796424866,0.4273501932621002,0.44661253690719604,25.44729232788086,24.873022079467773,24.5601863861084,24.254404067993164,1968.6776123046875
5,67207,11.516470909118652,17.390132904052734,1.6188079118728638,3.320500612258911,24.08782958984375,0.4193677008152008,0.4212528467178345,0.4277646839618683,0.4470307528972626,25.40412712097168,24.823396682739258,24.540515899658203,24.262649536132812,1838.7144775390625
12,67207,11.618172645568848,17.104934692382812,1.2200847864151,3.3054773807525635,23.79184341430664,0.4174715280532837,0.419687420129776,0.4267120063304901,0.4464268386363983,25.143295288085938,24.265380859375,23.59778594970703,23.098299026489258,1759.6610107421875
