month,pfaf_id,Rainf_tavg,Qair_f_tavg,Qs_tavg,Evap_tavg,Tair_f_tavg,SoilMoist_inst_lvl_0,SoilMoist_inst_lvl_1,SoilMoist_inst_lvl_2,SoilMoist_inst_lvl_3,SoilTemp_inst_lvl_0,SoilTemp_inst_lvl_1,SoilTemp_inst_lvl_2,SoilTemp_inst_lvl_3,Streamflow_tavg
1,62287,7.636192798614502,17.835607528686523,0.026825599372386932,3.6348137855529785,25.58852195739746,0.34510448575019836,0.34838399291038513,0.35682418942451477,0.38266173005104065,26.82986068725586,26.40735626220703,26.165451049804688,26.10647964477539,15031.984375
2,62287,7.635245323181152,17.894397735595703,0.026307813823223114,3.6455039978027344,25.707340240478516,0.3457898199558258,0.3494132161140442,0.3586307764053345,0.3861582577228546,26.972610473632812,26.561159133911133,26.22771453857422,26.069766998291016,17822.119140625
3,62287,7.702446460723877,17.89723014831543,0.02382330596446991,3.6378891468048096,25.713388442993164,0.3463399112224579,0.34989213943481445,0.3592807650566101,0.38729819655418396,26.901103973388672,26.57831382751465,26.28095245361328,26.12736701965332,18444.88671875
4,62287,7.8467183113098145,17.832767486572266,0.02448657713830471,3.584076404571533,25.522079467773438,0.3468233346939087,0.3505082428455353,0.36005398631095886,0.38843637704849243,26.745450973510742,26.453454971313477,26.206876754760742,26.107990264892578,19079.939453125
5,62287,7.829329013824463,17.823957443237305,0.020630456507205963,3.5472748279571533,25.421527862548828,0.34709256887435913,0.35080915689468384,0.3604665696620941,0.38917434215545654,26.661624908447266,26.32568359375,26.090469360351562,26.022113800048828,20022.19921875
12,62287,7.522168159484863,17.78761100769043,0.030760301277041435,3.6152946949005127,25.4902286529541,0.3408452868461609,0.3432011902332306,0.3488912582397461,0.36877283453941345,26.76725959777832,26.439350128173828,26.3238582611084,26.357969284057617,14876.0751953125
