month,pfaf_id,Rainf_tavg,Qair_f_tavg,Qs_tavg,Evap_tavg,Tair_f_tavg,SoilMoist_inst_lvl_0,SoilMoist_inst_lvl_1,SoilMoist_inst_lvl_2,SoilMoist_inst_lvl_3,SoilTemp_inst_lvl_0,SoilTemp_inst_lvl_1,SoilTemp_inst_lvl_2,SoilTemp_inst_lvl_3,Streamflow_tavg
4,61583,10.245287895202637,17.92095375061035,0.30834388732910156,3.493942975997925,25.40755271911621,0.3718990981578827,0.37172678112983704,0.36613723635673523,0.3479965627193451,27.247554779052734,26.983665466308594,27.00162124633789,27.12881088256836,777.9842529296875
5,61583,10.450127601623535,17.963829040527344,0.5800832509994507,3.497474193572998,25.379375457763672,0.3833365738391876,0.38668760657310486,0.3938468396663666,0.41560423374176025,27.188648223876953,26.726842880249023,26.561359405517578,26.59708595275879,1883.9110107421875
6,61583,10.421379089355469,17.999685287475586,0.5247589945793152,3.597475051879883,25.449670791625977,0.3844553530216217,0.38841676712036133,0.39675062894821167,0.4222690463066101,27.176742553710938,26.67669105529785,26.433942794799805,26.374143600463867,3189.611083984375
7,61583,10.405221939086914,17.91819953918457,0.39460888504981995,3.623422384262085,25.35692024230957,0.38483819365501404,0.38871005177497864,0.39698526263237,0.4227215647697449,26.985614776611328,26.58409309387207,26.34324073791504,26.27277946472168,3442.66650390625
8,61583,10.18253231048584,17.94987678527832,0.2560153603553772,3.6334662437438965,25.615144729614258,0.3849617838859558,0.38845109939575195,0.3967468738555908,0.42247188091278076,27.102680206298828,26.71208953857422,26.380985260009766,26.237241744995117,3471.641845703125
9,61583,9.783302307128906,18.08905029296875,0.32535091042518616,3.718125581741333,26.099010467529297,0.383903443813324,0.3874049484729767,0.39564111828804016,0.420788437128067,27.41713523864746,26.99189567565918,26.58860969543457,26.35462188720703,3214.09033203125
