month,pfaf_id,Rainf_tavg,Qair_f_tavg,Qs_tavg,Evap_tavg,Tair_f_tavg,SoilMoist_inst_lvl_0,SoilMoist_inst_lvl_1,SoilMoist_inst_lvl_2,SoilMoist_inst_lvl_3,SoilTemp_inst_lvl_0,SoilTemp_inst_lvl_1,SoilTemp_inst_lvl_2,SoilTemp_inst_lvl_3,Streamflow_tavg
1,62234,4.574014186859131,16.15230941772461,0.026593098416924477,3.1331632137298584,24.062158584594727,0.3488006591796875,0.3349539637565613,0.2877196669578552,0.2274734377861023,24.847139358520508,24.777088165283203,24.74838638305664,24.964710235595703,57.42554473876953
2,62234,4.817907333374023,16.373586654663086,0.033856913447380066,3.2038257122039795,24.04005241394043,0.3583223819732666,0.3484278917312622,0.31578707695007324,0.24735423922538757,24.91742515563965,24.79991340637207,24.593416213989258,24.57573127746582,61.09917449951172
3,62234,5.237987995147705,16.60474967956543,0.04918800666928291,3.2055938243865967,24.053695678710938,0.3676478862762451,0.3604545295238495,0.3376029133796692,0.27534565329551697,24.96072006225586,24.86929702758789,24.614212036132812,24.509593963623047,92.90129852294922
4,62234,5.614238262176514,16.74627685546875,0.060703590512275696,3.269699811935425,24.068544387817383,0.3781083822250366,0.3731766939163208,0.3585563004016876,0.3134009838104248,25.03852081298828,24.929508209228516,24.65320587158203,24.521297454833984,168.57191467285156
5,62234,5.682013034820557,16.79547119140625,0.06756913661956787,3.35786771774292,24.062597274780273,0.38581833243370056,0.38271141052246094,0.37475037574768066,0.35047924518585205,25.023754119873047,24.879201889038086,24.637739181518555,24.529624938964844,278.0541076660156
12,62234,4.152274131774902,15.647659301757812,0.019695105031132698,3.139596700668335,24.759214401245117,0.3206593990325928,0.2967560589313507,0.25475478172302246,0.21970607340335846,25.374521255493164,25.442058563232422,25.618755340576172,25.865581512451172,172.08676147460938
