month,pfaf_id,Rainf_tavg,Qair_f_tavg,Qs_tavg,Evap_tavg,Tair_f_tavg,SoilMoist_inst_lvl_0,SoilMoist_inst_lvl_1,SoilMoist_inst_lvl_2,SoilMoist_inst_lvl_3,SoilTemp_inst_lvl_0,SoilTemp_inst_lvl_1,SoilTemp_inst_lvl_2,SoilTemp_inst_lvl_3,Streamflow_tavg
2,62498,6.399603843688965,16.704103469848633,0.018075397238135338,3.721494674682617,24.705615997314453,0.29651305079460144,0.2972853183746338,0.3050740361213684,0.3394347131252289,25.24344825744629,25.70320701599121,25.293407440185547,25.1412296295166,975.9174194335938
3,62498,5.940952777862549,16.72283935546875,0.01798386499285698,3.516420364379883,24.962352752685547,0.29473602771759033,0.2963506877422333,0.3059801161289215,0.3417157530784607,25.323944091796875,25.80791664123535,25.23938751220703,24.94344139099121,1082.4141845703125
4,62498,4.295403003692627,15.61453914642334,0.011685417965054512,3.116854667663574,24.397371292114258,0.28161460161209106,0.2869405746459961,0.29963353276252747,0.33563822507858276,24.568584442138672,25.45383644104004,24.993247985839844,24.829517364501953,954.6502685546875
5,62498,1.609911561012268,12.374849319458008,0.001979924738407135,2.2990939617156982,23.47515106201172,0.24336585402488708,0.2608315646648407,0.28075048327445984,0.3162845969200134,23.489713668823242,24.853036880493164,24.415241241455078,24.411151885986328,496.6690979003906
6,62498,0.8645917773246765,9.925286293029785,0.0007876678719185293,1.5219539403915405,22.602745056152344,0.2082875818014145,0.24126915633678436,0.2636752724647522,0.29584836959838867,22.684226989746094,24.19568634033203,23.636394500732422,23.741989135742188,203.31005859375
7,62498,0.6088916063308716,9.046545028686523,0.0003340791736263782,1.1853946447372437,23.33733558654785,0.18225480616092682,0.23142369091510773,0.25265389680862427,0.2816394567489624,23.554115295410156,24.962425231933594,23.944753646850586,23.63589096069336,102.96461486816406
