month,pfaf_id,Rainf_tavg,Qair_f_tavg,Qs_tavg,Evap_tavg,Tair_f_tavg,SoilMoist_inst_lvl_0,SoilMoist_inst_lvl_1,SoilMoist_inst_lvl_2,SoilMoist_inst_lvl_3,SoilTemp_inst_lvl_0,SoilTemp_inst_lvl_1,SoilTemp_inst_lvl_2,SoilTemp_inst_lvl_3,Streamflow_tavg
2,61599,4.761892318725586,14.543246269226074,0.018244151026010513,3.474053144454956,22.771787643432617,0.33331647515296936,0.32698988914489746,0.31441521644592285,0.3093709349632263,24.835601806640625,23.924970626831055,23.65730094909668,23.398391723632812,412.98431396484375
3,61599,5.283779144287109,14.727030754089355,0.02327391318976879,3.5408315658569336,22.818696975708008,0.35147735476493835,0.34773826599121094,0.33685043454170227,0.31889891624450684,24.80535888671875,23.781450271606445,23.398223876953125,23.15680503845215,293.3210754394531
4,61599,5.614006042480469,14.840703010559082,0.02509925328195095,3.4825246334075928,22.669267654418945,0.36034294962882996,0.35857224464416504,0.3531551957130432,0.34253808856010437,24.29610824584961,23.471744537353516,23.195432662963867,22.99986457824707,487.1124572753906
5,61599,5.60783576965332,14.750401496887207,0.02381342463195324,3.356106758117676,22.332319259643555,0.3655145764350891,0.3655686676502228,0.36480361223220825,0.3661697804927826,23.80196762084961,23.064634323120117,22.856178283691406,22.73727798461914,640.4281616210938
6,61599,5.690482139587402,14.684049606323242,0.02311774529516697,3.31208872795105,22.21285057067871,0.3700180947780609,0.3711997866630554,0.37378114461898804,0.3843706250190735,23.64851188659668,22.869667053222656,22.614788055419922,22.475933074951172,784.18896484375
7,61599,5.547673225402832,14.506180763244629,0.020390095189213753,3.3242976665496826,22.024614334106445,0.37221625447273254,0.37402406334877014,0.37878260016441345,0.39494815468788147,23.515310287475586,22.742910385131836,22.483028411865234,22.322526931762695,897.21923828125
