month,pfaf_id,Rainf_tavg,Qair_f_tavg,Qs_tavg,Evap_tavg,Tair_f_tavg,SoilMoist_inst_lvl_0,SoilMoist_inst_lvl_1,SoilMoist_inst_lvl_2,SoilMoist_inst_lvl_3,SoilTemp_inst_lvl_0,SoilTemp_inst_lvl_1,SoilTemp_inst_lvl_2,SoilTemp_inst_lvl_3,Streamflow_tavg
4,62293,7.336071968078613,17.46202278137207,0.03166009858250618,3.612922191619873,25.788808822631836,0.3513643443584442,0.35470572113990784,0.36406993865966797,0.3918493688106537,27.00963592529297,26.750011444091797,26.593053817749023,26.537710189819336,67030.5703125
5,62293,6.9502739906311035,17.58864402770996,0.022502264007925987,3.494258165359497,25.79185676574707,0.3503672480583191,0.35393738746643066,0.3634447455406189,0.39101138710975647,26.900684356689453,26.57585334777832,26.380126953125,26.331703186035156,62942.53515625
6,62293,5.581398963928223,17.382137298583984,0.012178851291537285,3.331083297729492,25.659339904785156,0.3453616201877594,0.3491078019142151,0.3584459125995636,0.3844675123691559,26.535306930541992,26.260953903198242,26.12920379638672,26.140064239501953,54266.69140625
7,62293,4.6158552169799805,16.923627853393555,0.0069690607488155365,3.3328964710235596,25.536521911621094,0.33948156237602234,0.34262779355049133,0.35075604915618896,0.37346088886260986,26.167583465576172,25.892959594726562,25.77164649963379,25.851337432861328,45618.4375
8,62293,4.695324897766113,17.223373413085938,0.007741220761090517,3.6019701957702637,26.353471755981445,0.3366406559944153,0.3388954997062683,0.34537339210510254,0.36474326252937317,26.764297485351562,26.338909149169922,25.931053161621094,25.75951385498047,37479.0859375
9,62293,5.208475112915039,17.68857192993164,0.012447558343410492,3.881452798843384,27.15007781982422,0.33751368522644043,0.3394574522972107,0.3452003002166748,0.3634297251701355,27.61308479309082,27.08993911743164,26.509870529174805,26.11128044128418,30206.16796875
