month,pfaf_id,Rainf_tavg,Qair_f_tavg,Qs_tavg,Evap_tavg,Tair_f_tavg,SoilMoist_inst_lvl_0,SoilMoist_inst_lvl_1,SoilMoist_inst_lvl_2,SoilMoist_inst_lvl_3,SoilTemp_inst_lvl_0,SoilTemp_inst_lvl_1,SoilTemp_inst_lvl_2,SoilTemp_inst_lvl_3,Streamflow_tavg
4,62248,7.053452968597412,17.18581771850586,0.10372195392847061,3.5228967666625977,24.561241149902344,0.37359419465065,0.3763566017150879,0.3846193253993988,0.4118533730506897,25.351518630981445,25.4349422454834,25.180482864379883,25.068086624145508,964.6177978515625
5,62248,4.522938251495361,16.44146156311035,0.04024568572640419,3.125377655029297,24.20662498474121,0.3644860088825226,0.3680017590522766,0.37733539938926697,0.403503954410553,24.700929641723633,24.935352325439453,24.80286979675293,24.853931427001953,678.7491455078125
6,62248,1.9914207458496094,14.555354118347168,0.01041564904153347,2.8511993885040283,23.844480514526367,0.33995017409324646,0.34727752208709717,0.3577418327331543,0.3797513544559479,23.89107322692871,24.273290634155273,24.191740036010742,24.419164657592773,304.837890625
7,62248,1.0018635988235474,11.939839363098145,0.002660396508872509,2.6645185947418213,24.31156349182129,0.2918544113636017,0.3219585418701172,0.3331040143966675,0.35095617175102234,24.181421279907227,24.530242919921875,23.99717903137207,24.014368057250977,100.41901397705078
8,62248,0.835834801197052,10.386585235595703,0.0020014808978885412,2.457033634185791,26.54939079284668,0.23650501668453217,0.29672595858573914,0.30766791105270386,0.3223487436771393,26.74968147277832,26.718902587890625,25.373918533325195,24.570552825927734,35.233402252197266
9,62248,2.635002374649048,12.515007019042969,0.027019264176487923,3.0200297832489014,27.76264762878418,0.2564842104911804,0.28832632303237915,0.2889319956302643,0.2988036274909973,28.456605911254883,28.380237579345703,27.10240364074707,26.01961898803711,15.48906135559082
