month,pfaf_id,Rainf_tavg,Qair_f_tavg,Qs_tavg,Evap_tavg,Tair_f_tavg,SoilMoist_inst_lvl_0,SoilMoist_inst_lvl_1,SoilMoist_inst_lvl_2,SoilMoist_inst_lvl_3,SoilTemp_inst_lvl_0,SoilTemp_inst_lvl_1,SoilTemp_inst_lvl_2,SoilTemp_inst_lvl_3,Streamflow_tavg
4,64276,3.5708301067352295,14.891732215881348,0.019875098019838333,2.8948748111724854,23.297809600830078,0.2870989143848419,0.29303330183029175,0.30273276567459106,0.3251432478427887,23.613609313964844,24.6597957611084,24.48758316040039,24.575416564941406,2840.20751953125
5,64276,2.0477442741394043,12.309394836425781,0.007984274998307228,2.3115501403808594,21.48260498046875,0.26991933584213257,0.28093504905700684,0.29344576597213745,0.3153637647628784,21.53531265258789,22.776626586914062,22.81583595275879,23.26774024963379,1815.4140625
6,64276,1.3806289434432983,10.753386497497559,0.0037245354615151882,1.8451114892959595,20.460941314697266,0.2538938522338867,0.27036845684051514,0.2841194272041321,0.304310142993927,20.192672729492188,21.495441436767578,21.36241340637207,21.852405548095703,957.6045532226562
7,64276,1.0869148969650269,9.76894474029541,0.002265691990032792,1.5860176086425781,20.946203231811523,0.23045852780342102,0.258248507976532,0.2738165259361267,0.2934515178203583,20.595279693603516,21.89598274230957,21.166154861450195,21.191747665405273,518.1069946289062
8,64276,0.9836323261260986,9.569851875305176,0.002021665684878826,1.5177762508392334,23.196502685546875,0.20353956520557404,0.25117042660713196,0.2655479907989502,0.28431734442710876,23.100650787353516,24.3392276763916,22.782001495361328,21.994394302368164,301.1509094238281
9,64276,1.5731185674667358,10.514525413513184,0.004889397881925106,1.8038322925567627,25.376731872558594,0.19717325270175934,0.24805474281311035,0.25855186581611633,0.2762909233570099,25.817903518676758,27.039775848388672,25.215085983276367,23.955713272094727,201.4761505126953
