month,pfaf_id,Rainf_tavg,Qair_f_tavg,Qs_tavg,Evap_tavg,Tair_f_tavg,SoilMoist_inst_lvl_0,SoilMoist_inst_lvl_1,SoilMoist_inst_lvl_2,SoilMoist_inst_lvl_3,SoilTemp_inst_lvl_0,SoilTemp_inst_lvl_1,SoilTemp_inst_lvl_2,SoilTemp_inst_lvl_3,Streamflow_tavg
2,61583,9.34228515625,17.86410140991211,0.2806728184223175,3.673083543777466,25.87861442565918,0.36725568771362305,0.36675795912742615,0.3611229956150055,0.3538993000984192,27.375938415527344,27.06556510925293,26.927173614501953,26.887557983398438,707.6559448242188
3,61583,9.940774917602539,17.996868133544922,0.5283305048942566,3.683288812637329,25.850181579589844,0.38149532675743103,0.3844912052154541,0.3907337486743927,0.4095761775970459,27.424713134765625,26.98929214477539,26.7077693939209,26.62416648864746,1520.6729736328125
4,61583,10.223275184631348,18.046552658081055,0.5266165733337402,3.636787176132202,25.70212745666504,0.3839632570743561,0.38780319690704346,0.39598897099494934,0.42091190814971924,27.272953033447266,26.865245819091797,26.617279052734375,26.52437973022461,2927.452392578125
5,61583,10.40771770477295,18.02060890197754,0.39052534103393555,3.649014949798584,25.53360366821289,0.3847731351852417,0.3886043429374695,0.39686042070388794,0.4224768579006195,27.05211639404297,26.665077209472656,26.448101043701172,26.38976287841797,3405.120849609375
6,61583,10.437501907348633,18.037525177001953,0.31193581223487854,3.598240852355957,25.522445678710938,0.38526397943496704,0.38885122537612915,0.39715683460235596,0.4230318069458008,27.030210494995117,26.615966796875,26.356304168701172,26.271106719970703,3639.864501953125
7,61583,10.461688041687012,17.964847564697266,0.3404654860496521,3.573071002960205,25.444005966186523,0.3851848542690277,0.3887825012207031,0.3972049951553345,0.4231339991092682,27.06884002685547,26.62691307067871,26.35559844970703,26.244112014770508,3671.32421875
