month,pfaf_id,Rainf_tavg,Qair_f_tavg,Qs_tavg,Evap_tavg,Tair_f_tavg,SoilMoist_inst_lvl_0,SoilMoist_inst_lvl_1,SoilMoist_inst_lvl_2,SoilMoist_inst_lvl_3,SoilTemp_inst_lvl_0,SoilTemp_inst_lvl_1,SoilTemp_inst_lvl_2,SoilTemp_inst_lvl_3,Streamflow_tavg
2,62258,9.404881477355957,17.82975959777832,0.32396265864372253,3.0393381118774414,26.165088653564453,0.3674415349960327,0.3698631525039673,0.37653374671936035,0.39866694808006287,26.581485748291016,26.514785766601562,26.398475646972656,26.342266082763672,97092.109375
3,62258,9.372016906738281,17.84683609008789,0.35180455446243286,3.054065227508545,26.34257698059082,0.3692258596420288,0.3722175657749176,0.38066577911376953,0.40691009163856506,26.658103942871094,26.52796173095703,26.286657333374023,26.170116424560547,111230.3046875
4,62258,9.585775375366211,17.981971740722656,0.3357956111431122,3.01686954498291,26.442781448364258,0.3708096146583557,0.3738442063331604,0.3827958405017853,0.4108244478702545,26.66030502319336,26.54728889465332,26.302425384521484,26.146455764770508,116084.671875
5,62258,8.82314682006836,18.11043930053711,0.21652503311634064,2.904571533203125,26.35830307006836,0.3700374662876129,0.37323054671287537,0.38244494795799255,0.41094374656677246,26.5093994140625,26.42447280883789,26.220993041992188,26.103038787841797,119755.9140625
6,62258,6.012210845947266,18.21710205078125,0.050058513879776,2.796812057495117,26.269819259643555,0.36321279406547546,0.3667440712451935,0.37612029910087585,0.4030678868293762,26.39399528503418,26.305471420288086,26.116003036499023,26.022308349609375,117439.9140625
7,62258,3.4930338859558105,17.599348068237305,0.018728898838162422,2.8535618782043457,26.22587013244629,0.35076460242271423,0.35414576530456543,0.3626044988632202,0.38488808274269104,26.180587768554688,26.083959579467773,25.925947189331055,25.895408630371094,102997.359375
