month,pfaf_id,Rainf_tavg,Qair_f_tavg,Qs_tavg,Evap_tavg,Tair_f_tavg,SoilMoist_inst_lvl_0,SoilMoist_inst_lvl_1,SoilMoist_inst_lvl_2,SoilMoist_inst_lvl_3,SoilTemp_inst_lvl_0,SoilTemp_inst_lvl_1,SoilTemp_inst_lvl_2,SoilTemp_inst_lvl_3,Streamflow_tavg
4,62262,7.166261672973633,17.462007522583008,0.06258917599916458,3.4111337661743164,25.087169647216797,0.36987265944480896,0.37256282567977905,0.3795233368873596,0.4062744677066803,26.083343505859375,25.974275588989258,25.81460952758789,25.734766006469727,7132.33740234375
5,62262,4.964293003082275,16.60432243347168,0.03133682534098625,3.1746251583099365,24.77413558959961,0.36269649863243103,0.36572736501693726,0.37320542335510254,0.3987506031990051,25.346073150634766,25.278118133544922,25.272443771362305,25.390960693359375,5922.98583984375
6,62262,2.8779165744781494,15.09854793548584,0.010463567450642586,3.0756583213806152,24.43739128112793,0.34884536266326904,0.35171711444854736,0.3584464490413666,0.37926313281059265,24.451187133789062,24.402931213378906,24.499914169311523,24.810619354248047,3563.560302734375
7,62262,1.85373055934906,13.418856620788574,0.005743481684476137,3.262208938598633,24.75343132019043,0.3268257677555084,0.3311646580696106,0.3364146947860718,0.3514760434627533,24.2128963470459,24.02341079711914,23.907466888427734,24.178369522094727,1577.3912353515625
8,62262,1.9898741245269775,13.259658813476562,0.006125152576714754,3.5799224376678467,26.649518966674805,0.30410143733024597,0.3082088232040405,0.3101561665534973,0.31940165162086487,25.814655303955078,25.30162811279297,24.559362411499023,24.225627899169922,626.2485961914062
9,62262,3.2422971725463867,14.681307792663574,0.01618100143969059,3.852160692214966,27.748992919921875,0.30788055062294006,0.30257999897003174,0.2926357388496399,0.2929036319255829,27.470111846923828,26.79316520690918,25.8540096282959,25.14084815979004,284.5756530761719
