month,pfaf_id,Rainf_tavg,Qair_f_tavg,Qs_tavg,Evap_tavg,Tair_f_tavg,SoilMoist_inst_lvl_0,SoilMoist_inst_lvl_1,SoilMoist_inst_lvl_2,SoilMoist_inst_lvl_3,SoilTemp_inst_lvl_0,SoilTemp_inst_lvl_1,SoilTemp_inst_lvl_2,SoilTemp_inst_lvl_3,Streamflow_tavg
1,62285,6.9299421310424805,17.75023651123047,0.10208523273468018,3.550963878631592,25.905357360839844,0.35403674840927124,0.35673683881759644,0.36244529485702515,0.3799964189529419,26.980613708496094,26.649658203125,26.444732666015625,26.427967071533203,16713.189453125
2,62285,6.974623203277588,17.804534912109375,0.10616166144609451,3.588656187057495,25.985788345336914,0.3569941818714142,0.3603479266166687,0.36817896366119385,0.3911520540714264,27.04399299621582,26.736438751220703,26.449037551879883,26.337299346923828,20640.947265625
3,62285,7.163389682769775,17.810487747192383,0.13914145529270172,3.569305896759033,26.029767990112305,0.3584984242916107,0.36204585433006287,0.37067851424217224,0.39539432525634766,27.066680908203125,26.82301902770996,26.52391242980957,26.373220443725586,22052.853515625
4,62285,7.373103141784668,17.744626998901367,0.17164355516433716,3.5198068618774414,25.889867782592773,0.3598178029060364,0.363355815410614,0.37235674262046814,0.39776861667633057,26.958942413330078,26.733911514282227,26.481706619262695,26.37902069091797,23608.435546875
5,62285,7.273715972900391,17.754690170288086,0.1430068016052246,3.5444605350494385,25.81538200378418,0.3599269688129425,0.36351391673088074,0.3725421726703644,0.3981727063655853,26.918813705444336,26.643903732299805,26.398658752441406,26.321046829223633,25829.27734375
12,62285,6.822427272796631,17.690444946289062,0.07730239629745483,3.5501046180725098,25.883899688720703,0.34668251872062683,0.3473900854587555,0.34798312187194824,0.35489583015441895,26.962940216064453,26.74186134338379,26.678274154663086,26.750070571899414,17976.650390625
