month,pfaf_id,Rainf_tavg,Qair_f_tavg,Qs_tavg,Evap_tavg,Tair_f_tavg,SoilMoist_inst_lvl_0,SoilMoist_inst_lvl_1,SoilMoist_inst_lvl_2,SoilMoist_inst_lvl_3,SoilTemp_inst_lvl_0,SoilTemp_inst_lvl_1,SoilTemp_inst_lvl_2,SoilTemp_inst_lvl_3,Streamflow_tavg
2,62249,6.985752105712891,16.927637100219727,0.12817253172397614,3.639211654663086,24.414474487304688,0.3848080337047577,0.3862614333629608,0.39175090193748474,0.4112127721309662,25.50727081298828,25.48775291442871,25.176166534423828,25.07109832763672,2601.27685546875
3,62249,6.545028209686279,17.124876022338867,0.12718026340007782,3.5527737140655518,24.657913208007812,0.3853660821914673,0.3873650133609772,0.39450642466545105,0.4169518053531647,25.54466438293457,25.5134220123291,25.161060333251953,24.976478576660156,2622.839111328125
4,62249,5.628493309020996,16.756641387939453,0.11133436858654022,3.5395610332489014,24.489439010620117,0.38151800632476807,0.3839264214038849,0.391895055770874,0.4144783914089203,25.118762969970703,25.216632843017578,24.98178482055664,24.900012969970703,2563.34375
5,62249,2.7724435329437256,14.56827449798584,0.03238191828131676,3.313082218170166,24.131837844848633,0.3553626835346222,0.36578884720802307,0.37617039680480957,0.3969552516937256,24.1473331451416,24.511850357055664,24.44899559020996,24.590852737426758,1940.246826171875
6,62249,1.1490130424499512,11.689851760864258,0.006300348788499832,2.5135085582733154,23.910852432250977,0.2902883291244507,0.34230488538742065,0.3524555265903473,0.3689958155155182,24.090286254882812,24.410032272338867,23.976762771606445,24.066774368286133,825.3659057617188
7,62249,0.6356181502342224,9.898676872253418,0.0019701591227203608,1.8526579141616821,24.756912231445312,0.23197542130947113,0.325330525636673,0.3338921368122101,0.3465518057346344,25.658367156982422,25.828189849853516,24.788488388061523,24.267438888549805,276.776123046875
