month,pfaf_id,Rainf_tavg,Qair_f_tavg,Qs_tavg,Evap_tavg,Tair_f_tavg,SoilMoist_inst_lvl_0,SoilMoist_inst_lvl_1,SoilMoist_inst_lvl_2,SoilMoist_inst_lvl_3,SoilTemp_inst_lvl_0,SoilTemp_inst_lvl_1,SoilTemp_inst_lvl_2,SoilTemp_inst_lvl_3,Streamflow_tavg
4,64277,2.186371326446533,14.340214729309082,0.02111544832587242,1.8694815635681152,23.666324615478516,0.29290685057640076,0.3046638071537018,0.3132629990577698,0.32994651794433594,22.729488372802734,23.757139205932617,24.354089736938477,24.993053436279297,2831.77880859375
5,64277,1.328999638557434,11.842109680175781,0.022409679368138313,1.3758538961410522,21.41411590576172,0.28172868490219116,0.2973661720752716,0.3079395294189453,0.3243030607700348,19.89336585998535,21.032939910888672,21.767616271972656,22.82159996032715,1810.0050048828125
6,64277,0.8523032665252686,10.415051460266113,0.00972800049930811,1.0656524896621704,20.058500289916992,0.27658358216285706,0.2927052080631256,0.3033692240715027,0.31891438364982605,17.957120895385742,18.98585319519043,19.600515365600586,20.740625381469727,952.4281005859375
7,64277,0.573608934879303,9.505644798278809,0.0046801199205219746,1.0019804239273071,20.530183792114258,0.25531959533691406,0.28248074650764465,0.29535630345344543,0.3112249970436096,17.904809951782227,18.743215560913086,18.7260684967041,19.40181541442871,515.0390014648438
8,64277,0.5901767611503601,9.37049674987793,0.01581542380154133,1.0081965923309326,23.260976791381836,0.22106905281543732,0.27613696455955505,0.28832149505615234,0.3037492632865906,20.722684860229492,21.079797744750977,20.054126739501953,19.74238395690918,299.2951354980469
9,64277,1.1864758729934692,10.23317813873291,0.028587551787495613,1.205690860748291,25.895036697387695,0.20637959241867065,0.2763119339942932,0.2844124734401703,0.2982911765575409,23.882051467895508,24.076007843017578,22.6160831451416,21.608627319335938,200.2052001953125
