month,pfaf_id,Rainf_tavg,Qair_f_tavg,Qs_tavg,Evap_tavg,Tair_f_tavg,SoilMoist_inst_lvl_0,SoilMoist_inst_lvl_1,SoilMoist_inst_lvl_2,SoilMoist_inst_lvl_3,SoilTemp_inst_lvl_0,SoilTemp_inst_lvl_1,SoilTemp_inst_lvl_2,SoilTemp_inst_lvl_3,Streamflow_tavg
2,62299,4.527314186096191,11.544301986694336,0.05827724561095238,3.138554334640503,15.209356307983398,0.3308510482311249,0.33023515343666077,0.33016717433929443,0.33581671118736267,18.272979736328125,17.74924659729004,17.86717987060547,17.972658157348633,6914.7587890625
3,62299,4.312995433807373,11.570927619934082,0.05856527388095856,2.9954051971435547,15.262900352478027,0.33010295033454895,0.33111000061035156,0.3339489698410034,0.3437997102737427,17.932029724121094,17.241409301757812,16.96820068359375,16.929426193237305,6351.78466796875
4,62299,3.6042888164520264,11.370036125183105,0.03950905799865723,2.85677170753479,15.264189720153809,0.3240700960159302,0.32639577984809875,0.3309454321861267,0.3437027037143707,17.684326171875,17.02949333190918,16.62432098388672,16.425159454345703,5039.96630859375
5,62299,2.9249982833862305,10.932808876037598,0.014159473590552807,2.6613543033599854,15.04060173034668,0.3144912123680115,0.31809908151626587,0.3231459856033325,0.3356744050979614,17.38553810119629,16.731834411621094,16.291576385498047,16.092496871948242,5491.3896484375
6,62299,2.375248908996582,10.383024215698242,0.00929431151598692,2.4620776176452637,14.771733283996582,0.30174317955970764,0.306896835565567,0.311894029378891,0.3230757415294647,17.158231735229492,16.43209457397461,15.935510635375977,15.766402244567871,4947.7333984375
7,62299,2.155221700668335,10.044465065002441,0.00812945980578661,2.463322401046753,14.828234672546387,0.29221445322036743,0.29744142293930054,0.3008723556995392,0.3097541034221649,17.455989837646484,16.528804779052734,15.879419326782227,15.587505340576172,3831.787109375
