month,pfaf_id,Rainf_tavg,Qair_f_tavg,Qs_tavg,Evap_tavg,Tair_f_tavg,SoilMoist_inst_lvl_0,SoilMoist_inst_lvl_1,SoilMoist_inst_lvl_2,SoilMoist_inst_lvl_3,SoilTemp_inst_lvl_0,SoilTemp_inst_lvl_1,SoilTemp_inst_lvl_2,SoilTemp_inst_lvl_3,Streamflow_tavg
2,62246,8.748889923095703,16.927248001098633,0.19333992898464203,3.5715959072113037,24.357215881347656,0.41690436005592346,0.4183121621608734,0.4229412078857422,0.4382283389568329,25.542991638183594,25.39357566833496,25.289705276489258,25.280609130859375,589.1063842773438
3,62246,8.280448913574219,17.246780395507812,0.1393655240535736,3.4751334190368652,24.545774459838867,0.4191996455192566,0.421819806098938,0.4291040897369385,0.450218141078949,25.613536834716797,25.387205123901367,25.16019630432129,25.07585334777832,887.1767578125
4,62246,7.383604049682617,17.259788513183594,0.10133803635835648,3.418471097946167,24.461763381958008,0.4176504611968994,0.41999056935310364,0.42710429430007935,0.44765007495880127,25.517290115356445,25.31417465209961,25.102962493896484,25.000652313232422,826.4169921875
5,62246,4.462976932525635,16.44002914428711,0.049600910395383835,3.267672300338745,24.151025772094727,0.4082924723625183,0.4106830358505249,0.4173743426799774,0.43493637442588806,24.881750106811523,24.785091400146484,24.766162872314453,24.83443832397461,533.1339111328125
6,62246,2.0577316284179688,14.162689208984375,0.015243926085531712,3.2349281311035156,23.91852378845215,0.3873995542526245,0.3913493752479553,0.3971277177333832,0.4095347821712494,23.94085121154785,23.84688377380371,23.955379486083984,24.30810546875,208.72854614257812
7,62246,0.9265183210372925,11.617338180541992,0.003893681336194277,3.2963063716888428,24.763320922851562,0.34280699491500854,0.3611198961734772,0.3665192723274231,0.374825656414032,24.35529327392578,23.960891723632812,23.682323455810547,23.821517944335938,56.81671905517578
