month,pfaf_id,Rainf_tavg,Qair_f_tavg,Qs_tavg,Evap_tavg,Tair_f_tavg,SoilMoist_inst_lvl_0,SoilMoist_inst_lvl_1,SoilMoist_inst_lvl_2,SoilMoist_inst_lvl_3,SoilTemp_inst_lvl_0,SoilTemp_inst_lvl_1,SoilTemp_inst_lvl_2,SoilTemp_inst_lvl_3,Streamflow_tavg
2,61587,9.638996124267578,17.277374267578125,0.4912751317024231,3.817409038543701,25.5517578125,0.41042765974998474,0.40886086225509644,0.40341717004776,0.3919471502304077,27.100139617919922,26.58740234375,26.52974510192871,26.576305389404297,325.6165466308594
3,61587,9.99415397644043,17.330368041992188,0.9880844950675964,3.8449339866638184,25.597543716430664,0.4263065755367279,0.42831769585609436,0.4349861741065979,0.4516732096672058,27.302318572998047,26.65017318725586,26.42317771911621,26.394161224365234,1193.999755859375
4,61587,10.058328628540039,17.34178924560547,0.7516340613365173,3.8879923820495605,25.514049530029297,0.4287993013858795,0.4314640462398529,0.4393130838871002,0.45983418822288513,27.150943756103516,26.589031219482422,26.40913963317871,26.364959716796875,1835.639892578125
5,61587,10.138104438781738,17.328020095825195,0.5055445432662964,3.8293166160583496,25.39052963256836,0.42960304021835327,0.432317316532135,0.4401835799217224,0.461139440536499,26.845834732055664,26.385669708251953,26.250417709350586,26.266576766967773,2113.509033203125
6,61587,10.13929271697998,17.348745346069336,0.4937624931335449,3.760223865509033,25.477210998535156,0.43008628487586975,0.4325878620147705,0.44042497873306274,0.46158862113952637,26.791118621826172,26.34383773803711,26.167842864990234,26.16092300415039,2254.86083984375
7,61587,10.137195587158203,17.3072509765625,0.6789652109146118,3.7411608695983887,25.445648193359375,0.429673969745636,0.4321640431880951,0.4400518834590912,0.4610758423805237,26.8519344329834,26.35736656188965,26.163532257080078,26.124902725219727,2252.73291015625
