month,pfaf_id,Rainf_tavg,Qair_f_tavg,Qs_tavg,Evap_tavg,Tair_f_tavg,SoilMoist_inst_lvl_0,SoilMoist_inst_lvl_1,SoilMoist_inst_lvl_2,SoilMoist_inst_lvl_3,SoilTemp_inst_lvl_0,SoilTemp_inst_lvl_1,SoilTemp_inst_lvl_2,SoilTemp_inst_lvl_3,Streamflow_tavg
1,62284,5.2845869064331055,16.404111862182617,0.06985815614461899,3.578610897064209,25.156871795654297,0.34087783098220825,0.3447164297103882,0.34547391533851624,0.3474452495574951,26.504379272460938,26.28302764892578,25.95557975769043,25.899869918823242,1661.4815673828125
2,62284,5.435786724090576,16.471616744995117,0.069912850856781,3.6768767833709717,25.342418670654297,0.34260618686676025,0.3470776081085205,0.3496180772781372,0.35777390003204346,26.708850860595703,26.494983673095703,26.037353515625,25.828027725219727,2377.912841796875
3,62284,5.892256259918213,16.66455841064453,0.07666131854057312,3.7293684482574463,25.38670539855957,0.3480358421802521,0.35164809226989746,0.3549084961414337,0.3663276731967926,26.69491195678711,26.584152221679688,26.146644592285156,25.910966873168945,2909.824462890625
4,62284,6.535673141479492,16.861141204833984,0.07959790527820587,3.717651605606079,25.201269149780273,0.35666924715042114,0.358851820230484,0.36269810795783997,0.3772539496421814,26.452281951904297,26.377904891967773,26.052719116210938,25.907072067260742,3744.6328125
5,62284,6.678045749664307,16.926891326904297,0.06905779242515564,3.722377300262451,25.08785057067871,0.3616824150085449,0.3638356924057007,0.3686624765396118,0.3858729302883148,26.285717010498047,26.127044677734375,25.85586929321289,25.775737762451172,4992.28125
12,62284,5.963546276092529,16.594114303588867,0.0712835043668747,3.5604629516601562,25.2087345123291,0.3367480933666229,0.33623209595680237,0.3296884596347809,0.32348504662513733,26.519987106323242,26.427841186523438,26.27958869934082,26.309589385986328,2435.765625
