month,pfaf_id,Rainf_tavg,Qair_f_tavg,Qs_tavg,Evap_tavg,Tair_f_tavg,SoilMoist_inst_lvl_0,SoilMoist_inst_lvl_1,SoilMoist_inst_lvl_2,SoilMoist_inst_lvl_3,SoilTemp_inst_lvl_0,SoilTemp_inst_lvl_1,SoilTemp_inst_lvl_2,SoilTemp_inst_lvl_3,Streamflow_tavg
4,67101,0.2932276427745819,11.108431816101074,0.0004813519772142172,0.5349679589271545,18.167892456054688,0.17816877365112305,0.20728930830955505,0.20824822783470154,0.2173977643251419,20.684139251708984,20.24598503112793,19.323482513427734,18.3702392578125,8.082237243652344
5,67101,0.12335717678070068,9.569568634033203,0.00010436536103952676,0.31553512811660767,16.876235961914062,0.1691991239786148,0.20066049695014954,0.20442847907543182,0.21567530930042267,18.406578063964844,18.24058723449707,17.868770599365234,17.574987411499023,5.151215553283691
6,67101,0.10669587552547455,8.512521743774414,0.00045841149403713644,0.2235008329153061,15.795722961425781,0.16330116987228394,0.1974892020225525,0.20185662806034088,0.2135169506072998,16.77800178527832,16.454313278198242,16.150300979614258,16.137527465820312,3.331141233444214
7,67101,0.07924087345600128,8.099578857421875,4.747630373458378e-05,0.19945846498012543,15.412784576416016,0.1594972014427185,0.1955101191997528,0.20017269253730774,0.21175092458724976,16.4088077545166,15.841245651245117,15.262890815734863,15.034486770629883,2.205124616622925
8,67101,0.08021941035985947,8.006692886352539,4.7026511310832575e-05,0.2041088491678238,15.591178894042969,0.15273980796337128,0.19336874783039093,0.1984662562608719,0.2102065235376358,17.357643127441406,16.293445587158203,15.245160102844238,14.607939720153809,1.5906343460083008
9,67101,0.09793445467948914,8.3803071975708,7.563071994809434e-05,0.24269534647464752,16.284282684326172,0.14323140680789948,0.19099490344524384,0.19661031663417816,0.20885050296783447,19.612096786499023,17.801937103271484,16.30919647216797,15.11385440826416,1.229653000831604
