month,pfaf_id,Rainf_tavg,Qair_f_tavg,Qs_tavg,Evap_tavg,Tair_f_tavg,SoilMoist_inst_lvl_0,SoilMoist_inst_lvl_1,SoilMoist_inst_lvl_2,SoilMoist_inst_lvl_3,SoilTemp_inst_lvl_0,SoilTemp_inst_lvl_1,SoilTemp_inst_lvl_2,SoilTemp_inst_lvl_3,Streamflow_tavg
1,62232,4.83817195892334,16.36698341369629,0.037078529596328735,3.184112548828125,24.470354080200195,0.36092349886894226,0.34544339776039124,0.3001553416252136,0.24718056619167328,25.220199584960938,25.131866455078125,25.041961669921875,25.160627365112305,70.23616027832031
2,62232,5.205559253692627,16.668987274169922,0.049639858305454254,3.2717463970184326,24.400602340698242,0.3736679255962372,0.3635922074317932,0.33118510246276855,0.27253633737564087,25.34424591064453,25.220460891723633,24.968185424804688,24.880884170532227,37.910804748535156
3,62232,5.573899745941162,16.924644470214844,0.0719590112566948,3.2883965969085693,24.417098999023438,0.3846472203731537,0.3779943883419037,0.3584011197090149,0.305840402841568,25.431211471557617,25.33818817138672,25.04154396057129,24.872055053710938,103.59343719482422
4,62232,5.827784061431885,17.065412521362305,0.0856253057718277,3.3600194454193115,24.42999839782715,0.39482736587524414,0.39091756939888,0.38065817952156067,0.34680867195129395,25.488555908203125,25.39043426513672,25.094701766967773,24.914512634277344,279.46142578125
5,62232,5.875915050506592,17.113117218017578,0.09120466560125351,3.4410226345062256,24.424583435058594,0.4019722640514374,0.39987713098526,0.3954421579837799,0.3813972473144531,25.474782943725586,25.339933395385742,25.07924461364746,24.92816925048828,577.1177368164062
12,62232,3.851085901260376,15.665925025939941,0.02274526096880436,3.227849006652832,25.2277889251709,0.3286961317062378,0.3088141977787018,0.27288636565208435,0.237722247838974,25.642166137695312,25.647117614746094,25.696104049682617,25.832109451293945,279.4359130859375
