month,pfaf_id,Rainf_tavg,Qair_f_tavg,Qs_tavg,Evap_tavg,Tair_f_tavg,SoilMoist_inst_lvl_0,SoilMoist_inst_lvl_1,SoilMoist_inst_lvl_2,SoilMoist_inst_lvl_3,SoilTemp_inst_lvl_0,SoilTemp_inst_lvl_1,SoilTemp_inst_lvl_2,SoilTemp_inst_lvl_3,Streamflow_tavg
1,61628,3.6820249557495117,16.39555549621582,0.012057676911354065,3.344569206237793,25.13077163696289,0.2929095923900604,0.29341524839401245,0.28503140807151794,0.27415135502815247,26.0980281829834,26.071186065673828,25.783477783203125,25.796478271484375,108.18190002441406
2,61628,3.7174603939056396,16.430931091308594,0.012559374794363976,3.4336636066436768,25.301259994506836,0.28966712951660156,0.28988420963287354,0.28220269083976746,0.27362537384033203,26.33568572998047,26.306781768798828,25.845930099487305,25.670026779174805,96.43587493896484
3,61628,4.148687839508057,16.625627517700195,0.015344136394560337,3.476686716079712,25.37459373474121,0.29376721382141113,0.29282495379447937,0.28297311067581177,0.27338945865631104,26.38585662841797,26.477941513061523,26.010089874267578,25.785402297973633,98.8035888671875
4,61628,5.121858596801758,16.951005935668945,0.021458718925714493,3.415182113647461,25.223365783691406,0.30816006660461426,0.30565550923347473,0.29468926787376404,0.2828609049320221,26.211984634399414,26.337875366210938,25.977436065673828,25.832809448242188,118.85676574707031
5,61628,5.509469509124756,17.07532501220703,0.0235469788312912,3.451728582382202,25.1249942779541,0.31836676597595215,0.31735122203826904,0.3107737600803375,0.30216580629348755,26.189422607421875,26.16769790649414,25.844253540039062,25.74724769592285,198.22897338867188
12,61628,4.343034744262695,16.638595581054688,0.013551517389714718,3.3668713569641113,25.269493103027344,0.29332008957862854,0.28860610723495483,0.27645063400268555,0.26887843012809753,26.250869750976562,26.36768341064453,26.295557022094727,26.435943603515625,240.811767578125
