month,pfaf_id,Rainf_tavg,Qair_f_tavg,Qs_tavg,Evap_tavg,Tair_f_tavg,SoilMoist_inst_lvl_0,SoilMoist_inst_lvl_1,SoilMoist_inst_lvl_2,SoilMoist_inst_lvl_3,SoilTemp_inst_lvl_0,SoilTemp_inst_lvl_1,SoilTemp_inst_lvl_2,SoilTemp_inst_lvl_3,Streamflow_tavg
2,62459,7.139172554016113,17.19559669494629,0.0676736831665039,3.578361988067627,24.692523956298828,0.33549004793167114,0.3357296884059906,0.33543238043785095,0.3430808186531067,25.59885597229004,25.95725440979004,25.973913192749023,26.191017150878906,6188.1416015625
3,62459,7.333237648010254,17.427886962890625,0.06554581224918365,3.517437219619751,24.855501174926758,0.3425214886665344,0.3440014719963074,0.34947365522384644,0.373635858297348,25.58757972717285,25.851720809936523,25.662723541259766,25.760421752929688,5623.53076171875
4,62459,6.9992995262146,17.494537353515625,0.05360465869307518,3.5150840282440186,24.82978630065918,0.3435730040073395,0.34583473205566406,0.35387179255485535,0.38467445969581604,25.498077392578125,25.81790542602539,25.58580207824707,25.618030548095703,6507.73193359375
5,62459,4.502050876617432,16.955303192138672,0.03106788732111454,3.2775022983551025,24.55882453918457,0.33237895369529724,0.3359821140766144,0.34594598412513733,0.376850426197052,25.060199737548828,25.588884353637695,25.406564712524414,25.501279830932617,6082.87060546875
6,62459,1.9605686664581299,15.335588455200195,0.008006406016647816,2.981125831604004,24.262727737426758,0.3060435652732849,0.3131469488143921,0.3247838318347931,0.3509358763694763,24.52828598022461,25.212162017822266,25.0039005279541,25.208786010742188,2976.84423828125
7,62459,0.7273321151733398,12.565241813659668,0.0010254302760586143,2.709878444671631,24.76710319519043,0.2548421323299408,0.28246644139289856,0.2965746223926544,0.3181913197040558,25.08346939086914,25.76879119873047,25.133670806884766,25.09469985961914,1017.4229736328125
