month,pfaf_id,Rainf_tavg,Qair_f_tavg,Qs_tavg,Evap_tavg,Tair_f_tavg,SoilMoist_inst_lvl_0,SoilMoist_inst_lvl_1,SoilMoist_inst_lvl_2,SoilMoist_inst_lvl_3,SoilTemp_inst_lvl_0,SoilTemp_inst_lvl_1,SoilTemp_inst_lvl_2,SoilTemp_inst_lvl_3,Streamflow_tavg
4,61598,6.075840473175049,14.489368438720703,0.1462685763835907,3.327284812927246,22.507789611816406,0.3641219437122345,0.3646574020385742,0.3626357316970825,0.36260995268821716,24.33563232421875,23.57388687133789,23.59709930419922,23.665172576904297,718.1176147460938
5,61598,6.024646282196045,14.472330093383789,0.19662465155124664,3.2552266120910645,22.28421401977539,0.36926278471946716,0.3702789843082428,0.3710288405418396,0.3748670220375061,24.005687713623047,23.075605392456055,22.893693923950195,22.862764358520508,558.0413818359375
6,61598,6.000120162963867,14.437987327575684,0.18371692299842834,3.207160234451294,22.23573112487793,0.3720202147960663,0.37284937500953674,0.3743131458759308,0.3821660876274109,23.628801345825195,22.76963996887207,22.52570152282715,22.390117645263672,652.3779296875
7,61598,5.885723114013672,14.235872268676758,0.16230902075767517,3.1523029804229736,22.013139724731445,0.3730621039867401,0.37398162484169006,0.3762732148170471,0.38669726252555847,23.258380889892578,22.512428283691406,22.245603561401367,22.08135223388672,758.7554321289062
8,61598,5.702520370483398,14.24136734008789,0.1497679054737091,3.179609537124634,22.31915283203125,0.37167420983314514,0.37313562631607056,0.3762480318546295,0.38794487714767456,23.403236389160156,22.633243560791016,22.20930290222168,21.919235229492188,830.0794067382812
9,61598,5.592757225036621,14.44662094116211,0.1405445784330368,3.2889716625213623,22.759201049804688,0.3690818250179291,0.37089139223098755,0.3745475709438324,0.38648486137390137,23.861896514892578,23.0459041595459,22.4797420501709,22.026430130004883,803.646484375
