month,pfaf_id,Rainf_tavg,Qair_f_tavg,Qs_tavg,Evap_tavg,Tair_f_tavg,SoilMoist_inst_lvl_0,SoilMoist_inst_lvl_1,SoilMoist_inst_lvl_2,SoilMoist_inst_lvl_3,SoilTemp_inst_lvl_0,SoilTemp_inst_lvl_1,SoilTemp_inst_lvl_2,SoilTemp_inst_lvl_3,Streamflow_tavg
1,62288,9.07402515411377,17.715831756591797,0.10342095792293549,3.5389060974121094,24.99530792236328,0.3614620864391327,0.36467814445495605,0.3728042542934418,0.3999212980270386,26.328649520874023,25.884084701538086,25.648935317993164,25.591388702392578,7163.04052734375
2,62288,9.063422203063965,17.7827091217041,0.06000008434057236,3.621675491333008,25.170894622802734,0.3617737591266632,0.36472684144973755,0.37283679842948914,0.40009716153144836,26.50322151184082,26.044998168945312,25.704193115234375,25.54203987121582,7951.92236328125
3,62288,9.11557388305664,17.80762481689453,0.05925695598125458,3.593750476837158,25.17900276184082,0.36167195439338684,0.36477604508399963,0.37306520342826843,0.40040773153305054,26.5091609954834,26.129823684692383,25.804676055908203,25.622072219848633,7922.59326171875
4,62288,9.278312683105469,17.738300323486328,0.07451589405536652,3.5048511028289795,24.953659057617188,0.36194947361946106,0.3651914596557617,0.3736313283443451,0.4012308120727539,26.32514190673828,25.987850189208984,25.740535736083984,25.627450942993164,8084.12939453125
5,62288,9.305996894836426,17.72361183166504,0.07262736558914185,3.435448408126831,24.842222213745117,0.3623368442058563,0.3654634654521942,0.3739379644393921,0.4017872214317322,26.277629852294922,25.877613067626953,25.62869644165039,25.542476654052734,8405.8173828125
12,62288,9.125101089477539,17.690677642822266,0.11017946153879166,3.484206199645996,24.865867614746094,0.3597767651081085,0.3625373840332031,0.36910659074783325,0.3924213945865631,26.323854446411133,25.95985221862793,25.826751708984375,25.842870712280273,6073.55224609375
