month,pfaf_id,Rainf_tavg,Qair_f_tavg,Qs_tavg,Evap_tavg,Tair_f_tavg,SoilMoist_inst_lvl_0,SoilMoist_inst_lvl_1,SoilMoist_inst_lvl_2,SoilMoist_inst_lvl_3,SoilTemp_inst_lvl_0,SoilTemp_inst_lvl_1,SoilTemp_inst_lvl_2,SoilTemp_inst_lvl_3,Streamflow_tavg
4,64279,3.1332292556762695,14.714720726013184,0.007974851876497269,2.3615381717681885,23.642892837524414,0.2546182870864868,0.2614095211029053,0.27005529403686523,0.2995910048484802,23.984149932861328,25.270139694213867,25.163969039916992,25.341371536254883,2451.862548828125
5,64279,1.8672666549682617,12.097707748413086,0.0036273840814828873,1.8126119375228882,21.843698501586914,0.24129122495651245,0.25185734033584595,0.2644610106945038,0.2936580181121826,21.67051124572754,23.124391555786133,23.19365119934082,23.714941024780273,1573.890869140625
6,64279,1.3126213550567627,10.53808879852295,0.002018281491473317,1.4901621341705322,20.668867111206055,0.23085233569145203,0.24387018382549286,0.2576325833797455,0.28561994433403015,20.12260627746582,21.57241439819336,21.51239585876465,22.09453773498535,818.5013427734375
7,64279,1.0453612804412842,9.565698623657227,0.001134901656769216,1.3457552194595337,21.12950325012207,0.21369580924510956,0.23275761306285858,0.24893775582313538,0.27678894996643066,20.23105812072754,21.698163986206055,21.092172622680664,21.247312545776367,437.6128845214844
8,64279,0.9428231120109558,9.417035102844238,0.0011741591151803732,1.3165862560272217,23.506881713867188,0.18911977112293243,0.2253820151090622,0.24152293801307678,0.26872411370277405,22.685592651367188,24.0346622467041,22.589176177978516,21.939998626708984,253.76736450195312
9,64279,1.508644700050354,10.358034133911133,0.0032391734421253204,1.5496740341186523,25.620758056640625,0.1813356727361679,0.22336405515670776,0.23578296601772308,0.2618519365787506,25.447195053100586,26.80379867553711,25.073068618774414,23.921260833740234,169.24449157714844
