month,pfaf_id,Rainf_tavg,Qair_f_tavg,Qs_tavg,Evap_tavg,Tair_f_tavg,SoilMoist_inst_lvl_0,SoilMoist_inst_lvl_1,SoilMoist_inst_lvl_2,SoilMoist_inst_lvl_3,SoilTemp_inst_lvl_0,SoilTemp_inst_lvl_1,SoilTemp_inst_lvl_2,SoilTemp_inst_lvl_3,Streamflow_tavg
1,62309,5.9564690589904785,17.3592472076416,0.04199722409248352,3.5180821418762207,25.758974075317383,0.3518425524234772,0.341997891664505,0.30925360321998596,0.25118085741996765,26.652746200561523,26.84893035888672,26.814903259277344,27.020048141479492,426.2616882324219
2,62309,6.1673712730407715,17.54860496520996,0.05561121180653572,3.6168406009674072,25.750463485717773,0.3636026978492737,0.3577948808670044,0.34133845567703247,0.29349973797798157,26.66326332092285,26.800064086914062,26.594343185424805,26.587646484375,334.8952941894531
3,62309,6.84248685836792,17.782678604125977,0.08468078821897507,3.6756317615509033,25.796419143676758,0.3762291371822357,0.37277209758758545,0.3649767339229584,0.34205272793769836,26.68144989013672,26.838600158691406,26.576059341430664,26.476011276245117,812.2324829101562
4,62309,7.103579521179199,17.899412155151367,0.10379236191511154,3.7784225940704346,25.876190185546875,0.3853934407234192,0.38488492369651794,0.38509440422058105,0.3865845501422882,26.749820709228516,26.893489837646484,26.59326934814453,26.456287384033203,1229.318115234375
5,62309,6.615861415863037,17.902570724487305,0.11531813442707062,3.762221336364746,25.871692657470703,0.3887929320335388,0.39001694321632385,0.39513641595840454,0.409775048494339,26.76659393310547,26.881118774414062,26.594501495361328,26.460203170776367,1686.0872802734375
12,62309,5.02946662902832,16.724842071533203,0.02696099318563938,3.5217692852020264,26.456541061401367,0.3235291540622711,0.30874103307724,0.2700361907482147,0.22347739338874817,27.153213500976562,27.531225204467773,27.691129684448242,27.966632843017578,1078.9207763671875
