month,pfaf_id,Rainf_tavg,Qair_f_tavg,Qs_tavg,Evap_tavg,Tair_f_tavg,SoilMoist_inst_lvl_0,SoilMoist_inst_lvl_1,SoilMoist_inst_lvl_2,SoilMoist_inst_lvl_3,SoilTemp_inst_lvl_0,SoilTemp_inst_lvl_1,SoilTemp_inst_lvl_2,SoilTemp_inst_lvl_3,Streamflow_tavg
2,61624,3.4121296405792236,14.545701026916504,0.009632030501961708,3.723815441131592,22.718080520629883,0.30182239413261414,0.30273789167404175,0.30318450927734375,0.3096286356449127,23.1983585357666,23.404052734375,23.332448959350586,23.454984664916992,534.3856201171875
3,61624,3.7167606353759766,14.958402633666992,0.010902066715061665,3.6711978912353516,22.81882095336914,0.30352848768234253,0.300998330116272,0.296917200088501,0.2993755340576172,23.670326232910156,23.699298858642578,23.302637100219727,23.187788009643555,196.24644470214844
4,61624,4.225687503814697,15.410408973693848,0.015018097124993801,3.612225294113159,22.934980392456055,0.3084021210670471,0.30176642537117004,0.2912570834159851,0.2890138328075409,24.154739379882812,24.096284866333008,23.601884841918945,23.343013763427734,67.14239501953125
5,61624,4.889951229095459,15.765952110290527,0.017442364245653152,3.456012010574341,22.83279037475586,0.3192274272441864,0.31348276138305664,0.3005715012550354,0.28966647386550903,24.043909072875977,24.037841796875,23.675533294677734,23.499698638916016,99.09285736083984
6,61624,4.950167655944824,15.881478309631348,0.017076212912797928,3.386178970336914,22.797563552856445,0.3235766589641571,0.3202974498271942,0.31215688586235046,0.2992278039455414,23.9367733001709,23.95438575744629,23.623083114624023,23.48506736755371,373.0460510253906
7,61624,4.930942535400391,15.813567161560059,0.01745477132499218,3.4105947017669678,22.719314575195312,0.3250846862792969,0.32295793294906616,0.31766876578330994,0.3088172972202301,23.858400344848633,23.847959518432617,23.538671493530273,23.428895950317383,732.2680053710938
