month,pfaf_id,Rainf_tavg,Qair_f_tavg,Qs_tavg,Evap_tavg,Tair_f_tavg,SoilMoist_inst_lvl_0,SoilMoist_inst_lvl_1,SoilMoist_inst_lvl_2,SoilMoist_inst_lvl_3,SoilTemp_inst_lvl_0,SoilTemp_inst_lvl_1,SoilTemp_inst_lvl_2,SoilTemp_inst_lvl_3,Streamflow_tavg
4,61567,6.664253234863281,16.118656158447266,0.08873067051172256,3.559976816177368,25.230337142944336,0.34381401538848877,0.3451099097728729,0.3426910936832428,0.3441798985004425,27.206260681152344,26.93004035949707,27.670642852783203,28.41553497314453,796.1729736328125
5,61567,6.649234771728516,16.18895149230957,0.11276265978813171,3.4148519039154053,24.844968795776367,0.3538322448730469,0.3565038740634918,0.3614577651023865,0.3767160177230835,26.44544219970703,25.80413246154785,25.977535247802734,26.438613891601562,1016.00341796875
6,61567,6.634136199951172,16.198047637939453,0.08861060440540314,3.3640103340148926,24.798925399780273,0.3569504916667938,0.358655720949173,0.36403974890708923,0.3861311972141266,26.01515769958496,25.376293182373047,25.288555145263672,25.42157745361328,1237.4818115234375
7,61567,6.552803993225098,15.945928573608398,0.08472546935081482,3.242905616760254,24.644737243652344,0.35698965191841125,0.3584967255592346,0.3631131947040558,0.3884596526622772,25.6733455657959,25.11139678955078,24.932228088378906,24.932531356811523,1295.297607421875
8,61567,6.286442756652832,15.957202911376953,0.07659304887056351,3.216756582260132,24.939151763916016,0.35456469655036926,0.3558907210826874,0.3603927791118622,0.38748791813850403,25.917232513427734,25.30632209777832,24.918840408325195,24.734464645385742,1256.5343017578125
9,61567,6.069762229919434,16.178571701049805,0.0689682736992836,3.26173996925354,25.471656799316406,0.35065504908561707,0.3524726927280426,0.3572784960269928,0.3848569393157959,26.52964973449707,25.83281707763672,25.272403717041016,24.88688850402832,1194.0045166015625
