month,pfaf_id,Rainf_tavg,Qair_f_tavg,Qs_tavg,Evap_tavg,Tair_f_tavg,SoilMoist_inst_lvl_0,SoilMoist_inst_lvl_1,SoilMoist_inst_lvl_2,SoilMoist_inst_lvl_3,SoilTemp_inst_lvl_0,SoilTemp_inst_lvl_1,SoilTemp_inst_lvl_2,SoilTemp_inst_lvl_3,Streamflow_tavg
1,62293,6.955780506134033,17.533504486083984,0.035808347165584564,3.6049232482910156,26.015104293823242,0.3460891544818878,0.3486115634441376,0.3552102744579315,0.3758492171764374,27.033815383911133,26.68456268310547,26.457990646362305,26.404521942138672,42314.875
2,62293,7.078929424285889,17.617738723754883,0.039838384836912155,3.6037914752960205,26.084209442138672,0.3491641879081726,0.352657675743103,0.36154118180274963,0.38737010955810547,27.19306755065918,26.839567184448242,26.49783706665039,26.328914642333984,36922.87109375
3,62293,7.173874855041504,17.66880226135254,0.03648374602198601,3.6373507976531982,26.09980583190918,0.3504042625427246,0.35375329852104187,0.36290833353996277,0.3898618817329407,27.17860221862793,26.879314422607422,26.56036949157715,26.382659912109375,38432.64453125
4,62293,7.261096954345703,17.65751075744629,0.03130039572715759,3.6728692054748535,25.99555778503418,0.35123273730278015,0.35420775413513184,0.36324673891067505,0.3904397189617157,27.09749412536621,26.826967239379883,26.530323028564453,26.384090423583984,41890.92578125
5,62293,6.9077653884887695,17.66674041748047,0.021976571530103683,3.7256786823272705,25.903791427612305,0.3501143157482147,0.35325711965560913,0.3623136579990387,0.3894389271736145,27.059127807617188,26.738021850585938,26.454065322875977,26.338659286499023,45512.1171875
12,62293,6.469099998474121,17.46267318725586,0.024849360808730125,3.6176767349243164,26.08535385131836,0.3381361961364746,0.33888864517211914,0.3408008813858032,0.3502744734287262,27.055747985839844,26.790348052978516,26.674592971801758,26.69889259338379,44436.58984375
