month,pfaf_id,Rainf_tavg,Qair_f_tavg,Qs_tavg,Evap_tavg,Tair_f_tavg,SoilMoist_inst_lvl_0,SoilMoist_inst_lvl_1,SoilMoist_inst_lvl_2,SoilMoist_inst_lvl_3,SoilTemp_inst_lvl_0,SoilTemp_inst_lvl_1,SoilTemp_inst_lvl_2,SoilTemp_inst_lvl_3,Streamflow_tavg
4,62226,6.3339457511901855,16.945907592773438,0.03963282331824303,3.450623035430908,24.278657913208008,0.3375355303287506,0.34036630392074585,0.3486577272415161,0.3804371654987335,25.21743392944336,25.39864158630371,25.286272048950195,25.31195068359375,5396.24853515625
5,62226,3.7423181533813477,15.738314628601074,0.013922813348472118,3.021872043609619,23.808992385864258,0.3256039321422577,0.3296161890029907,0.3391931354999542,0.36954841017723083,24.215843200683594,24.486997604370117,24.516324996948242,24.76005744934082,3375.971923828125
6,62226,1.5017015933990479,13.393716812133789,0.002991626039147377,2.837310552597046,23.495773315429688,0.2980974316596985,0.3058202564716339,0.31631478667259216,0.3411344587802887,23.183719635009766,23.5423641204834,23.57123565673828,23.98017120361328,1698.3660888671875
7,62226,0.7487898468971252,10.99891185760498,0.0008696086006239057,2.8810133934020996,24.09086036682129,0.25595101714134216,0.2755633294582367,0.2867608666419983,0.3057630658149719,23.402061462402344,23.680246353149414,23.24075698852539,23.385650634765625,617.0576782226562
8,62226,0.7141667008399963,9.764211654663086,0.0007858944591134787,2.8556342124938965,26.076059341430664,0.21061111986637115,0.24391189217567444,0.25439250469207764,0.2688417434692383,25.592506408691406,25.559797286987305,24.421384811401367,23.846586227416992,219.2782745361328
9,62226,2.2046709060668945,11.758943557739258,0.01119470875710249,3.1376707553863525,27.52881622314453,0.22023604810237885,0.23016123473644257,0.2274034470319748,0.23678509891033173,27.75826644897461,27.582014083862305,26.257139205932617,25.254941940307617,96.89112854003906
