month,pfaf_id,Rainf_tavg,Qair_f_tavg,Qs_tavg,Evap_tavg,Tair_f_tavg,SoilMoist_inst_lvl_0,SoilMoist_inst_lvl_1,SoilMoist_inst_lvl_2,SoilMoist_inst_lvl_3,SoilTemp_inst_lvl_0,SoilTemp_inst_lvl_1,SoilTemp_inst_lvl_2,SoilTemp_inst_lvl_3,Streamflow_tavg
2,62235,6.35773229598999,16.85541534423828,0.13267995417118073,3.3080196380615234,25.72844123840332,0.3428710997104645,0.33465325832366943,0.309040367603302,0.2537632882595062,26.16312599182129,26.19914436340332,26.1221981048584,26.2027645111084,111265.6328125
3,62235,6.672152996063232,17.33004379272461,0.14936073124408722,3.2848763465881348,25.66728401184082,0.3553979992866516,0.3503100574016571,0.33523261547088623,0.2915697395801544,26.209209442138672,26.154560089111328,25.92325210571289,25.86237907409668,128585.1640625
4,62235,6.940621376037598,17.508359909057617,0.20678478479385376,3.270493507385254,25.810882568359375,0.36379244923591614,0.3614332675933838,0.3544447422027588,0.3299602270126343,26.26340103149414,26.200517654418945,25.928483963012695,25.781126022338867,138799.78125
5,62235,6.626482009887695,17.647611618041992,0.16501158475875854,3.1971054077148438,25.810401916503906,0.36850011348724365,0.3677941560745239,0.3657986521720886,0.3589579164981842,26.142072677612305,26.122854232788086,25.881793975830078,25.74861717224121,143669.6875
6,62235,4.623815536499023,17.52012062072754,0.05186174437403679,3.196820020675659,25.710718154907227,0.3643546402454376,0.3651241660118103,0.36717501282691956,0.3727712035179138,25.972789764404297,25.97551155090332,25.76628875732422,25.671619415283203,139382.21875
7,62235,2.8526620864868164,16.797632217407227,0.015033110976219177,3.2942826747894287,25.624588012695312,0.35075706243515015,0.3522787392139435,0.35536500811576843,0.3629598319530487,25.763565063476562,25.74934959411621,25.55487632751465,25.52556610107422,119849.390625
