month,pfaf_id,Rainf_tavg,Qair_f_tavg,Qs_tavg,Evap_tavg,Tair_f_tavg,SoilMoist_inst_lvl_0,SoilMoist_inst_lvl_1,SoilMoist_inst_lvl_2,SoilMoist_inst_lvl_3,SoilTemp_inst_lvl_0,SoilTemp_inst_lvl_1,SoilTemp_inst_lvl_2,SoilTemp_inst_lvl_3,Streamflow_tavg
2,64249,5.273152828216553,17.09661293029785,0.03757698833942413,3.891584873199463,26.660289764404297,0.32778751850128174,0.32812342047691345,0.3302740454673767,0.3442222476005554,26.974658966064453,26.969812393188477,26.43941879272461,26.115385055541992,1640.925537109375
3,64249,4.9056715965271,17.148223876953125,0.03887000307440758,3.702624797821045,26.825437545776367,0.32767295837402344,0.3292251229286194,0.33381524682044983,0.34850233793258667,26.975357055664062,27.039060592651367,26.47798728942871,26.087329864501953,1609.130126953125
4,64249,3.371394395828247,15.439558982849121,0.024790167808532715,3.44036602973938,26.51375961303711,0.3106384575366974,0.317716121673584,0.3264314830303192,0.34356191754341125,26.279190063476562,26.637170791625977,26.240026473999023,26.02834129333496,1485.0399169921875
5,64249,1.5207133293151855,11.987552642822266,0.004562839400023222,2.681640625,25.81928253173828,0.2638593912124634,0.2939419746398926,0.3074077367782593,0.32543832063674927,25.29582405090332,26.009523391723633,25.666635513305664,25.626724243164062,1202.170166015625
6,64249,0.9554675817489624,9.632771492004395,0.0018034138483926654,1.70197331905365,24.83085060119629,0.21678853034973145,0.27902597188949585,0.29176971316337585,0.3076983690261841,24.75727653503418,25.524145126342773,25.018577575683594,25.032485961914062,677.4702758789062
7,64249,0.7203044295310974,8.797146797180176,0.0008548265905119479,1.3394016027450562,25.636201858520508,0.19249039888381958,0.27042609453201294,0.2816987633705139,0.295924574136734,25.75752067565918,26.343311309814453,25.37803840637207,24.96319007873535,319.1663513183594
