month,pfaf_id,Rainf_tavg,Qair_f_tavg,Qs_tavg,Evap_tavg,Tair_f_tavg,SoilMoist_inst_lvl_0,SoilMoist_inst_lvl_1,SoilMoist_inst_lvl_2,SoilMoist_inst_lvl_3,SoilTemp_inst_lvl_0,SoilTemp_inst_lvl_1,SoilTemp_inst_lvl_2,SoilTemp_inst_lvl_3,Streamflow_tavg
1,61592,9.057110786437988,18.066259384155273,0.23441460728645325,3.360124349594116,25.405763626098633,0.36732107400894165,0.37075695395469666,0.37755638360977173,0.39939141273498535,26.896961212158203,26.526491165161133,26.28887176513672,26.25979232788086,874.5693359375
2,61592,9.057266235351562,18.149465560913086,0.23027591407299042,3.495882511138916,25.676517486572266,0.3672806918621063,0.37055718898773193,0.3771512508392334,0.39872977137565613,27.108774185180664,26.707643508911133,26.335756301879883,26.168285369873047,848.8516845703125
3,61592,9.158943176269531,18.187883377075195,0.1818068027496338,3.54500150680542,25.71805191040039,0.36762088537216187,0.3707667589187622,0.3773963153362274,0.39911410212516785,27.128908157348633,26.793996810913086,26.439184188842773,26.246198654174805,843.8130493164062
4,61592,9.454550743103027,18.114917755126953,0.11013709008693695,3.494616985321045,25.43679428100586,0.3682878613471985,0.3712930977344513,0.37813207507133484,0.400255411863327,27.024539947509766,26.669635772705078,26.385448455810547,26.254283905029297,875.8158569335938
5,61592,9.55916976928711,18.107383728027344,0.19677557051181793,3.4017603397369385,25.326387405395508,0.3682264983654022,0.3714480400085449,0.37843409180641174,0.4007120728492737,26.958019256591797,26.5360050201416,26.268882751464844,26.173498153686523,921.9495239257812
12,61592,9.324166297912598,18.068483352661133,0.184621199965477,3.318416118621826,25.279804229736328,0.36688432097435,0.36992791295051575,0.3759772777557373,0.39611896872520447,26.915327072143555,26.661544799804688,26.59002113342285,26.66292381286621,660.951171875
