month,pfaf_id,Rainf_tavg,Qair_f_tavg,Qs_tavg,Evap_tavg,Tair_f_tavg,SoilMoist_inst_lvl_0,SoilMoist_inst_lvl_1,SoilMoist_inst_lvl_2,SoilMoist_inst_lvl_3,SoilTemp_inst_lvl_0,SoilTemp_inst_lvl_1,SoilTemp_inst_lvl_2,SoilTemp_inst_lvl_3,Streamflow_tavg
1,61599,4.792060852050781,14.585914611816406,0.022177236154675484,3.515364646911621,22.55167579650879,0.3680448830127716,0.36975574493408203,0.374930202960968,0.39112865924835205,24.211687088012695,23.249130249023438,22.954744338989258,22.818750381469727,679.7915649414062
2,61599,5.127110004425049,14.73669719696045,0.02369230054318905,3.5083515644073486,22.790910720825195,0.3689482808113098,0.37063807249069214,0.3754369914531708,0.39117273688316345,24.30801010131836,23.40070915222168,22.976688385009766,22.689138412475586,654.5993041992188
3,61599,5.406251430511475,14.84110164642334,0.024571280926465988,3.495845317840576,22.846744537353516,0.370858371257782,0.37291181087493896,0.3782644271850586,0.39528167247772217,24.23391342163086,23.446754455566406,23.040781021118164,22.72437858581543,739.7940063476562
4,61599,5.643339157104492,14.810493469238281,0.02316400408744812,3.4130876064300537,22.542573928833008,0.37342968583106995,0.3757779598236084,0.3818087577819824,0.4007348120212555,23.877487182617188,23.165935516357422,22.890697479248047,22.680309295654297,875.07666015625
5,61599,5.569768905639648,14.753414154052734,0.021394407376646996,3.354620933532715,22.345355987548828,0.37423455715179443,0.37671566009521484,0.38330015540122986,0.40362849831581116,23.687297821044922,22.931671142578125,22.676462173461914,22.515384674072266,963.0216674804688
12,61599,5.0571064949035645,14.668966293334961,0.027163034304976463,3.456166982650757,22.445255279541016,0.3691553771495819,0.3704104721546173,0.3752235472202301,0.3912431001663208,24.246566772460938,23.395858764648438,23.298625946044922,23.253332138061523,771.8621826171875
