month,pfaf_id,Rainf_tavg,Qair_f_tavg,Qs_tavg,Evap_tavg,Tair_f_tavg,SoilMoist_inst_lvl_0,SoilMoist_inst_lvl_1,SoilMoist_inst_lvl_2,SoilMoist_inst_lvl_3,SoilTemp_inst_lvl_0,SoilTemp_inst_lvl_1,SoilTemp_inst_lvl_2,SoilTemp_inst_lvl_3,Streamflow_tavg
1,62267,6.171188831329346,17.57477378845215,0.030395416542887688,3.6880056858062744,25.914012908935547,0.32406243681907654,0.32121750712394714,0.3091904819011688,0.27937182784080505,26.981874465942383,26.590356826782227,26.351049423217773,26.31745719909668,3195.126220703125
2,62267,6.411665439605713,17.650083541870117,0.042069487273693085,3.6701152324676514,25.868932723999023,0.3307119905948639,0.32999566197395325,0.3260951042175293,0.3180379271507263,26.98176383972168,26.61133575439453,26.275928497314453,26.122997283935547,3619.470947265625
3,62267,6.383518695831299,17.756681442260742,0.04710369557142258,3.643683433532715,25.79412841796875,0.33570194244384766,0.336670458316803,0.3383726477622986,0.3487423062324524,26.859495162963867,26.59538459777832,26.242958068847656,26.066251754760742,5237.4619140625
4,62267,5.182822227478027,17.300514221191406,0.029609644785523415,3.5444846153259277,25.58432960510254,0.33273550868034363,0.3350381851196289,0.34047743678092957,0.36122316122055054,26.503341674804688,26.262296676635742,26.020601272583008,25.947416305541992,7143.33935546875
5,62267,3.334638833999634,15.944547653198242,0.012865315191447735,3.363481283187866,25.269428253173828,0.31945645809173584,0.32268843054771423,0.3294312059879303,0.3506808578968048,25.89913558959961,25.61661720275879,25.474533081054688,25.581581115722656,7119.78076171875
12,62267,5.7430267333984375,17.1822452545166,0.023241497576236725,3.701195240020752,26.272722244262695,0.31031176447868347,0.30425071716308594,0.2836298644542694,0.23968073725700378,27.21070671081543,26.90859031677246,26.80743408203125,26.86809730529785,2690.35498046875
