month,pfaf_id,Rainf_tavg,Qair_f_tavg,Qs_tavg,Evap_tavg,Tair_f_tavg,SoilMoist_inst_lvl_0,SoilMoist_inst_lvl_1,SoilMoist_inst_lvl_2,SoilMoist_inst_lvl_3,SoilTemp_inst_lvl_0,SoilTemp_inst_lvl_1,SoilTemp_inst_lvl_2,SoilTemp_inst_lvl_3,Streamflow_tavg
1,62268,4.841331958770752,16.656028747558594,0.024141831323504448,3.6691133975982666,25.55055809020996,0.3078407645225525,0.3007809817790985,0.28165945410728455,0.2567502558231354,26.76039695739746,26.400653839111328,26.126440048217773,26.091859817504883,1776.1588134765625
2,62268,4.960041522979736,16.722558975219727,0.029700523242354393,3.5173959732055664,25.464086532592773,0.3118376135826111,0.3056120276451111,0.28934523463249207,0.2765847444534302,26.614215850830078,26.336566925048828,25.96375274658203,25.79584312438965,2176.17919921875
3,62268,4.697329521179199,16.612491607666016,0.03574758768081665,3.3347418308258057,25.311391830444336,0.31372079253196716,0.31010371446609497,0.29775404930114746,0.2938818335533142,26.4135799407959,26.24514389038086,25.854537963867188,25.662687301635742,3035.589111328125
4,62268,3.582991123199463,15.422494888305664,0.025909652933478355,3.0909252166748047,24.919086456298828,0.3064817190170288,0.3068177402019501,0.2996429204940796,0.3015879988670349,25.640073776245117,25.65835189819336,25.435556411743164,25.426137924194336,3262.911376953125
5,62268,2.2739644050598145,13.25129508972168,0.008972791023552418,2.8173718452453613,24.320209503173828,0.2882472276687622,0.2930006980895996,0.28974562883377075,0.2938590943813324,24.614276885986328,24.679012298583984,24.588050842285156,24.82848358154297,2804.677490234375
12,62268,4.612016201019287,16.130029678344727,0.019740791991353035,3.752624750137329,25.745365142822266,0.2998771071434021,0.29305529594421387,0.2711930274963379,0.2380722463130951,27.04364013671875,26.82925033569336,26.756601333618164,26.846832275390625,1407.4168701171875
