month,pfaf_id,Rainf_tavg,Qair_f_tavg,Qs_tavg,Evap_tavg,Tair_f_tavg,SoilMoist_inst_lvl_0,SoilMoist_inst_lvl_1,SoilMoist_inst_lvl_2,SoilMoist_inst_lvl_3,SoilTemp_inst_lvl_0,SoilTemp_inst_lvl_1,SoilTemp_inst_lvl_2,SoilTemp_inst_lvl_3,Streamflow_tavg
1,62233,4.368936538696289,17.02783966064453,0.0195138081908226,3.418241024017334,26.36610221862793,0.2946401536464691,0.2779610753059387,0.23493149876594543,0.19153867661952972,27.189159393310547,27.334121704101562,27.24394416809082,27.413394927978516,82276.359375
2,62233,4.652555465698242,17.294565200805664,0.025104757398366928,3.4692633152008057,26.267377853393555,0.30491992831230164,0.29359444975852966,0.2569250464439392,0.20264793932437897,27.175819396972656,27.283266067504883,26.993083953857422,26.923667907714844,85549.109375
3,62233,5.039951324462891,17.520288467407227,0.04409802332520485,3.4999959468841553,26.23458480834961,0.31424009799957275,0.30554211139678955,0.2774708867073059,0.22053347527980804,27.162763595581055,27.330631256103516,26.99443244934082,26.826122283935547,104659.8984375
4,62233,5.365219593048096,17.567508697509766,0.053352151066064835,3.5779829025268555,26.2663631439209,0.3241598308086395,0.31849220395088196,0.29937589168548584,0.2477588653564453,27.03369903564453,27.20408058166504,26.89788246154785,26.756505966186523,126349.3046875
5,62233,5.327582836151123,17.60931968688965,0.05564677342772484,3.6056220531463623,26.2196044921875,0.33081772923469543,0.3272929787635803,0.3148598074913025,0.27939409017562866,26.973981857299805,27.0889835357666,26.784400939941406,26.649852752685547,140387.28125
12,62233,3.5288078784942627,16.422855377197266,0.009528388269245625,3.3289380073547363,27.12588882446289,0.26534727215766907,0.24727794528007507,0.2179015576839447,0.19147413969039917,28.001911163330078,28.23423194885254,28.23480796813965,28.361595153808594,84032.5
