month,pfaf_id,Rainf_tavg,Qair_f_tavg,Qs_tavg,Evap_tavg,Tair_f_tavg,SoilMoist_inst_lvl_0,SoilMoist_inst_lvl_1,SoilMoist_inst_lvl_2,SoilMoist_inst_lvl_3,SoilTemp_inst_lvl_0,SoilTemp_inst_lvl_1,SoilTemp_inst_lvl_2,SoilTemp_inst_lvl_3,Streamflow_tavg
2,62492,5.206691741943359,17.457292556762695,0.09208748489618301,3.7705729007720947,25.738046646118164,0.39299026131629944,0.392297625541687,0.39110058546066284,0.3945338726043701,26.621383666992188,26.769351959228516,26.702598571777344,26.82425880432129,2558.787353515625
3,62492,5.0609822273254395,17.58531951904297,0.1031038910150528,3.7417945861816406,26.19503402709961,0.40103796124458313,0.401326060295105,0.40308794379234314,0.40740078687667847,26.68002700805664,26.771583557128906,26.514902114868164,26.468181610107422,2509.465087890625
4,62492,4.083837032318115,16.92777442932129,0.08125327527523041,3.7267661094665527,26.024396896362305,0.3967874050140381,0.39934757351875305,0.40448617935180664,0.4130498766899109,26.186708450317383,26.43793296813965,26.28048324584961,26.28232192993164,2786.661376953125
5,62492,1.6448661088943481,13.5789794921875,0.014460192061960697,3.277622938156128,25.922149658203125,0.3349071741104126,0.37573835253715515,0.386118620634079,0.39773252606391907,25.434703826904297,25.900033950805664,25.74635124206543,25.90644645690918,1969.0302734375
6,62492,0.8255232572555542,10.27183723449707,0.0029355029109865427,1.5240646600723267,25.76387596130371,0.23455679416656494,0.366455078125,0.3712930679321289,0.37901702523231506,26.354909896850586,26.794151306152344,26.03619384765625,25.763792037963867,765.5287475585938
7,62492,0.5871753692626953,8.884965896606445,0.002350985538214445,1.0055845975875854,26.446422576904297,0.20806773006916046,0.36173224449157715,0.3646671772003174,0.3702757954597473,27.536317825317383,27.957698822021484,26.93631362915039,26.30051612854004,313.10162353515625
