month,pfaf_id,Rainf_tavg,Qair_f_tavg,Qs_tavg,Evap_tavg,Tair_f_tavg,SoilMoist_inst_lvl_0,SoilMoist_inst_lvl_1,SoilMoist_inst_lvl_2,SoilMoist_inst_lvl_3,SoilTemp_inst_lvl_0,SoilTemp_inst_lvl_1,SoilTemp_inst_lvl_2,SoilTemp_inst_lvl_3,Streamflow_tavg
4,62241,5.555853366851807,16.709989547729492,0.023967524990439415,3.7813777923583984,25.612211227416992,0.3639734983444214,0.3673156201839447,0.3757951855659485,0.3995450735092163,26.408903121948242,26.33243179321289,26.110322952270508,26.006982803344727,27827.802734375
5,62241,5.1332221031188965,17.06602668762207,0.01882879249751568,3.6251564025878906,25.73873519897461,0.3605353832244873,0.36321914196014404,0.37041860818862915,0.39107272028923035,26.398588180541992,26.28131103515625,26.01589012145996,25.907489776611328,18276.7421875
6,62241,3.4548721313476562,16.72178077697754,0.00840718112885952,3.458495616912842,25.565223693847656,0.3507775664329529,0.3535672128200531,0.3606114089488983,0.3789728879928589,26.018707275390625,25.969648361206055,25.814992904663086,25.8016300201416,12028.4306640625
7,62241,2.5072810649871826,16.13803482055664,0.005404986906796694,3.406170606613159,25.48564910888672,0.3358156979084015,0.33839985728263855,0.3435710370540619,0.3565603494644165,25.73166275024414,25.709407806396484,25.523109436035156,25.55725860595703,5560.14208984375
8,62241,2.5644307136535645,16.224842071533203,0.005960151087492704,3.670121192932129,26.58437728881836,0.3215329647064209,0.32312703132629395,0.3248710632324219,0.33204185962677,26.591785430908203,26.393722534179688,25.828004837036133,25.55028533935547,2218.148193359375
9,62241,3.3911120891571045,16.864837646484375,0.010515340603888035,3.9298458099365234,27.531808853149414,0.3187027871608734,0.31725457310676575,0.3129047453403473,0.31163108348846436,27.67580223083496,27.395809173583984,26.65796661376953,26.101913452148438,1058.9461669921875
