month,pfaf_id,Rainf_tavg,Qair_f_tavg,Qs_tavg,Evap_tavg,Tair_f_tavg,SoilMoist_inst_lvl_0,SoilMoist_inst_lvl_1,SoilMoist_inst_lvl_2,SoilMoist_inst_lvl_3,SoilTemp_inst_lvl_0,SoilTemp_inst_lvl_1,SoilTemp_inst_lvl_2,SoilTemp_inst_lvl_3,Streamflow_tavg
1,62251,5.628194332122803,16.957128524780273,0.04395211488008499,3.5866572856903076,26.18817710876465,0.3169300854206085,0.31184449791908264,0.29319897294044495,0.255288690328598,27.267974853515625,27.434831619262695,27.37470817565918,27.606945037841797,77750.6484375
2,62251,5.763264179229736,17.174476623535156,0.04376072809100151,3.6223082542419434,26.1929988861084,0.32384970784187317,0.32104748487472534,0.3095240890979767,0.27992767095565796,27.265975952148438,27.388648986816406,27.096561431884766,27.05267333984375,80687.5703125
3,62251,6.113781452178955,17.29861068725586,0.05718095600605011,3.6862127780914307,26.265573501586914,0.3307797610759735,0.3291725516319275,0.32234928011894226,0.3051030933856964,27.265743255615234,27.42618179321289,27.0701847076416,26.919397354125977,94348.3359375
4,62251,6.194955348968506,17.272777557373047,0.05090826004743576,3.7771918773651123,26.3288631439209,0.3368527889251709,0.3363663852214813,0.3340841829776764,0.3300006091594696,27.242692947387695,27.403005599975586,27.04147720336914,26.878738403320312,111360.125
5,62251,5.869715690612793,17.32729148864746,0.039182115346193314,3.79994535446167,26.23586654663086,0.3399589955806732,0.3404383659362793,0.3417414426803589,0.3480020761489868,27.20148277282715,27.305259704589844,26.956226348876953,26.81574058532715,123450.6640625
12,62251,5.1414408683776855,16.43305778503418,0.024844875559210777,3.6129038333892822,26.886314392089844,0.29981884360313416,0.29179421067237854,0.2676960229873657,0.2341141551733017,27.855703353881836,28.246299743652344,28.54252815246582,28.9540958404541,78882.7109375
