month,pfaf_id,Rainf_tavg,Qair_f_tavg,Qs_tavg,Evap_tavg,Tair_f_tavg,SoilMoist_inst_lvl_0,SoilMoist_inst_lvl_1,SoilMoist_inst_lvl_2,SoilMoist_inst_lvl_3,SoilTemp_inst_lvl_0,SoilTemp_inst_lvl_1,SoilTemp_inst_lvl_2,SoilTemp_inst_lvl_3,Streamflow_tavg
2,62302,8.779932975769043,17.79756736755371,0.1960122138261795,3.4689886569976807,25.71759033203125,0.3592696487903595,0.35971954464912415,0.3646080791950226,0.3821052312850952,26.503477096557617,26.7147274017334,26.584985733032227,26.587589263916016,135.5063018798828
3,62302,8.751194953918457,18.060029983520508,0.24305841326713562,3.438474416732788,25.975786209106445,0.36105918884277344,0.3624916970729828,0.36989712715148926,0.3944415748119354,26.684249877929688,26.79458236694336,26.512847900390625,26.414892196655273,259.27374267578125
4,62302,8.733931541442871,18.19438934326172,0.19463731348514557,3.3591907024383545,26.06155014038086,0.3629809617996216,0.36508938670158386,0.373843252658844,0.4014773964881897,26.713327407836914,26.840885162353516,26.5705509185791,26.42905044555664,332.2262268066406
5,62302,8.53639030456543,18.280010223388672,0.1357068568468094,3.2745954990386963,26.064241409301758,0.36329373717308044,0.365595281124115,0.3747696280479431,0.4034765064716339,26.60092544555664,26.754770278930664,26.523439407348633,26.417512893676758,360.9252014160156
6,62302,5.684520244598389,18.13316535949707,0.03099953942000866,3.2258505821228027,25.99138832092285,0.3544819951057434,0.35761091113090515,0.3670949339866638,0.3938926160335541,26.433847427368164,26.599857330322266,26.408157348632812,26.347919464111328,333.6579284667969
7,62302,3.2682602405548096,17.53159523010254,0.01986425742506981,3.3338401317596436,25.845245361328125,0.338541179895401,0.3417503833770752,0.349881112575531,0.3705681264400482,26.11768341064453,26.300743103027344,26.156858444213867,26.18334197998047,207.1148223876953
