month,pfaf_id,Rainf_tavg,Qair_f_tavg,Qs_tavg,Evap_tavg,Tair_f_tavg,SoilMoist_inst_lvl_0,SoilMoist_inst_lvl_1,SoilMoist_inst_lvl_2,SoilMoist_inst_lvl_3,SoilTemp_inst_lvl_0,SoilTemp_inst_lvl_1,SoilTemp_inst_lvl_2,SoilTemp_inst_lvl_3,Streamflow_tavg
1,62246,8.49930477142334,16.976896286010742,0.19227349758148193,3.616297483444214,24.546083450317383,0.4045169949531555,0.4033617079257965,0.3981964588165283,0.3799193203449249,25.680805206298828,25.413068771362305,25.269729614257812,25.287811279296875,212.39828491210938
2,62246,8.607917785644531,17.145370483398438,0.1618018001317978,3.607846975326538,24.59941864013672,0.4155537188053131,0.4165355861186981,0.41983261704444885,0.429970920085907,25.7271785736084,25.480470657348633,25.222126007080078,25.107027053833008,560.7611694335938
3,62246,8.597418785095215,17.318130493164062,0.14402255415916443,3.650420904159546,24.632080078125,0.41954439878463745,0.4212490916252136,0.4271918833255768,0.44624483585357666,25.76327896118164,25.5401611328125,25.241655349731445,25.07534408569336,808.3253173828125
4,62246,7.298339366912842,17.306621551513672,0.14893199503421783,3.6163413524627686,24.55057144165039,0.41744905710220337,0.4194934368133545,0.42610883712768555,0.4461539089679718,25.7442626953125,25.525407791137695,25.2431583404541,25.080251693725586,801.7679443359375
5,62246,4.455649375915527,16.3868465423584,0.10967712849378586,3.286555290222168,24.173337936401367,0.4083336293697357,0.41036877036094666,0.4165531098842621,0.43362078070640564,25.180593490600586,25.00642967224121,24.927488327026367,24.959596633911133,507.2102355957031
12,62246,7.663985252380371,16.537097930908203,0.12330847978591919,3.6249630451202393,24.924877166748047,0.3846757113933563,0.3784235119819641,0.35725367069244385,0.2965484857559204,25.81707191467285,25.653362274169922,25.648942947387695,25.773141860961914,115.40518951416016
