month,pfaf_id,Rainf_tavg,Qair_f_tavg,Qs_tavg,Evap_tavg,Tair_f_tavg,SoilMoist_inst_lvl_0,SoilMoist_inst_lvl_1,SoilMoist_inst_lvl_2,SoilMoist_inst_lvl_3,SoilTemp_inst_lvl_0,SoilTemp_inst_lvl_1,SoilTemp_inst_lvl_2,SoilTemp_inst_lvl_3,Streamflow_tavg
2,62221,6.183396339416504,16.664657592773438,0.054010968655347824,3.675884485244751,24.984233856201172,0.3613218665122986,0.3575897514820099,0.3451981246471405,0.3058956265449524,25.881946563720703,25.98041534423828,25.96056365966797,26.111202239990234,118925.4609375
3,62221,6.343335151672363,16.96371841430664,0.07807042449712753,3.619162082672119,25.151460647583008,0.36932066082954407,0.3677346706390381,0.3622168302536011,0.3455270528793335,25.937049865722656,25.945884704589844,25.743030548095703,25.749494552612305,137406.203125
4,62221,6.358320713043213,17.14730453491211,0.08526507765054703,3.57187819480896,25.308530807495117,0.3763946294784546,0.37675607204437256,0.37723255157470703,0.37966689467430115,25.95649528503418,25.969711303710938,25.729568481445312,25.655534744262695,152687.453125
5,62221,5.745664119720459,17.220661163330078,0.06445381790399551,3.484727144241333,25.29978370666504,0.37920379638671875,0.38077422976493835,0.3850595951080322,0.39786916971206665,25.802974700927734,25.86212730407715,25.65616226196289,25.603147506713867,160504.265625
6,62221,3.728644609451294,16.85481071472168,0.023200949653983116,3.4618961811065674,25.115297317504883,0.37093809247016907,0.3731588125228882,0.3789239525794983,0.3940415382385254,25.510908126831055,25.59733009338379,25.457822799682617,25.484458923339844,154549.84375
7,62221,2.3000500202178955,16.08255386352539,0.009186927229166031,3.5345242023468018,24.950519561767578,0.3526546359062195,0.3555494248867035,0.3602890074253082,0.37131059169769287,25.335107803344727,25.379873275756836,25.211057662963867,25.282329559326172,128490.0625
