month,pfaf_id,Rainf_tavg,Qair_f_tavg,Qs_tavg,Evap_tavg,Tair_f_tavg,SoilMoist_inst_lvl_0,SoilMoist_inst_lvl_1,SoilMoist_inst_lvl_2,SoilMoist_inst_lvl_3,SoilTemp_inst_lvl_0,SoilTemp_inst_lvl_1,SoilTemp_inst_lvl_2,SoilTemp_inst_lvl_3,Streamflow_tavg
1,64249,5.667562961578369,17.29930305480957,0.038710612803697586,4.088249683380127,26.54430389404297,0.3238815665245056,0.3218514621257782,0.31837451457977295,0.3246534466743469,27.23981285095215,27.237051010131836,26.932720184326172,26.805261611938477,976.3868408203125
2,64249,5.407306671142578,17.29803466796875,0.04165913164615631,3.918142318725586,26.696805953979492,0.32589149475097656,0.32528892159461975,0.3251827657222748,0.33396610617637634,27.123382568359375,27.18155288696289,26.72011947631836,26.43231773376465,1070.6744384765625
3,64249,5.006936550140381,17.237112045288086,0.04625103250145912,3.748300313949585,26.75596046447754,0.3257679045200348,0.3265402317047119,0.32943224906921387,0.3404656648635864,26.973108291625977,27.19754981994629,26.665903091430664,26.31197738647461,1293.021240234375
4,64249,3.306408405303955,15.569602966308594,0.026440389454364777,3.4649364948272705,26.565210342407227,0.30735668540000916,0.3153664767742157,0.3233252167701721,0.3376738131046295,26.374818801879883,26.909191131591797,26.47775650024414,26.219085693359375,1364.869140625
5,64249,1.4942688941955566,11.917580604553223,0.005606336984783411,2.5673599243164062,25.776485443115234,0.25564447045326233,0.29075583815574646,0.30382049083709717,0.32022812962532043,25.50202178955078,26.239076614379883,25.819522857666016,25.781007766723633,1125.9642333984375
12,64249,5.43256950378418,16.896175384521484,0.03397456184029579,4.087328910827637,26.959516525268555,0.31106993556022644,0.30982282757759094,0.305084764957428,0.31191593408584595,27.764179229736328,27.914335250854492,27.666561126708984,27.54713249206543,1392.6549072265625
