month,pfaf_id,Rainf_tavg,Qair_f_tavg,Qs_tavg,Evap_tavg,Tair_f_tavg,SoilMoist_inst_lvl_0,SoilMoist_inst_lvl_1,SoilMoist_inst_lvl_2,SoilMoist_inst_lvl_3,SoilTemp_inst_lvl_0,SoilTemp_inst_lvl_1,SoilTemp_inst_lvl_2,SoilTemp_inst_lvl_3,Streamflow_tavg
1,62241,5.061593532562256,16.654441833496094,0.01740388758480549,3.549529552459717,25.770282745361328,0.32511159777641296,0.3181271255016327,0.29565906524658203,0.24243856966495514,26.419776916503906,26.38841438293457,26.255752563476562,26.35198974609375,3586.577880859375
2,62241,5.217854976654053,16.823396682739258,0.021625015884637833,3.608348846435547,25.805742263793945,0.33213722705841064,0.3271491825580597,0.31172680854797363,0.26874107122421265,26.49193572998047,26.426172256469727,26.14158821105957,26.056377410888672,7475.27587890625
3,62241,5.3570075035095215,16.906211853027344,0.025395946577191353,3.66582989692688,25.8525390625,0.3380413055419922,0.3349313735961914,0.324506014585495,0.2959722876548767,26.536361694335938,26.501548767089844,26.17919158935547,26.026622772216797,12844.84375
4,62241,5.444777965545654,16.92790985107422,0.028513094410300255,3.779893398284912,25.842687606811523,0.34326788783073425,0.3415991961956024,0.33567479252815247,0.32150551676750183,26.525407791137695,26.485502243041992,26.172901153564453,26.02711296081543,16034.1923828125
5,62241,5.06116247177124,17.004379272460938,0.02598971500992775,3.825495719909668,25.782085418701172,0.345310240983963,0.3448954224586487,0.34256231784820557,0.33948034048080444,26.56243324279785,26.443315505981445,26.13209342956543,25.997278213500977,15391.6923828125
12,62241,4.7689924240112305,16.38016128540039,0.014572673477232456,3.569000244140625,26.188142776489258,0.3126619756221771,0.3024636209011078,0.2718634009361267,0.22378826141357422,26.7310791015625,26.83599090576172,26.92632484436035,27.157236099243164,4839.44287109375
