month,pfaf_id,Rainf_tavg,Qair_f_tavg,Qs_tavg,Evap_tavg,Tair_f_tavg,SoilMoist_inst_lvl_0,SoilMoist_inst_lvl_1,SoilMoist_inst_lvl_2,SoilMoist_inst_lvl_3,SoilTemp_inst_lvl_0,SoilTemp_inst_lvl_1,SoilTemp_inst_lvl_2,SoilTemp_inst_lvl_3,Streamflow_tavg
2,62226,7.213177680969238,16.842754364013672,0.057508938014507294,3.675759792327881,24.33416175842285,0.3379075527191162,0.3398168683052063,0.345398485660553,0.3710486888885498,25.521568298339844,25.632877349853516,25.393795013427734,25.344985961914062,3157.466064453125
3,62226,6.882004261016846,17.083423614501953,0.04691040888428688,3.5630388259887695,24.53799057006836,0.33953917026519775,0.34227046370506287,0.3501209020614624,0.38143742084503174,25.609268188476562,25.62871551513672,25.288984298706055,25.156497955322266,3187.729248046875
4,62226,6.246706008911133,16.97475814819336,0.03626423329114914,3.4612038135528564,24.47623062133789,0.33775660395622253,0.34060901403427124,0.34904587268829346,0.38087207078933716,25.3165283203125,25.4052677154541,25.142772674560547,25.062082290649414,3555.430908203125
5,62226,3.2977418899536133,15.507525444030762,0.011404062621295452,3.2601375579833984,24.166767120361328,0.3210233449935913,0.32524245977401733,0.3351624310016632,0.36475670337677,24.461580276489258,24.751819610595703,24.66317367553711,24.780080795288086,3172.774169921875
6,62226,1.2856523990631104,12.697980880737305,0.0026211626827716827,3.06666898727417,24.030662536621094,0.28671616315841675,0.296953022480011,0.3073157072067261,0.330048531293869,23.70713233947754,24.012664794921875,23.863868713378906,24.14409065246582,1533.1905517578125
7,62226,0.6236073970794678,10.479415893554688,0.0006633992888964713,2.921165704727173,24.749481201171875,0.24045786261558533,0.2643396854400635,0.27528536319732666,0.29237186908721924,24.28398895263672,24.456880569458008,23.878929138183594,23.840394973754883,506.3073425292969
