month,pfaf_id,Rainf_tavg,Qair_f_tavg,Qs_tavg,Evap_tavg,Tair_f_tavg,SoilMoist_inst_lvl_0,SoilMoist_inst_lvl_1,SoilMoist_inst_lvl_2,SoilMoist_inst_lvl_3,SoilTemp_inst_lvl_0,SoilTemp_inst_lvl_1,SoilTemp_inst_lvl_2,SoilTemp_inst_lvl_3,Streamflow_tavg
4,61670,6.067216396331787,17.32183837890625,0.11964887380599976,3.5593252182006836,24.627107620239258,0.3872297406196594,0.3840693533420563,0.38010549545288086,0.3817213773727417,25.843711853027344,25.911392211914062,25.642488479614258,25.472843170166016,1008.3966064453125
5,61670,5.738420009613037,17.579723358154297,0.10643287748098373,3.48538875579834,24.6611328125,0.39402851462364197,0.39310422539711,0.3929685950279236,0.3967396318912506,25.8245906829834,25.83680534362793,25.587501525878906,25.4689884185791,921.2662963867188
6,61670,5.26662015914917,17.552330017089844,0.08811591565608978,3.4491045475006104,24.636667251586914,0.394747793674469,0.39478471875190735,0.39691969752311707,0.40558189153671265,25.763565063476562,25.780569076538086,25.5493106842041,25.445940017700195,1124.873291015625
7,61670,4.4560160636901855,17.20332145690918,0.053561143577098846,3.4753215312957764,24.539690017700195,0.39176228642463684,0.3922635614871979,0.395409494638443,0.4060898721218109,25.53416633605957,25.603782653808594,25.413238525390625,25.369361877441406,1073.7508544921875
8,61670,3.6470303535461426,17.141489028930664,0.029720034450292587,3.611241340637207,24.575828552246094,0.3849610686302185,0.3854614198207855,0.38838109374046326,0.39793261885643005,25.5911865234375,25.647048950195312,25.37967872619629,25.290712356567383,775.6287841796875
9,61670,2.9398193359375,17.2110538482666,0.019689178094267845,3.7195262908935547,24.698986053466797,0.37338805198669434,0.3733062446117401,0.3750571310520172,0.38166186213493347,25.7780704498291,25.799365997314453,25.4735050201416,25.323511123657227,424.0487365722656
