month,pfaf_id,Rainf_tavg,Qair_f_tavg,Qs_tavg,Evap_tavg,Tair_f_tavg,SoilMoist_inst_lvl_0,SoilMoist_inst_lvl_1,SoilMoist_inst_lvl_2,SoilMoist_inst_lvl_3,SoilTemp_inst_lvl_0,SoilTemp_inst_lvl_1,SoilTemp_inst_lvl_2,SoilTemp_inst_lvl_3,Streamflow_tavg
2,62455,6.259852886199951,17.554750442504883,0.07052690535783768,3.5784082412719727,25.572525024414062,0.37714532017707825,0.37785667181015015,0.3810715079307556,0.39472490549087524,26.24237060546875,26.54207420349121,26.50735092163086,26.680404663085938,6620.67236328125
3,62455,6.30824089050293,17.755104064941406,0.06985218077898026,3.557833194732666,25.74367332458496,0.3813380300998688,0.3827773332595825,0.389092355966568,0.40908342599868774,26.26192855834961,26.506383895874023,26.310039520263672,26.364017486572266,6155.5146484375
4,62455,5.818994998931885,17.771692276000977,0.0707823857665062,3.6309306621551514,25.715456008911133,0.3796234130859375,0.3818795680999756,0.39000368118286133,0.4126797318458557,26.122886657714844,26.470041275024414,26.24363136291504,26.251602172851562,7110.43994140625
5,62455,3.3048653602600098,16.877309799194336,0.029287952929735184,3.5776376724243164,25.491708755493164,0.3595850169658661,0.36623018980026245,0.37742528319358826,0.3997317850589752,25.56317710876465,26.1815128326416,26.035621643066406,26.132600784301758,6828.9931640625
6,62455,1.5748289823532104,14.301200866699219,0.00587731646373868,3.0114078521728516,25.536008834838867,0.3053913414478302,0.3385251462459564,0.3527139723300934,0.37222614884376526,25.366771697998047,26.110292434692383,25.757583618164062,25.862098693847656,3503.18408203125
7,62455,0.8094403147697449,11.625397682189941,0.0011839420767500997,1.8214727640151978,26.24425506591797,0.22647660970687866,0.32579025626182556,0.33512192964553833,0.350149005651474,26.934059143066406,27.599821090698242,26.58698844909668,26.118749618530273,1174.857666015625
