month,pfaf_id,Rainf_tavg,Qair_f_tavg,Qs_tavg,Evap_tavg,Tair_f_tavg,SoilMoist_inst_lvl_0,SoilMoist_inst_lvl_1,SoilMoist_inst_lvl_2,SoilMoist_inst_lvl_3,SoilTemp_inst_lvl_0,SoilTemp_inst_lvl_1,SoilTemp_inst_lvl_2,SoilTemp_inst_lvl_3,Streamflow_tavg
2,61690,11.65512752532959,18.033784866333008,1.1619480848312378,3.085467576980591,25.9063663482666,0.39343810081481934,0.3913324475288391,0.38343071937561035,0.35157182812690735,26.25239372253418,26.7053279876709,26.930822372436523,27.30610466003418,10.046324729919434
3,61690,11.158549308776855,18.319276809692383,1.8536512851715088,3.0489468574523926,26.144010543823242,0.40539634227752686,0.40691089630126953,0.41051268577575684,0.4162416458129883,26.47185516357422,26.739564895629883,26.6326847076416,26.720836639404297,20.05293846130371
4,61690,10.5401029586792,18.498273849487305,2.1196885108947754,2.9766879081726074,26.381067276000977,0.4074687957763672,0.4105064868927002,0.4184041917324066,0.4355052411556244,26.70033836364746,26.900606155395508,26.67854881286621,26.58930206298828,26.69759750366211
5,61690,7.352719306945801,18.42810821533203,0.4909419119358063,2.906953811645508,26.402751922607422,0.40122297406196594,0.4042482078075409,0.4122704267501831,0.43239590525627136,26.69057273864746,26.91745948791504,26.69948959350586,26.592235565185547,20.988262176513672
6,61690,8.383321762084961,18.433469772338867,0.563999354839325,2.8860692977905273,26.35409927368164,0.40413492918014526,0.40733054280281067,0.41570815443992615,0.4363992214202881,26.570907592773438,26.79823875427246,26.624649047851562,26.563217163085938,20.68667984008789
7,61690,6.278222560882568,18.112024307250977,0.16583216190338135,3.0353446006774902,26.327133178710938,0.39870867133140564,0.40190067887306213,0.41013991832733154,0.43110039830207825,26.5252628326416,26.75925636291504,26.564441680908203,26.50615119934082,19.1417236328125
