month,pfaf_id,Rainf_tavg,Qair_f_tavg,Qs_tavg,Evap_tavg,Tair_f_tavg,SoilMoist_inst_lvl_0,SoilMoist_inst_lvl_1,SoilMoist_inst_lvl_2,SoilMoist_inst_lvl_3,SoilTemp_inst_lvl_0,SoilTemp_inst_lvl_1,SoilTemp_inst_lvl_2,SoilTemp_inst_lvl_3,Streamflow_tavg
2,62456,7.013317584991455,17.049646377563477,0.07009168714284897,3.555403709411621,24.70570182800293,0.32684728503227234,0.3272988200187683,0.32867029309272766,0.3460238575935364,25.5053768157959,25.941848754882812,25.93479347229004,26.1483154296875,6484.67822265625
3,62456,7.202406883239746,17.286388397216797,0.06262548267841339,3.5030927658081055,24.86176109313965,0.33268752694129944,0.3345535099506378,0.34090206027030945,0.3707793653011322,25.518840789794922,25.869953155517578,25.637523651123047,25.710357666015625,6000.28466796875
4,62456,6.833888530731201,17.361045837402344,0.04780229553580284,3.4694764614105225,24.856639862060547,0.33295413851737976,0.335092693567276,0.3432883024215698,0.37713858485221863,25.459125518798828,25.89234733581543,25.604732513427734,25.60403823852539,6946.04443359375
5,62456,4.760335922241211,16.953956604003906,0.028945516794919968,3.266416072845459,24.634227752685547,0.3226548731327057,0.3260352611541748,0.3356902003288269,0.3690301775932312,25.121538162231445,25.7729549407959,25.504348754882812,25.540658950805664,6624.34814453125
6,62456,2.1052374839782715,15.485581398010254,0.007838276214897633,2.8672738075256348,24.209157943725586,0.2966628670692444,0.30433735251426697,0.3162916898727417,0.3459692895412445,24.61356544494629,25.469562530517578,25.185651779174805,25.32480239868164,3352.452392578125
7,62456,0.8015832304954529,13.05172061920166,0.0010856451699510217,2.4919774532318115,24.503995895385742,0.24866433441638947,0.2752658426761627,0.28998127579689026,0.3156149983406067,25.065736770629883,25.978063583374023,25.29860496520996,25.232572555541992,1123.4420166015625
