month,pfaf_id,Rainf_tavg,Qair_f_tavg,Qs_tavg,Evap_tavg,Tair_f_tavg,SoilMoist_inst_lvl_0,SoilMoist_inst_lvl_1,SoilMoist_inst_lvl_2,SoilMoist_inst_lvl_3,SoilTemp_inst_lvl_0,SoilTemp_inst_lvl_1,SoilTemp_inst_lvl_2,SoilTemp_inst_lvl_3,Streamflow_tavg
4,62305,9.275951385498047,18.176748275756836,0.19487780332565308,3.558736562728882,25.769432067871094,0.38003355264663696,0.38248395919799805,0.3915311396121979,0.42098531126976013,26.555288314819336,26.76319122314453,26.485811233520508,26.390071868896484,217253.671875
5,62305,9.218420028686523,18.384998321533203,0.19809603691101074,3.4819283485412598,25.919721603393555,0.37930384278297424,0.38159433007240295,0.3903209865093231,0.4187963306903839,26.598865509033203,26.806318283081055,26.542951583862305,26.434547424316406,197632.984375
6,62305,7.334222793579102,18.257837295532227,0.11974591761827469,3.429670572280884,25.894330978393555,0.3738877773284912,0.37669581174850464,0.38590455055236816,0.4135425090789795,26.458736419677734,26.712661743164062,26.50142478942871,26.441570281982422,170855.734375
7,62305,5.043601036071777,17.85359001159668,0.04006331041455269,3.4675559997558594,25.76127052307129,0.36260852217674255,0.3655518591403961,0.3742311894893646,0.39767611026763916,26.18482780456543,26.495851516723633,26.325721740722656,26.342201232910156,133456.296875
8,62305,4.69662618637085,18.016695022583008,0.025317713618278503,3.5864315032958984,26.021760940551758,0.35803037881851196,0.3603288531303406,0.36732813715934753,0.3864663541316986,26.45821189880371,26.70108413696289,26.3812255859375,26.282217025756836,100597.578125
9,62305,3.520855665206909,17.873811721801758,0.011383864097297192,3.7232625484466553,26.358936309814453,0.3465185761451721,0.3498251140117645,0.3568471670150757,0.37367814779281616,26.76541519165039,27.0130558013916,26.61540985107422,26.423051834106445,78081.7578125
