month,pfaf_id,Rainf_tavg,Qair_f_tavg,Qs_tavg,Evap_tavg,Tair_f_tavg,SoilMoist_inst_lvl_0,SoilMoist_inst_lvl_1,SoilMoist_inst_lvl_2,SoilMoist_inst_lvl_3,SoilTemp_inst_lvl_0,SoilTemp_inst_lvl_1,SoilTemp_inst_lvl_2,SoilTemp_inst_lvl_3,Streamflow_tavg
1,62257,8.88839340209961,17.879695892333984,0.3258422315120697,2.8485920429229736,26.498226165771484,0.3774011731147766,0.3775790333747864,0.3778950870037079,0.3827275037765503,27.19396209716797,27.291048049926758,27.228694915771484,27.36551284790039,76098.265625
2,62257,9.008564949035645,18.026592254638672,0.3677268624305725,2.832716703414917,26.488346099853516,0.38165485858917236,0.38305991888046265,0.3870971202850342,0.4019213914871216,27.237852096557617,27.288711547851562,27.047603607177734,26.97626495361328,80220.3828125
3,62257,9.438688278198242,18.052053451538086,0.43950754404067993,2.8429346084594727,26.600088119506836,0.384446382522583,0.3862079381942749,0.39181244373321533,0.411042183637619,27.309532165527344,27.356216430664062,27.05759048461914,26.88671112060547,93764.9453125
4,62257,9.669161796569824,17.951627731323242,0.4828376770019531,2.819718360900879,26.57611656188965,0.38692089915275574,0.389071524143219,0.3960903584957123,0.41891443729400635,27.249181747436523,27.30080795288086,27.013084411621094,26.84966278076172,109488.890625
5,62257,8.78969955444336,18.0571346282959,0.3056754767894745,2.7981436252593994,26.501726150512695,0.38695797324180603,0.38946035504341125,0.397439569234848,0.4226207137107849,27.20408821105957,27.207557678222656,26.926931381225586,26.787275314331055,119391.265625
12,62257,7.686319828033447,17.567787170410156,0.15328216552734375,2.8799149990081787,26.901538848876953,0.36111536622047424,0.3578755557537079,0.3466877043247223,0.3219059109687805,27.39034652709961,27.70087432861328,28.01396942138672,28.356843948364258,77411.578125
