month,pfaf_id,Rainf_tavg,Qair_f_tavg,Qs_tavg,Evap_tavg,Tair_f_tavg,SoilMoist_inst_lvl_0,SoilMoist_inst_lvl_1,SoilMoist_inst_lvl_2,SoilMoist_inst_lvl_3,SoilTemp_inst_lvl_0,SoilTemp_inst_lvl_1,SoilTemp_inst_lvl_2,SoilTemp_inst_lvl_3,Streamflow_tavg
2,62248,7.811386585235596,16.87455177307129,0.12400627136230469,3.607058525085449,24.540912628173828,0.3751826286315918,0.37751954793930054,0.38434484601020813,0.4097997546195984,25.407033920288086,25.412405014038086,25.189884185791016,25.1350154876709,735.0848388671875
3,62248,7.607573986053467,17.20024299621582,0.08303515613079071,3.5344128608703613,24.746789932250977,0.37690988183021545,0.3793533444404602,0.3875218629837036,0.41564714908599854,25.5594482421875,25.515226364135742,25.171796798706055,25.01763343811035,883.4356689453125
4,62248,6.898203372955322,17.26285171508789,0.08507013320922852,3.4799306392669678,24.687259674072266,0.37432628870010376,0.3769603967666626,0.385578989982605,0.4134172201156616,25.447925567626953,25.492393493652344,25.172456741333008,25.021135330200195,883.3883056640625
5,62248,4.123109817504883,16.49198341369629,0.03967096656560898,3.2530386447906494,24.374149322509766,0.3617216646671295,0.3651984632015228,0.3746621608734131,0.40029841661453247,24.8907527923584,25.157163619995117,24.950206756591797,24.923898696899414,640.0223388671875
6,62248,1.745404601097107,14.155771255493164,0.008885919116437435,2.981548309326172,24.167346954345703,0.32971277832984924,0.3412119448184967,0.35202449560165405,0.37311258912086487,24.301145553588867,24.653793334960938,24.42862892150879,24.561904907226562,250.8766326904297
7,62248,0.8235480189323425,11.40524959564209,0.0018903632881119847,2.6143574714660645,24.91610336303711,0.27485066652297974,0.3146545886993408,0.3258569538593292,0.3426969349384308,25.10670280456543,25.32318687438965,24.602663040161133,24.40892219543457,81.44561004638672
