month,pfaf_id,Rainf_tavg,Qair_f_tavg,Qs_tavg,Evap_tavg,Tair_f_tavg,SoilMoist_inst_lvl_0,SoilMoist_inst_lvl_1,SoilMoist_inst_lvl_2,SoilMoist_inst_lvl_3,SoilTemp_inst_lvl_0,SoilTemp_inst_lvl_1,SoilTemp_inst_lvl_2,SoilTemp_inst_lvl_3,Streamflow_tavg
1,61588,8.630772590637207,16.606447219848633,0.22431369125843048,3.810991048812866,24.940128326416016,0.3755152225494385,0.37818682193756104,0.38595470786094666,0.409930944442749,25.84784507751465,25.209375381469727,24.68986701965332,24.267375946044922,490.56439208984375
2,61588,8.7535982131958,16.658967971801758,0.18520604074001312,3.955906867980957,25.1088809967041,0.3761170506477356,0.37924322485923767,0.38726282119750977,0.41237926483154297,26.02733612060547,25.455839157104492,24.945098876953125,24.544326782226562,514.0565795898438
3,61588,8.989988327026367,16.695192337036133,0.1840156465768814,3.9383575916290283,25.095125198364258,0.3774116337299347,0.38039278984069824,0.3884032070636749,0.4139708876609802,26.012561798095703,25.566219329833984,25.121366500854492,24.757774353027344,535.8908081054688
4,61588,9.238311767578125,16.679157257080078,0.2206694632768631,3.838305711746216,24.91008949279785,0.3787566125392914,0.38161543011665344,0.38970625400543213,0.4156881272792816,25.844345092773438,25.4593448638916,25.109834671020508,24.833759307861328,577.2665405273438
5,61588,9.156534194946289,16.652875900268555,0.2381056249141693,3.738516092300415,24.763504028320312,0.3788881003856659,0.3817947208881378,0.3899896442890167,0.41606998443603516,25.69353675842285,25.274267196655273,24.972543716430664,24.766801834106445,592.6006469726562
12,61588,8.987887382507324,16.61064910888672,0.1918516606092453,3.731623649597168,24.79234504699707,0.3718445599079132,0.3727322220802307,0.3758357763290405,0.38915005326271057,25.654264450073242,24.9250431060791,24.28142547607422,23.863649368286133,272.2754211425781
