month,pfaf_id,Rainf_tavg,Qair_f_tavg,Qs_tavg,Evap_tavg,Tair_f_tavg,SoilMoist_inst_lvl_0,SoilMoist_inst_lvl_1,SoilMoist_inst_lvl_2,SoilMoist_inst_lvl_3,SoilTemp_inst_lvl_0,SoilTemp_inst_lvl_1,SoilTemp_inst_lvl_2,SoilTemp_inst_lvl_3,Streamflow_tavg
1,67108,1.1891671419143677,12.139266014099121,0.0036885631270706654,1.5715543031692505,23.179983139038086,0.17732442915439606,0.1821478307247162,0.17971834540367126,0.2576974332332611,27.84017562866211,25.928123474121094,24.89250373840332,23.930936813354492,5.887725830078125
2,67108,1.6056402921676636,12.731637001037598,0.008123619481921196,1.4274821281433105,23.565107345581055,0.19246460497379303,0.17517346143722534,0.16994400322437286,0.2594379186630249,27.768985748291016,26.1954402923584,25.13621711730957,24.088773727416992,33.58464813232422
3,67108,1.4931286573410034,12.581181526184082,0.008796838112175465,1.1950757503509521,23.59275245666504,0.195181742310524,0.17450086772441864,0.16768373548984528,0.2615374028682709,27.818504333496094,26.263124465942383,25.227663040161133,24.170095443725586,58.40544509887695
4,67108,0.915273129940033,11.785432815551758,0.0033664859365671873,0.9088814854621887,23.037145614624023,0.1846495121717453,0.17115016281604767,0.16558042168617249,0.2612015902996063,27.49102210998535,25.916719436645508,25.05011749267578,24.15541648864746,52.16029739379883
5,67108,0.3824373185634613,10.642191886901855,0.00076239526970312,0.6323267817497253,22.025009155273438,0.16761165857315063,0.16427594423294067,0.16148053109645844,0.25816866755485535,26.935749053955078,25.10764503479004,24.47553062438965,23.90056037902832,28.726606369018555
12,67108,0.7125840783119202,11.482365608215332,0.0013824671041220427,1.7064805030822754,22.567886352539062,0.17964637279510498,0.2048671543598175,0.20238077640533447,0.26105234026908875,27.49831199645996,25.574708938598633,24.54604148864746,23.674142837524414,24.123804092407227
