month,pfaf_id,Rainf_tavg,Qair_f_tavg,Qs_tavg,Evap_tavg,Tair_f_tavg,SoilMoist_inst_lvl_0,SoilMoist_inst_lvl_1,SoilMoist_inst_lvl_2,SoilMoist_inst_lvl_3,SoilTemp_inst_lvl_0,SoilTemp_inst_lvl_1,SoilTemp_inst_lvl_2,SoilTemp_inst_lvl_3,Streamflow_tavg
2,61569,4.896796226501465,12.147706031799316,0.050772152841091156,2.624129056930542,18.769773483276367,0.31825509667396545,0.347355455160141,0.3512527644634247,0.36189332604408264,21.559947967529297,21.340513229370117,21.838666915893555,22.131622314453125,172.2528839111328
3,61569,5.697535037994385,12.573439598083496,0.06345974653959274,2.877114772796631,18.901853561401367,0.3435083329677582,0.3538934886455536,0.35898447036743164,0.37313348054885864,21.075632095336914,20.387283325195312,20.425827026367188,20.823762893676758,380.7439270019531
4,61569,6.350423336029053,12.964617729187012,0.06561869382858276,2.8390674591064453,18.792945861816406,0.3556533455848694,0.3593794107437134,0.36360567808151245,0.3791442811489105,20.534221649169922,19.933469772338867,19.87164878845215,20.066425323486328,519.4169311523438
5,61569,6.151822566986084,12.899577140808105,0.04678156226873398,2.7672839164733887,18.589853286743164,0.3605705797672272,0.3622967600822449,0.36537009477615356,0.38229331374168396,20.01223373413086,19.47751808166504,19.412517547607422,19.572858810424805,559.516845703125
6,61569,5.83004093170166,12.780205726623535,0.03366900235414505,2.7698683738708496,18.515954971313477,0.36276450753211975,0.36269068717956543,0.36397096514701843,0.38276922702789307,19.80070686340332,19.177471160888672,19.082857131958008,19.210466384887695,531.0345458984375
7,61569,5.627012252807617,12.530837059020996,0.029329167678952217,2.760289192199707,18.38450050354004,0.3622119724750519,0.36151811480522156,0.3616313338279724,0.3825324475765228,19.64591407775879,19.002092361450195,18.873565673828125,18.968555450439453,502.625244140625
