month,pfaf_id,Rainf_tavg,Qair_f_tavg,Qs_tavg,Evap_tavg,Tair_f_tavg,SoilMoist_inst_lvl_0,SoilMoist_inst_lvl_1,SoilMoist_inst_lvl_2,SoilMoist_inst_lvl_3,SoilTemp_inst_lvl_0,SoilTemp_inst_lvl_1,SoilTemp_inst_lvl_2,SoilTemp_inst_lvl_3,Streamflow_tavg
2,67106,2.350606918334961,10.477169036865234,0.01006865780800581,1.8294899463653564,14.309191703796387,0.2378716617822647,0.23576709628105164,0.22526144981384277,0.23509067296981812,18.817251205444336,17.56090545654297,15.521332740783691,13.493227005004883,25.018110275268555
3,67106,1.9265822172164917,10.17557144165039,0.00797131098806858,1.579291582107544,14.368823051452637,0.23035499453544617,0.23355771601200104,0.2295612394809723,0.24353380501270294,18.41547393798828,17.814897537231445,16.102022171020508,14.207863807678223,38.950599670410156
4,67106,0.9191204309463501,8.756269454956055,0.0025805458426475525,1.1917364597320557,14.043098449707031,0.20993156731128693,0.22384163737297058,0.2271730899810791,0.2449074238538742,17.936193466186523,17.303083419799805,15.890827178955078,14.363983154296875,37.29365921020508
5,67106,0.43736517429351807,7.0716233253479,0.0007640794501639903,0.8202140927314758,13.526260375976562,0.1888466328382492,0.21236006915569305,0.21992802619934082,0.23934295773506165,17.0095157623291,16.324649810791016,15.07648754119873,13.882440567016602,18.486711502075195
6,67106,0.22360582649707794,5.949057579040527,0.00012523282202892005,0.5600202083587646,13.01048469543457,0.17260746657848358,0.20403365790843964,0.21377426385879517,0.23338299989700317,15.853400230407715,15.196758270263672,14.012838363647461,13.04845905303955,9.584074020385742
7,67106,0.2341965138912201,5.7098588943481445,0.0001622130221221596,0.4877837300300598,13.002147674560547,0.16373388469219208,0.19926150143146515,0.20922361314296722,0.22842887043952942,16.33188247680664,15.179947853088379,13.635842323303223,12.40995979309082,5.786868095397949
