month,pfaf_id,Rainf_tavg,Qair_f_tavg,Qs_tavg,Evap_tavg,Tair_f_tavg,SoilMoist_inst_lvl_0,SoilMoist_inst_lvl_1,SoilMoist_inst_lvl_2,SoilMoist_inst_lvl_3,SoilTemp_inst_lvl_0,SoilTemp_inst_lvl_1,SoilTemp_inst_lvl_2,SoilTemp_inst_lvl_3,Streamflow_tavg
4,62100,7.157498359680176,17.826040267944336,0.2059975266456604,3.5735862255096436,25.669010162353516,0.35777080059051514,0.3572673797607422,0.36037468910217285,0.37246736884117126,26.478168487548828,26.712726593017578,26.44212532043457,26.33696746826172,216539.109375
5,62100,6.859205722808838,18.0389404296875,0.13514819741249084,3.4831018447875977,25.84771728515625,0.36092913150787354,0.3615570366382599,0.36732879281044006,0.386088490486145,26.536087036132812,26.722789764404297,26.432775497436523,26.29755210876465,196831.71875
6,62100,6.242517948150635,17.94078254699707,0.1304387003183365,3.4150147438049316,25.782629013061523,0.3607832193374634,0.36283212900161743,0.3705299496650696,0.3928002119064331,26.37027931213379,26.581193923950195,26.351299285888672,26.26185417175293,170123.90625
7,62100,4.732725620269775,17.54631996154785,0.034319788217544556,3.4558472633361816,25.6528377532959,0.35310474038124084,0.3554723858833313,0.36315760016441345,0.384055495262146,26.127531051635742,26.394540786743164,26.176382064819336,26.139148712158203,132906.75
8,62100,3.8916335105895996,17.653562545776367,0.01922040432691574,3.5614776611328125,25.905712127685547,0.344923734664917,0.3471851646900177,0.353760302066803,0.3710111379623413,26.42656135559082,26.659883499145508,26.271059036254883,26.101072311401367,100260.390625
9,62100,2.754448652267456,17.57278060913086,0.007932408712804317,3.6720075607299805,26.352428436279297,0.3294818699359894,0.33255672454833984,0.3385414779186249,0.35215750336647034,26.84343719482422,27.083595275878906,26.58302116394043,26.293132781982422,77863.265625
