month,pfaf_id,Rainf_tavg,Qair_f_tavg,Qs_tavg,Evap_tavg,Tair_f_tavg,SoilMoist_inst_lvl_0,SoilMoist_inst_lvl_1,SoilMoist_inst_lvl_2,SoilMoist_inst_lvl_3,SoilTemp_inst_lvl_0,SoilTemp_inst_lvl_1,SoilTemp_inst_lvl_2,SoilTemp_inst_lvl_3,Streamflow_tavg
2,62264,7.8006696701049805,17.622068405151367,0.11057378351688385,3.5155980587005615,24.951313018798828,0.38936376571655273,0.390118271112442,0.3923158645629883,0.40302425622940063,26.22121238708496,25.99213981628418,25.832321166992188,25.79319190979004,1750.1964111328125
3,62264,7.648240089416504,17.831125259399414,0.08058463782072067,3.4734458923339844,25.1058349609375,0.3937186896800995,0.39576998353004456,0.40203922986984253,0.4240191578865051,26.272380828857422,25.977733612060547,25.714168548583984,25.60087776184082,2857.712646484375
4,62264,6.772573471069336,17.7159423828125,0.08552665263414383,3.4429144859313965,24.952354431152344,0.3922021687030792,0.3944814205169678,0.40173250436782837,0.42556092143058777,26.051328659057617,25.833839416503906,25.60697364807129,25.510787963867188,3327.11669921875
5,62264,4.502279758453369,16.841825485229492,0.04833541437983513,3.2788379192352295,24.568254470825195,0.3825302720069885,0.3853493630886078,0.39325520396232605,0.4152756929397583,25.385452270507812,25.326828002929688,25.254730224609375,25.30661964416504,2627.783203125
6,62264,2.5355615615844727,15.032824516296387,0.018776629120111465,3.1403558254241943,24.17647361755371,0.3614548444747925,0.3674740493297577,0.37536585330963135,0.39304569363594055,24.650999069213867,24.550434112548828,24.509841918945312,24.77804183959961,1327.9034423828125
7,62264,1.5669323205947876,13.218334197998047,0.007550172042101622,3.1031618118286133,24.993471145629883,0.32540249824523926,0.34695035219192505,0.35433435440063477,0.3678511381149292,25.329124450683594,24.966392517089844,24.50080680847168,24.464412689208984,515.6539306640625
