month,pfaf_id,Rainf_tavg,Qair_f_tavg,Qs_tavg,Evap_tavg,Tair_f_tavg,SoilMoist_inst_lvl_0,SoilMoist_inst_lvl_1,SoilMoist_inst_lvl_2,SoilMoist_inst_lvl_3,SoilTemp_inst_lvl_0,SoilTemp_inst_lvl_1,SoilTemp_inst_lvl_2,SoilTemp_inst_lvl_3,Streamflow_tavg
1,62299,4.236835956573486,11.362406730651855,0.05434674397110939,3.0196585655212402,15.363117218017578,0.31372717022895813,0.3109884262084961,0.3047601580619812,0.30164849758148193,18.33582305908203,17.492204666137695,17.270061492919922,17.283288955688477,2651.10595703125
2,62299,4.448187828063965,11.528304100036621,0.04592578113079071,3.0103414058685303,15.285172462463379,0.3186887204647064,0.3165258467197418,0.31227022409439087,0.31289491057395935,18.200593948364258,17.328588485717773,16.902292251586914,16.668777465820312,3405.38671875
3,62299,4.266246318817139,11.541845321655273,0.03207644447684288,2.9394586086273193,15.299229621887207,0.31965646147727966,0.3182295858860016,0.31608882546424866,0.3203715980052948,18.058982849121094,17.272706985473633,16.75377655029297,16.426002502441406,4446.93994140625
4,62299,3.7076048851013184,11.327253341674805,0.023080958053469658,2.831665277481079,15.228684425354004,0.31598028540611267,0.3155069351196289,0.3149340748786926,0.3214218020439148,17.86301612854004,17.12468910217285,16.599903106689453,16.277299880981445,5214.69384765625
5,62299,2.8536109924316406,10.833187103271484,0.012852216139435768,2.6278576850891113,15.031612396240234,0.30569276213645935,0.30686014890670776,0.3074915111064911,0.31471794843673706,17.63947868347168,16.833900451660156,16.33045196533203,16.0810546875,5517.87939453125
12,62299,3.85783052444458,11.075982093811035,0.04516186937689781,3.024256944656372,15.442970275878906,0.30776914954185486,0.3050508201122284,0.29772940278053284,0.29235097765922546,18.868188858032227,18.286592483520508,18.466106414794922,18.653438568115234,2808.326416015625
