month,pfaf_id,Rainf_tavg,Qair_f_tavg,Qs_tavg,Evap_tavg,Tair_f_tavg,SoilMoist_inst_lvl_0,SoilMoist_inst_lvl_1,SoilMoist_inst_lvl_2,SoilMoist_inst_lvl_3,SoilTemp_inst_lvl_0,SoilTemp_inst_lvl_1,SoilTemp_inst_lvl_2,SoilTemp_inst_lvl_3,Streamflow_tavg
2,62295,7.26041316986084,17.543413162231445,0.020078042522072792,3.5540826320648193,25.714622497558594,0.35589325428009033,0.3592708706855774,0.3686356842517853,0.3964190185070038,27.015581130981445,26.67575454711914,26.460533142089844,26.35857391357422,39838.6328125
3,62295,7.36011266708374,17.614566802978516,0.019730381667613983,3.5716397762298584,25.773059844970703,0.3561241030693054,0.35943418741226196,0.3685815632343292,0.39607512950897217,27.024280548095703,26.624094009399414,26.353662490844727,26.237333297729492,39374.58984375
4,62295,7.384335041046143,17.718053817749023,0.028493553400039673,3.4873127937316895,25.749601364135742,0.3562992513179779,0.35999351739883423,0.36956337094306946,0.39761635661125183,26.9295654296875,26.566286087036133,26.309904098510742,26.1870174407959,33519.96484375
5,62295,7.225451946258545,17.68678092956543,0.02243109978735447,3.461900472640991,25.677297592163086,0.3560129404067993,0.3598405420780182,0.36947566270828247,0.3977223336696625,26.795988082885742,26.46344566345215,26.226102828979492,26.120220184326172,33571.2265625
6,62295,5.96627140045166,17.515722274780273,0.009742661379277706,3.369713306427002,25.555923461914062,0.3521761894226074,0.3554903268814087,0.36467868089675903,0.39129066467285156,26.540821075439453,26.227554321289062,26.032363891601562,25.993576049804688,33692.11328125
7,62295,4.739264965057373,17.163013458251953,0.0055925678461790085,3.444380044937134,25.456069946289062,0.3457454741001129,0.34878239035606384,0.3570193648338318,0.38059279322624207,26.392438888549805,26.024677276611328,25.83616065979004,25.827800750732422,29134.84375
