month,pfaf_id,Rainf_tavg,Qair_f_tavg,Qs_tavg,Evap_tavg,Tair_f_tavg,SoilMoist_inst_lvl_0,SoilMoist_inst_lvl_1,SoilMoist_inst_lvl_2,SoilMoist_inst_lvl_3,SoilTemp_inst_lvl_0,SoilTemp_inst_lvl_1,SoilTemp_inst_lvl_2,SoilTemp_inst_lvl_3,Streamflow_tavg
2,62256,6.371881008148193,17.135101318359375,0.058261241763830185,3.6520183086395264,25.700382232666016,0.3712976276874542,0.36843016743659973,0.35977375507354736,0.3490588068962097,26.597776412963867,26.374948501586914,26.139345169067383,26.031513214111328,96763.0859375
3,62256,6.446692943572998,17.195858001708984,0.06961841881275177,3.6657562255859375,25.769432067871094,0.37895163893699646,0.3786969482898712,0.37666547298431396,0.3719741106033325,26.708879470825195,26.43745231628418,26.134811401367188,25.982851028442383,111117.5546875
4,62256,6.553131103515625,17.26371955871582,0.07367423176765442,3.654449462890625,25.80193328857422,0.38370567560195923,0.3847770392894745,0.38678818941116333,0.39339038729667664,26.637897491455078,26.422222137451172,26.155437469482422,26.004335403442383,116083.8828125
5,62256,6.527652740478516,17.326433181762695,0.06603116542100906,3.555889368057251,25.784217834472656,0.3870290219783783,0.38904261589050293,0.39379143714904785,0.40876901149749756,26.465179443359375,26.295059204101562,26.06757164001465,25.96111488342285,119763.0546875
6,62256,5.851871013641357,17.377880096435547,0.042410727590322495,3.4940693378448486,25.83768653869629,0.38710471987724304,0.38971254229545593,0.3961345851421356,0.4151811897754669,26.416603088378906,26.229984283447266,25.99915313720703,25.895566940307617,117611.625
7,62256,4.572249412536621,17.059268951416016,0.02295377105474472,3.561436653137207,25.715059280395508,0.38197776675224304,0.38444289565086365,0.3908226490020752,0.40899157524108887,26.31280517578125,26.08772087097168,25.878185272216797,25.815099716186523,103322.984375
