month,pfaf_id,Rainf_tavg,Qair_f_tavg,Qs_tavg,Evap_tavg,Tair_f_tavg,SoilMoist_inst_lvl_0,SoilMoist_inst_lvl_1,SoilMoist_inst_lvl_2,SoilMoist_inst_lvl_3,SoilTemp_inst_lvl_0,SoilTemp_inst_lvl_1,SoilTemp_inst_lvl_2,SoilTemp_inst_lvl_3,Streamflow_tavg
4,61690,10.812254905700684,18.275362014770508,1.669251799583435,2.911022663116455,26.047544479370117,0.4060836434364319,0.40857258439064026,0.4155554473400116,0.43224990367889404,26.431276321411133,26.700960159301758,26.597692489624023,26.60552215576172,20.380098342895508
5,61690,8.045525550842285,18.41455078125,0.647832453250885,2.891432762145996,26.29775619506836,0.402944952249527,0.40580177307128906,0.4138917922973633,0.4346708357334137,26.61745834350586,26.81092643737793,26.595556259155273,26.51310920715332,21.02097511291504
6,61690,8.210533142089844,18.392696380615234,0.5442075729370117,2.941667079925537,26.30454444885254,0.40452840924263,0.4076997637748718,0.41615843772888184,0.43749934434890747,26.54441261291504,26.75282859802246,26.572399139404297,26.500629425048828,21.99277114868164
7,61690,6.154226779937744,18.06280517578125,0.13026051223278046,3.0506644248962402,26.200040817260742,0.3984900712966919,0.40155264735221863,0.4096086621284485,0.43058183789253235,26.38124656677246,26.636507034301758,26.469009399414062,26.437641143798828,18.259183883666992
8,61690,4.0119309425354,17.894763946533203,0.04943930730223656,3.1160056591033936,26.4940185546875,0.38947468996047974,0.39251360297203064,0.4001180827617645,0.4182540774345398,26.55732536315918,26.811887741088867,26.527257919311523,26.4124755859375,12.072468757629395
9,61690,1.701284646987915,17.191499710083008,0.009488023817539215,3.4402506351470947,27.571979522705078,0.36444368958473206,0.36877450346946716,0.37636807560920715,0.38991332054138184,26.88752555847168,27.160900115966797,26.76095199584961,26.5395450592041,5.697566986083984
