month,pfaf_id,Rainf_tavg,Qair_f_tavg,Qs_tavg,Evap_tavg,Tair_f_tavg,SoilMoist_inst_lvl_0,SoilMoist_inst_lvl_1,SoilMoist_inst_lvl_2,SoilMoist_inst_lvl_3,SoilTemp_inst_lvl_0,SoilTemp_inst_lvl_1,SoilTemp_inst_lvl_2,SoilTemp_inst_lvl_3,Streamflow_tavg
2,67204,9.26341724395752,15.605669021606445,0.23416969180107117,2.71081805229187,21.1127986907959,0.3468777537345886,0.34597086906433105,0.34315359592437744,0.34434381127357483,22.95764923095703,21.813779830932617,20.71057891845703,19.71088981628418,929.1378173828125
3,67204,10.002970695495605,15.75602912902832,0.3198631703853607,2.704066276550293,21.18408966064453,0.3539125621318817,0.353878915309906,0.35525673627853394,0.3679305613040924,23.106590270996094,22.17052459716797,21.351154327392578,20.43937110900879,1542.9237060546875
4,67204,9.18696117401123,15.648380279541016,0.27760049700737,2.732395887374878,21.205020904541016,0.3541421890258789,0.35561856627464294,0.35937604308128357,0.3768683969974518,23.100936889648438,22.266380310058594,21.59876823425293,20.836280822753906,1609.5133056640625
5,67204,7.324831008911133,15.173789024353027,0.15594352781772614,2.7784862518310547,21.124303817749023,0.3449494242668152,0.3481564521789551,0.35357117652893066,0.37276390194892883,22.932125091552734,22.14702606201172,21.556411743164062,20.919021606445312,1284.7276611328125
6,67204,5.148670196533203,14.769915580749512,0.07495536655187607,2.8248887062072754,21.09135627746582,0.3315959572792053,0.33641931414604187,0.34249553084373474,0.36177608370780945,22.880504608154297,22.076189041137695,21.496196746826172,20.892274856567383,871.90380859375
7,67204,3.37286114692688,14.207430839538574,0.0348576121032238,2.856963634490967,21.08446502685547,0.3111604154109955,0.31969961524009705,0.32605844736099243,0.34494122862815857,23.161083221435547,22.15586280822754,21.492385864257812,20.85955810546875,483.609130859375
