month,pfaf_id,Rainf_tavg,Qair_f_tavg,Qs_tavg,Evap_tavg,Tair_f_tavg,SoilMoist_inst_lvl_0,SoilMoist_inst_lvl_1,SoilMoist_inst_lvl_2,SoilMoist_inst_lvl_3,SoilTemp_inst_lvl_0,SoilTemp_inst_lvl_1,SoilTemp_inst_lvl_2,SoilTemp_inst_lvl_3,Streamflow_tavg
2,62241,5.37726354598999,16.64867401123047,0.026048174127936363,3.7615230083465576,25.61012077331543,0.34833887219429016,0.34798961877822876,0.3452209532260895,0.3399752080440521,26.411083221435547,26.382396697998047,26.242582321166992,26.258991241455078,13204.4755859375
3,62241,5.457207679748535,16.839139938354492,0.027478564530611038,3.7338855266571045,25.740196228027344,0.3512081205844879,0.35127100348472595,0.35108238458633423,0.3538026511669159,26.513355255126953,26.408967971801758,26.119977951049805,26.02328109741211,15156.1865234375
4,62241,5.421899795532227,16.9758358001709,0.026948921382427216,3.7066402435302734,25.828170776367188,0.3547181487083435,0.355594664812088,0.35800737142562866,0.3672868311405182,26.523441314697266,26.432979583740234,26.132802963256836,25.987712860107422,17323.31640625
5,62241,5.049966335296631,17.085359573364258,0.024319635704159737,3.61985182762146,25.82270622253418,0.35540521144866943,0.3572700023651123,0.36160802841186523,0.3751806616783142,26.399938583374023,26.349246978759766,26.081161499023438,25.95650863647461,16754.34765625
6,62241,3.539893865585327,16.896278381347656,0.010520578362047672,3.5305237770080566,25.64303970336914,0.3477063775062561,0.3499775528907776,0.35527926683425903,0.3698010742664337,26.136451721191406,26.0986270904541,25.89883804321289,25.854001998901367,11283.4931640625
7,62241,2.3003110885620117,16.166942596435547,0.004643692634999752,3.564565420150757,25.48992919921875,0.3305515944957733,0.33286312222480774,0.3371677100658417,0.348064661026001,25.990957260131836,25.888547897338867,25.66128921508789,25.662822723388672,4902.22119140625
