month,pfaf_id,Rainf_tavg,Qair_f_tavg,Qs_tavg,Evap_tavg,Tair_f_tavg,SoilMoist_inst_lvl_0,SoilMoist_inst_lvl_1,SoilMoist_inst_lvl_2,SoilMoist_inst_lvl_3,SoilTemp_inst_lvl_0,SoilTemp_inst_lvl_1,SoilTemp_inst_lvl_2,SoilTemp_inst_lvl_3,Streamflow_tavg
4,61650,5.547389984130859,16.891090393066406,0.06407847255468369,3.5520520210266113,25.0727596282959,0.32997387647628784,0.31586340069770813,0.2892148196697235,0.2610631585121155,26.27168846130371,26.345823287963867,26.061763763427734,25.909212112426758,1006.3316650390625
5,61650,6.34714412689209,17.51004409790039,0.15688490867614746,3.549746513366699,25.040027618408203,0.3519350588321686,0.3443748950958252,0.3260462284088135,0.28706806898117065,26.250308990478516,26.229785919189453,25.9254093170166,25.81024932861328,926.9487915039062
6,61650,6.083076000213623,17.589094161987305,0.13854950666427612,3.583228588104248,25.10276222229004,0.3573891520500183,0.3526567220687866,0.3442744314670563,0.32057493925094604,26.238216400146484,26.21702766418457,25.9176082611084,25.78421974182129,1125.090087890625
7,61650,5.328144550323486,17.349435806274414,0.07132972031831741,3.6534836292266846,25.0841121673584,0.35680797696113586,0.3542899191379547,0.35063436627388,0.34266507625579834,26.098407745361328,26.11646270751953,25.836320877075195,25.733083724975586,1263.383544921875
8,61650,4.52731990814209,17.315637588500977,0.04299406334757805,3.7369635105133057,25.179832458496094,0.3532697260379791,0.35210272669792175,0.35061514377593994,0.3506200611591339,26.146177291870117,26.160585403442383,25.83275604248047,25.694747924804688,1453.2567138671875
9,61650,3.3486318588256836,17.306535720825195,0.02130579575896263,3.8078269958496094,25.356969833374023,0.34241220355033875,0.34154030680656433,0.34071433544158936,0.34298181533813477,26.348690032958984,26.32917022705078,25.945079803466797,25.752851486206055,1119.068603515625
