month,pfaf_id,Rainf_tavg,Qair_f_tavg,Qs_tavg,Evap_tavg,Tair_f_tavg,SoilMoist_inst_lvl_0,SoilMoist_inst_lvl_1,SoilMoist_inst_lvl_2,SoilMoist_inst_lvl_3,SoilTemp_inst_lvl_0,SoilTemp_inst_lvl_1,SoilTemp_inst_lvl_2,SoilTemp_inst_lvl_3,Streamflow_tavg
1,61587,9.935323715209961,17.299341201782227,1.032464623451233,3.7095656394958496,25.509403228759766,0.4281570017337799,0.4306313395500183,0.4385720193386078,0.4588107466697693,26.958770751953125,26.36344337463379,26.24441909790039,26.32257652282715,1920.6632080078125
2,61587,9.977124214172363,17.347782135009766,0.6815963983535767,3.9606430530548096,25.688899993896484,0.42870745062828064,0.4314138889312744,0.43920889496803284,0.4596394896507263,27.06691551208496,26.474212646484375,26.24747657775879,26.205638885498047,2006.6602783203125
3,61587,10.023619651794434,17.355457305908203,0.5086848139762878,3.9489734172821045,25.64431381225586,0.4292782247066498,0.43194180727005005,0.439730167388916,0.46044501662254333,27.01980209350586,26.52823257446289,26.3050594329834,26.224788665771484,2084.32470703125
4,61587,10.106817245483398,17.32332420349121,0.5111484527587891,3.8454155921936035,25.416440963745117,0.42983442544937134,0.43232226371765137,0.4400998055934906,0.46106481552124023,26.8335018157959,26.407358169555664,26.246845245361328,26.21832275390625,2233.520263671875
5,61587,10.045144081115723,17.2962589263916,0.69899982213974,3.710115432739258,25.271982192993164,0.42948752641677856,0.4319823384284973,0.4398835599422455,0.4608455300331116,26.684616088867188,26.221694946289062,26.096179962158203,26.126953125,2300.22021484375
12,61587,10.062232971191406,17.274032592773438,0.7602389454841614,3.664336681365967,25.315673828125,0.4218701720237732,0.4228174686431885,0.4257722496986389,0.4339388310909271,26.897192001342773,26.42727279663086,26.49386215209961,26.680278778076172,1080.0234375
