month,pfaf_id,Rainf_tavg,Qair_f_tavg,Qs_tavg,Evap_tavg,Tair_f_tavg,SoilMoist_inst_lvl_0,SoilMoist_inst_lvl_1,SoilMoist_inst_lvl_2,SoilMoist_inst_lvl_3,SoilTemp_inst_lvl_0,SoilTemp_inst_lvl_1,SoilTemp_inst_lvl_2,SoilTemp_inst_lvl_3,Streamflow_tavg
1,62459,6.971806526184082,17.107288360595703,0.051620326936244965,3.644655466079712,24.7780818939209,0.33465877175331116,0.33410531282424927,0.33131909370422363,0.32700315117836,25.606231689453125,25.829853057861328,25.800540924072266,26.070480346679688,3295.868408203125
2,62459,7.29049825668335,17.301231384277344,0.05028436705470085,3.682493209838867,24.81087303161621,0.34026116132736206,0.34083932638168335,0.34311893582344055,0.35617199540138245,25.593795776367188,25.821155548095703,25.61068344116211,25.683151245117188,4789.27685546875
3,62459,7.362483024597168,17.44635772705078,0.05726184323430061,3.644641637802124,24.843345642089844,0.34380584955215454,0.3448045551776886,0.3501448929309845,0.3739054501056671,25.50933074951172,25.86117935180664,25.601648330688477,25.601516723632812,6415.7666015625
4,62459,6.857027530670166,17.49786949157715,0.07228397578001022,3.6503548622131348,24.854509353637695,0.3431011140346527,0.3448910713195801,0.3522452712059021,0.3814704418182373,25.525358200073242,25.924224853515625,25.618562698364258,25.589885711669922,7221.8662109375
5,62459,4.459172248840332,16.806289672851562,0.05988246202468872,3.1885759830474854,24.505054473876953,0.3311658501625061,0.335448682308197,0.3451262414455414,0.3750927746295929,25.235973358154297,25.741281509399414,25.498001098632812,25.55645179748535,6117.80810546875
12,62459,6.35775899887085,16.80586814880371,0.045997414737939835,3.6915345191955566,25.089574813842773,0.32203415036201477,0.31968066096305847,0.31035754084587097,0.28794968128204346,25.939624786376953,26.391071319580078,26.629669189453125,27.11688804626465,4675.28759765625
