month,pfaf_id,Rainf_tavg,Qair_f_tavg,Qs_tavg,Evap_tavg,Tair_f_tavg,SoilMoist_inst_lvl_0,SoilMoist_inst_lvl_1,SoilMoist_inst_lvl_2,SoilMoist_inst_lvl_3,SoilTemp_inst_lvl_0,SoilTemp_inst_lvl_1,SoilTemp_inst_lvl_2,SoilTemp_inst_lvl_3,Streamflow_tavg
2,61594,6.431342601776123,17.305044174194336,0.01617058739066124,3.469778299331665,24.786420822143555,0.3284032940864563,0.3275880813598633,0.32538607716560364,0.3294835090637207,26.27991485595703,25.794864654541016,25.49593734741211,25.34554100036621,1553.8956298828125
3,61594,7.177785396575928,17.458995819091797,0.022975141182541847,3.583984851837158,24.95916748046875,0.33598434925079346,0.3376471996307373,0.3405187129974365,0.3548537790775299,26.54532814025879,25.969160079956055,25.547258377075195,25.305923461914062,1348.05859375
4,61594,7.606894493103027,17.506072998046875,0.022419217973947525,3.4975626468658447,24.82762336730957,0.33935707807540894,0.34128761291503906,0.3460720181465149,0.36617904901504517,26.310260772705078,25.859357833862305,25.532649993896484,25.342304229736328,1779.7962646484375
5,61594,7.758691787719727,17.40625,0.020071905106306076,3.2872724533081055,24.538652420043945,0.3407277762889862,0.34264352917671204,0.34825199842453003,0.3701629936695099,25.9437255859375,25.574024200439453,25.316282272338867,25.207008361816406,2263.52978515625
6,61594,7.831818103790283,17.407299041748047,0.021114135161042213,3.2009925842285156,24.4832820892334,0.34080690145492554,0.34308743476867676,0.3490259051322937,0.37146955728530884,25.854238510131836,25.469165802001953,25.178733825683594,25.05013084411621,2656.548095703125
7,61594,7.810920715332031,17.285234451293945,0.020574837923049927,3.2179291248321533,24.42677879333496,0.3408527076244354,0.34307169914245605,0.349063515663147,0.3716032803058624,25.85315704345703,25.425949096679688,25.1237850189209,24.979494094848633,2797.78955078125
