month,pfaf_id,Rainf_tavg,Qair_f_tavg,Qs_tavg,Evap_tavg,Tair_f_tavg,SoilMoist_inst_lvl_0,SoilMoist_inst_lvl_1,SoilMoist_inst_lvl_2,SoilMoist_inst_lvl_3,SoilTemp_inst_lvl_0,SoilTemp_inst_lvl_1,SoilTemp_inst_lvl_2,SoilTemp_inst_lvl_3,Streamflow_tavg
2,67104,2.2501986026763916,10.23166275024414,0.012356827035546303,1.5649795532226562,12.614276885986328,0.24085114896297455,0.23952442407608032,0.22651080787181854,0.23339304327964783,17.32431983947754,16.54869842529297,15.216357231140137,13.782986640930176,17.800800323486328
3,67104,1.7428579330444336,9.945918083190918,0.01288686878979206,1.3236547708511353,12.58031940460205,0.2345702350139618,0.24086067080497742,0.23571373522281647,0.25079986453056335,16.710067749023438,16.2932186126709,15.016545295715332,13.657408714294434,68.01131439208984
4,67104,0.8191196918487549,8.746288299560547,0.005225277505815029,1.0143933296203613,12.089924812316895,0.21457989513874054,0.2321656346321106,0.23377542197704315,0.25422099232673645,16.09474754333496,15.616106033325195,14.534847259521484,13.39713191986084,81.57996368408203
5,67104,0.3401355743408203,7.324490547180176,0.0019291817443445325,0.7169225215911865,11.395183563232422,0.19527383148670197,0.2222088873386383,0.22686651349067688,0.24827538430690765,14.681869506835938,14.335220336914062,13.448225975036621,12.673023223876953,42.49751663208008
6,67104,0.1628275215625763,6.249488353729248,0.0018033514497801661,0.521294355392456,10.73497200012207,0.1813594102859497,0.21450336277484894,0.2203972339630127,0.24140043556690216,13.672072410583496,13.194422721862793,12.320663452148438,11.708245277404785,21.4561824798584
7,67104,0.15784533321857452,5.982707500457764,0.0022820308804512024,0.45178306102752686,10.63862419128418,0.17318463325500488,0.2095469832420349,0.21552658081054688,0.2357376217842102,13.862570762634277,13.034207344055176,11.847233772277832,11.005450248718262,12.805086135864258
