month,pfaf_id,Rainf_tavg,Qair_f_tavg,Qs_tavg,Evap_tavg,Tair_f_tavg,SoilMoist_inst_lvl_0,SoilMoist_inst_lvl_1,SoilMoist_inst_lvl_2,SoilMoist_inst_lvl_3,SoilTemp_inst_lvl_0,SoilTemp_inst_lvl_1,SoilTemp_inst_lvl_2,SoilTemp_inst_lvl_3,Streamflow_tavg
1,67205,8.78261661529541,14.985440254211426,0.18644054234027863,3.0879628658294678,20.753156661987305,0.35577648878097534,0.3559269309043884,0.3582698106765747,0.3756183385848999,22.536436080932617,21.820556640625,21.434415817260742,21.13884735107422,1705.5240478515625
2,67205,9.799151420593262,15.252755165100098,0.2581329643726349,3.128812313079834,20.845808029174805,0.3630671203136444,0.3632027804851532,0.36657804250717163,0.38602930307388306,22.668272018432617,21.958532333374023,21.527658462524414,21.17529296875,1848.626708984375
3,67205,9.961955070495605,15.370338439941406,0.2739497423171997,3.0474770069122314,20.873348236083984,0.3666929006576538,0.3674255907535553,0.37233299016952515,0.39451083540916443,22.62565040588379,21.98065185546875,21.580766677856445,21.240320205688477,1949.2603759765625
4,67205,9.697233200073242,15.32942008972168,0.2990270256996155,2.9828073978424072,20.875991821289062,0.36696502566337585,0.3680289089679718,0.3734551668167114,0.39725786447525024,22.576932907104492,21.933290481567383,21.565195083618164,21.25470733642578,1934.05078125
5,67205,8.557417869567871,15.13776969909668,0.2592271864414215,3.063523054122925,20.843297958374023,0.3645078241825104,0.3656438887119293,0.37121498584747314,0.3953240215778351,22.587726593017578,21.862089157104492,21.51917266845703,21.23410415649414,1766.0401611328125
12,67205,8.373544692993164,14.884047508239746,0.14580579102039337,2.928187131881714,20.64609146118164,0.3476142883300781,0.3463456928730011,0.3459104895591736,0.358794629573822,22.50482940673828,21.805532455444336,21.446531295776367,21.172584533691406,1273.385009765625
