month,pfaf_id,Rainf_tavg,Qair_f_tavg,Qs_tavg,Evap_tavg,Tair_f_tavg,SoilMoist_inst_lvl_0,SoilMoist_inst_lvl_1,SoilMoist_inst_lvl_2,SoilMoist_inst_lvl_3,SoilTemp_inst_lvl_0,SoilTemp_inst_lvl_1,SoilTemp_inst_lvl_2,SoilTemp_inst_lvl_3,Streamflow_tavg
2,67107,1.2959072589874268,14.454355239868164,0.01233585923910141,1.0275651216506958,22.3659725189209,0.20889249444007874,0.21071650087833405,0.19754286110401154,0.2252267599105835,25.294044494628906,23.912153244018555,22.4899959564209,20.999919891357422,56.73672103881836
3,67107,0.9971345663070679,14.095873832702637,0.007860961370170116,0.8197821378707886,22.05424690246582,0.2034519463777542,0.20983272790908813,0.2011544406414032,0.22846688330173492,25.009897232055664,23.860570907592773,22.79277992248535,21.558502197265625,210.0469207763672
4,67107,0.28479090332984924,12.57060432434082,0.0007878380129113793,0.5043405890464783,20.539087295532227,0.1864299774169922,0.20233984291553497,0.20018143951892853,0.2293330878019333,23.324277877807617,22.537939071655273,22.01487159729004,21.363428115844727,168.659423828125
5,67107,0.12386859208345413,11.017474174499512,0.0001444934750907123,0.30371153354644775,18.882606506347656,0.17380642890930176,0.1956253945827484,0.19659306108951569,0.22712577879428864,21.336122512817383,20.649192810058594,20.45564842224121,20.31301498413086,65.2937240600586
6,67107,0.09004996716976166,9.904036521911621,7.18998780939728e-05,0.2222812920808792,17.709165573120117,0.16718432307243347,0.1925058513879776,0.19417023658752441,0.22481410205364227,19.841829299926758,19.075721740722656,18.933992385864258,18.991500854492188,23.35855484008789
7,67107,0.08625154197216034,9.439098358154297,6.795353692723438e-05,0.1992698460817337,17.21855926513672,0.1620824933052063,0.19053776562213898,0.19237752258777618,0.22280806303024292,19.50565528869629,18.44986343383789,18.065221786499023,17.959646224975586,10.283530235290527
