month,pfaf_id,Rainf_tavg,Qair_f_tavg,Qs_tavg,Evap_tavg,Tair_f_tavg,SoilMoist_inst_lvl_0,SoilMoist_inst_lvl_1,SoilMoist_inst_lvl_2,SoilMoist_inst_lvl_3,SoilTemp_inst_lvl_0,SoilTemp_inst_lvl_1,SoilTemp_inst_lvl_2,SoilTemp_inst_lvl_3,Streamflow_tavg
2,61586,9.263028144836426,16.273733139038086,0.4225848913192749,3.9460244178771973,24.76555824279785,0.3760336637496948,0.3710881471633911,0.35967421531677246,0.34166112542152405,25.463119506835938,24.607412338256836,23.771059036254883,23.171321868896484,98.53102111816406
3,61586,9.868480682373047,16.46319007873535,0.983387291431427,4.037876605987549,24.783315658569336,0.39195260405540466,0.3916088938713074,0.3920515775680542,0.3953922986984253,25.87411117553711,25.147926330566406,24.48126220703125,23.886289596557617,418.67755126953125
4,61586,10.171282768249512,16.524961471557617,1.0878313779830933,3.9620440006256104,24.69690704345703,0.39737364649772644,0.39859816431999207,0.4029882252216339,0.4180268347263336,25.788204193115234,25.2244930267334,24.752891540527344,24.325273513793945,618.5883178710938
5,61586,10.293970108032227,16.524259567260742,1.0511139631271362,3.8260068893432617,24.619264602661133,0.3994205892086029,0.40154317021369934,0.40750786662101746,0.42669615149497986,25.598526000976562,25.144084930419922,24.7668514251709,24.449848175048828,699.8250122070312
6,61586,10.205080032348633,16.537036895751953,1.032047986984253,3.760820150375366,24.66701889038086,0.40022167563438416,0.40255576372146606,0.4091993272304535,0.4296640157699585,25.50994110107422,25.078231811523438,24.7291202545166,24.45357322692871,730.8544921875
7,61586,10.198906898498535,16.481063842773438,1.0819143056869507,3.769760847091675,24.629405975341797,0.4003007709980011,0.4027200937271118,0.40954381227493286,0.43027612566947937,25.57347869873047,25.105863571166992,24.742080688476562,24.452547073364258,730.4940185546875
