month,pfaf_id,Rainf_tavg,Qair_f_tavg,Qs_tavg,Evap_tavg,Tair_f_tavg,SoilMoist_inst_lvl_0,SoilMoist_inst_lvl_1,SoilMoist_inst_lvl_2,SoilMoist_inst_lvl_3,SoilTemp_inst_lvl_0,SoilTemp_inst_lvl_1,SoilTemp_inst_lvl_2,SoilTemp_inst_lvl_3,Streamflow_tavg
4,61626,3.2453298568725586,15.82181453704834,0.002944299718365073,3.540102481842041,25.691186904907227,0.23942667245864868,0.22126974165439606,0.18159906566143036,0.14039146900177002,26.74700355529785,26.84752082824707,26.57485580444336,26.448518753051758,23.00889778137207
5,61626,3.980419874191284,16.501840591430664,0.004346197936683893,3.5347328186035156,25.322071075439453,0.26434585452079773,0.24293510615825653,0.18579766154289246,0.13349562883377075,26.39632225036621,26.323211669921875,26.004405975341797,25.96654510498047,3.0117034912109375
6,61626,4.327486515045166,16.618730545043945,0.005712844897061586,3.522306203842163,25.2757625579834,0.2743900418281555,0.2567313313484192,0.20267529785633087,0.13704392313957214,26.30984115600586,26.23305892944336,25.8656063079834,25.741945266723633,3.538257122039795
7,61626,4.161332130432129,16.555561065673828,0.00558198569342494,3.515705108642578,25.145198822021484,0.276243656873703,0.26278287172317505,0.21851341426372528,0.14684294164180756,26.099082946777344,26.08804702758789,25.73124122619629,25.620885848999023,7.762834072113037
8,61626,3.5438613891601562,16.572664260864258,0.004203984513878822,3.480013132095337,25.397573471069336,0.2706243693828583,0.25878140330314636,0.22153981029987335,0.1543418914079666,26.148195266723633,26.179309844970703,25.753677368164062,25.58263397216797,11.738240242004395
9,61626,2.3648316860198975,16.52410888671875,0.001973820151761174,3.301612377166748,25.848125457763672,0.2481582760810852,0.23833955824375153,0.20752908289432526,0.15237292647361755,26.567663192749023,26.59518814086914,26.039838790893555,25.751020431518555,9.236879348754883
