month,pfaf_id,Rainf_tavg,Qair_f_tavg,Qs_tavg,Evap_tavg,Tair_f_tavg,SoilMoist_inst_lvl_0,SoilMoist_inst_lvl_1,SoilMoist_inst_lvl_2,SoilMoist_inst_lvl_3,SoilTemp_inst_lvl_0,SoilTemp_inst_lvl_1,SoilTemp_inst_lvl_2,SoilTemp_inst_lvl_3,Streamflow_tavg
1,62229,6.198589324951172,16.687437057495117,0.05470702797174454,3.742419958114624,24.46165657043457,0.3520428538322449,0.3512284457683563,0.34914180636405945,0.3446696698665619,25.237407684326172,25.369430541992188,25.29141616821289,25.465288162231445,683.8809814453125
2,62229,6.13143253326416,16.772899627685547,0.061812419444322586,3.783055543899536,24.606853485107422,0.35519060492515564,0.3552834093570709,0.3570958375930786,0.36561253666877747,25.342121124267578,25.4449520111084,25.127206802368164,25.054912567138672,1002.0716552734375
3,62229,6.1777753829956055,16.919437408447266,0.08707834035158157,3.7843098640441895,24.63656997680664,0.3574230968952179,0.358049213886261,0.3624209463596344,0.3788028657436371,25.35525131225586,25.555620193481445,25.16023826599121,24.987327575683594,1306.3524169921875
4,62229,4.9330363273620605,16.424888610839844,0.0773080587387085,3.661811590194702,24.372631072998047,0.35263964533805847,0.3544773459434509,0.3618556261062622,0.3834340274333954,24.90644645690918,25.30958366394043,25.03032875061035,24.941471099853516,1598.7362060546875
5,62229,2.10152006149292,13.507390975952148,0.02063421718776226,3.3137741088867188,23.896934509277344,0.3140135109424591,0.3294633626937866,0.34194931387901306,0.3642162084579468,23.88334083557129,24.44314956665039,24.32693862915039,24.54627227783203,1319.014404296875
12,62229,6.17427921295166,16.467620849609375,0.054397568106651306,3.7586171627044678,24.77520179748535,0.3390725553035736,0.3378711938858032,0.329782634973526,0.3137437403202057,25.697105407714844,26.03694725036621,26.16544532775879,26.463459014892578,736.32568359375
