month,pfaf_id,Rainf_tavg,Qair_f_tavg,Qs_tavg,Evap_tavg,Tair_f_tavg,SoilMoist_inst_lvl_0,SoilMoist_inst_lvl_1,SoilMoist_inst_lvl_2,SoilMoist_inst_lvl_3,SoilTemp_inst_lvl_0,SoilTemp_inst_lvl_1,SoilTemp_inst_lvl_2,SoilTemp_inst_lvl_3,Streamflow_tavg
1,62297,5.807098865509033,16.70747184753418,0.023200321942567825,3.4483397006988525,24.3878173828125,0.3574032485485077,0.3600043058395386,0.36684802174568176,0.3879629671573639,25.82955551147461,25.089866638183594,24.802701950073242,24.609336853027344,25256.146484375
2,62297,6.008963584899902,16.755340576171875,0.0247331690043211,3.4689576625823975,24.43159294128418,0.35846346616744995,0.36113497614860535,0.3682580292224884,0.39018407464027405,25.946685791015625,25.20313835144043,24.81344985961914,24.52176856994629,20551.103515625
3,62297,6.078124046325684,16.80475616455078,0.022936826571822166,3.463757038116455,24.43271255493164,0.35916566848754883,0.3618094027042389,0.3691343665122986,0.39177432656288147,25.912538528442383,25.238313674926758,24.857959747314453,24.551265716552734,22233.001953125
4,62297,6.163017749786377,16.735031127929688,0.022540109232068062,3.422089099884033,24.24325942993164,0.359823614358902,0.362498015165329,0.36993446946144104,0.3931547701358795,25.711610794067383,25.092790603637695,24.778539657592773,24.531076431274414,25148.46484375
5,62297,5.8127055168151855,16.645769119262695,0.017272431403398514,3.368013620376587,24.167831420898438,0.35872864723205566,0.36153775453567505,0.3691834509372711,0.39264869689941406,25.64080047607422,24.973468780517578,24.653776168823242,24.433626174926758,27536.83984375
12,62297,5.589932441711426,16.735076904296875,0.019724447280168533,3.4470646381378174,24.388351440429688,0.3571529686450958,0.35980865359306335,0.36676886677742004,0.38806235790252686,25.863616943359375,25.192434310913086,25.010112762451172,24.87397003173828,28757.232421875
