month,pfaf_id,Rainf_tavg,Qair_f_tavg,Qs_tavg,Evap_tavg,Tair_f_tavg,SoilMoist_inst_lvl_0,SoilMoist_inst_lvl_1,SoilMoist_inst_lvl_2,SoilMoist_inst_lvl_3,SoilTemp_inst_lvl_0,SoilTemp_inst_lvl_1,SoilTemp_inst_lvl_2,SoilTemp_inst_lvl_3,Streamflow_tavg
1,61598,4.915790557861328,14.285670280456543,0.1187836229801178,3.361996650695801,22.576719284057617,0.36588045954704285,0.3711530864238739,0.37884292006492615,0.3960362374782562,24.099313735961914,23.063556671142578,22.550344467163086,22.20796012878418,681.5653686523438
2,61598,5.27910852432251,14.441494941711426,0.1409149020910263,3.358501672744751,22.823001861572266,0.3647090196609497,0.36908578872680664,0.3754812777042389,0.3908807337284088,24.267684936523438,23.341209411621094,22.741500854492188,22.288297653198242,655.9051513671875
3,61598,5.6343607902526855,14.572824478149414,0.16305206716060638,3.348209857940674,22.913162231445312,0.3665946125984192,0.37003061175346375,0.3755841851234436,0.3903129994869232,24.23145294189453,23.474660873413086,22.918350219726562,22.453590393066406,741.0200805664062
4,61598,6.033298492431641,14.607967376708984,0.19257454574108124,3.260777473449707,22.643482208251953,0.3709944188594818,0.37331101298332214,0.37802159786224365,0.3926345109939575,23.8294620513916,23.18084144592285,22.80434226989746,22.483434677124023,876.7450561523438
5,61598,5.950634002685547,14.557535171508789,0.17533177137374878,3.2090601921081543,22.46561050415039,0.372985303401947,0.37490522861480713,0.3793717324733734,0.3946970999240875,23.61085319519043,22.893251419067383,22.571025848388672,22.326385498046875,965.8585205078125
12,61598,5.457038402557373,14.409284591674805,0.12518341839313507,3.318709373474121,22.485633850097656,0.37166064977645874,0.3752911686897278,0.3827751576900482,0.40102630853652954,23.982511520385742,22.987255096435547,22.55457878112793,22.252872467041016,776.1084594726562
