month,pfaf_id,Rainf_tavg,Qair_f_tavg,Qs_tavg,Evap_tavg,Tair_f_tavg,SoilMoist_inst_lvl_0,SoilMoist_inst_lvl_1,SoilMoist_inst_lvl_2,SoilMoist_inst_lvl_3,SoilTemp_inst_lvl_0,SoilTemp_inst_lvl_1,SoilTemp_inst_lvl_2,SoilTemp_inst_lvl_3,Streamflow_tavg
2,62269,5.072539806365967,13.838778495788574,0.03638846427202225,3.283402681350708,19.72502326965332,0.3253011703491211,0.3255420923233032,0.3243759572505951,0.33109021186828613,22.040630340576172,22.06119728088379,22.48431968688965,23.007081985473633,8352.3935546875
3,62269,4.469940662384033,13.726774215698242,0.030724717304110527,3.0121448040008545,19.74480438232422,0.3231249451637268,0.3245626389980316,0.3257867693901062,0.3345271646976471,21.587873458862305,21.439834594726562,21.384321212768555,21.70668601989746,9158.4931640625
4,62269,3.4542438983917236,12.669025421142578,0.019630150869488716,2.7900609970092773,19.26902198791504,0.3153456151485443,0.31836438179016113,0.32149264216423035,0.3315136134624481,20.719388961791992,20.681262969970703,20.64240074157715,20.952136993408203,8169.23876953125
5,62269,2.5571389198303223,11.121596336364746,0.012171769514679909,2.506497621536255,18.288896560668945,0.3042882978916168,0.30952948331832886,0.3139592111110687,0.3237885534763336,19.23401641845703,19.493810653686523,19.627342224121094,20.1363582611084,7031.7880859375
6,62269,1.8938267230987549,9.571757316589355,0.008225756697356701,2.177966356277466,17.291748046875,0.287276029586792,0.29732975363731384,0.30325043201446533,0.31299638748168945,17.90763282775879,18.198760986328125,18.32628059387207,19.03905487060547,5053.8876953125
7,62269,1.64368736743927,9.106959342956543,0.005750108975917101,2.1285557746887207,17.757265090942383,0.27390289306640625,0.2875930070877075,0.2931593358516693,0.3019416630268097,18.384033203125,18.381103515625,18.050151824951172,18.378681182861328,3183.746826171875
