month,pfaf_id,Rainf_tavg,Qair_f_tavg,Qs_tavg,Evap_tavg,Tair_f_tavg,SoilMoist_inst_lvl_0,SoilMoist_inst_lvl_1,SoilMoist_inst_lvl_2,SoilMoist_inst_lvl_3,SoilTemp_inst_lvl_0,SoilTemp_inst_lvl_1,SoilTemp_inst_lvl_2,SoilTemp_inst_lvl_3,Streamflow_tavg
2,62247,8.129948616027832,17.01291847229004,0.1330219805240631,3.544551372528076,24.487136840820312,0.36887460947036743,0.3716036081314087,0.37910985946655273,0.40664076805114746,25.47242546081543,25.4692325592041,25.27943992614746,25.245298385620117,3380.68408203125
3,62247,7.843959808349609,17.346935272216797,0.09793991595506668,3.487621307373047,24.6895751953125,0.36990979313850403,0.3728383779525757,0.38131678104400635,0.4109349250793457,25.600187301635742,25.525033950805664,25.219951629638672,25.10004234313965,3607.826904296875
4,62247,7.122563362121582,17.42531967163086,0.09172143787145615,3.4683096408843994,24.648448944091797,0.3675900399684906,0.3704946041107178,0.3790777921676636,0.4080457091331482,25.547285079956055,25.511341094970703,25.214969635009766,25.079769134521484,3497.238525390625
5,62247,4.403875350952148,16.81683349609375,0.043208613991737366,3.2856476306915283,24.336668014526367,0.35635045170783997,0.35957613587379456,0.3685837388038635,0.3950061500072479,25.01482391357422,25.12546730041504,24.968116760253906,24.968904495239258,2749.840576171875
6,62247,1.9610730409622192,14.676183700561523,0.010703782550990582,3.145582437515259,24.100933074951172,0.3293624520301819,0.3374466300010681,0.3471224308013916,0.3684619069099426,24.21846580505371,24.41455841064453,24.316774368286133,24.531402587890625,1283.4486083984375
7,62247,0.9058932662010193,11.868712425231934,0.0026979055255651474,2.9710805416107178,25.000459671020508,0.27541303634643555,0.30934280157089233,0.3185890316963196,0.3344506323337555,24.915781021118164,24.899059295654297,24.30990982055664,24.227251052856445,439.23101806640625
