month,pfaf_id,Rainf_tavg,Qair_f_tavg,Qs_tavg,Evap_tavg,Tair_f_tavg,SoilMoist_inst_lvl_0,SoilMoist_inst_lvl_1,SoilMoist_inst_lvl_2,SoilMoist_inst_lvl_3,SoilTemp_inst_lvl_0,SoilTemp_inst_lvl_1,SoilTemp_inst_lvl_2,SoilTemp_inst_lvl_3,Streamflow_tavg
1,62263,7.4600677490234375,17.489952087402344,0.02734244614839554,3.6842904090881348,26.11079978942871,0.3389691114425659,0.3407925069332123,0.3445584774017334,0.3577633500099182,27.10006332397461,26.82941246032715,26.60126304626465,26.552602767944336,8212.556640625
2,62263,7.593301296234131,17.578065872192383,0.023393956944346428,3.707524061203003,26.13945960998535,0.34534740447998047,0.3486420512199402,0.35712096095085144,0.38244807720184326,27.201257705688477,26.911344528198242,26.582801818847656,26.42593002319336,11878.8486328125
3,62263,7.780789375305176,17.728456497192383,0.016682827845215797,3.7672550678253174,26.152950286865234,0.3478717803955078,0.3511310815811157,0.3605489730834961,0.38888490200042725,27.203414916992188,26.953399658203125,26.618112564086914,26.436826705932617,16770.63671875
4,62263,7.570344924926758,17.80747413635254,0.016240475699305534,3.789736032485962,26.097753524780273,0.34813567996025085,0.35107579827308655,0.36040690541267395,0.38904163241386414,27.14134979248047,26.92020606994629,26.59931182861328,26.433069229125977,21354.078125
5,62263,6.329525947570801,17.674848556518555,0.013983805663883686,3.6512413024902344,25.937837600708008,0.34377193450927734,0.34699076414108276,0.35625988245010376,0.38361236453056335,27.013002395629883,26.754764556884766,26.477758407592773,26.374181747436523,21469.294921875
12,62263,6.702486515045166,17.223251342773438,0.021077709272503853,3.7069787979125977,26.404455184936523,0.3264208137989044,0.32563865184783936,0.3214529752731323,0.3126848638057709,27.227258682250977,27.029373168945312,26.902250289916992,26.925392150878906,7457.39208984375
