month,pfaf_id,Rainf_tavg,Qair_f_tavg,Qs_tavg,Evap_tavg,Tair_f_tavg,SoilMoist_inst_lvl_0,SoilMoist_inst_lvl_1,SoilMoist_inst_lvl_2,SoilMoist_inst_lvl_3,SoilTemp_inst_lvl_0,SoilTemp_inst_lvl_1,SoilTemp_inst_lvl_2,SoilTemp_inst_lvl_3,Streamflow_tavg
2,61627,1.8693609237670898,15.391031265258789,0.0008673556731082499,3.6697006225585938,26.100324630737305,0.21991531550884247,0.21922063827514648,0.2087959349155426,0.18319959938526154,26.83702850341797,26.81477165222168,26.17925453186035,25.844928741455078,489.78955078125
3,61627,2.5742416381835938,16.09260368347168,0.0015261712251231074,3.4665908813476562,25.895126342773438,0.22064267098903656,0.2115718424320221,0.1901598572731018,0.16246087849140167,27.21204948425293,27.18989372253418,26.567848205566406,26.217138290405273,167.09848022460938
4,61627,3.2903544902801514,16.730722427368164,0.002169874729588628,3.3456850051879883,25.78485679626465,0.2329925000667572,0.21510709822177887,0.18255329132080078,0.14781083166599274,27.193803787231445,27.260671615600586,26.743913650512695,26.471115112304688,48.176883697509766
5,61627,4.296189308166504,17.191715240478516,0.003322511212900281,3.3794994354248047,25.590625762939453,0.254154771566391,0.23899786174297333,0.19576559960842133,0.14563189446926117,26.89387321472168,26.965482711791992,26.576753616333008,26.434791564941406,129.52931213378906
6,61627,4.533556938171387,17.312490463256836,0.0038659400306642056,3.414564847946167,25.60796546936035,0.2642762362957001,0.2547262907028198,0.22069892287254333,0.15658150613307953,26.753870010375977,26.812870025634766,26.435161590576172,26.301454544067383,440.7235412597656
7,61627,4.638640403747559,17.26999855041504,0.004538020584732294,3.4819259643554688,25.596187591552734,0.2683315575122833,0.2618979811668396,0.23730400204658508,0.17466320097446442,26.785932540893555,26.812179565429688,26.39933967590332,26.237255096435547,748.3516845703125
