month,pfaf_id,Rainf_tavg,Qair_f_tavg,Qs_tavg,Evap_tavg,Tair_f_tavg,SoilMoist_inst_lvl_0,SoilMoist_inst_lvl_1,SoilMoist_inst_lvl_2,SoilMoist_inst_lvl_3,SoilTemp_inst_lvl_0,SoilTemp_inst_lvl_1,SoilTemp_inst_lvl_2,SoilTemp_inst_lvl_3,Streamflow_tavg
2,61670,5.100564479827881,16.64337921142578,0.0831395834684372,3.4758121967315674,24.510377883911133,0.38111719489097595,0.3785334825515747,0.37543705105781555,0.3734900951385498,25.33978843688965,25.467809677124023,25.334712982177734,25.381263732910156,767.4874267578125
3,61670,5.437923431396484,17.093748092651367,0.09718252718448639,3.5408976078033447,24.628353118896484,0.38689038157463074,0.38517022132873535,0.3838473856449127,0.3863767981529236,25.67770004272461,25.700660705566406,25.387737274169922,25.26718521118164,261.29412841796875
4,61670,5.976926803588867,17.54658317565918,0.1304902881383896,3.558745861053467,24.722322463989258,0.3940293490886688,0.3930605947971344,0.3932551443576813,0.39958542585372925,25.944225311279297,25.942419052124023,25.586793899536133,25.376049041748047,567.1044311523438
5,61670,5.680616855621338,17.66912269592285,0.10760506242513657,3.50614595413208,24.731250762939453,0.3971441090106964,0.39742177724838257,0.400169312953949,0.4109305143356323,25.867189407348633,25.91299057006836,25.639007568359375,25.48016929626465,1129.6685791015625
6,61670,5.298386573791504,17.663145065307617,0.07775434851646423,3.4002208709716797,24.69610595703125,0.3973090350627899,0.3981473743915558,0.40210869908332825,0.4155809283256531,25.787830352783203,25.826757431030273,25.59065055847168,25.48102378845215,1405.034912109375
7,61670,4.807119846343994,17.380632400512695,0.06506064534187317,3.549137592315674,24.591758728027344,0.3959493339061737,0.3969430923461914,0.40138235688209534,0.41584938764572144,25.757341384887695,25.756681442260742,25.52194595336914,25.435659408569336,1407.4525146484375
