month,pfaf_id,Rainf_tavg,Qair_f_tavg,Qs_tavg,Evap_tavg,Tair_f_tavg,SoilMoist_inst_lvl_0,SoilMoist_inst_lvl_1,SoilMoist_inst_lvl_2,SoilMoist_inst_lvl_3,SoilTemp_inst_lvl_0,SoilTemp_inst_lvl_1,SoilTemp_inst_lvl_2,SoilTemp_inst_lvl_3,Streamflow_tavg
2,61588,8.465717315673828,16.53384780883789,0.12212616205215454,3.8520820140838623,24.9874324798584,0.3576732277870178,0.3541754484176636,0.3439711034297943,0.3267950117588043,25.87268829345703,25.084148406982422,24.287582397460938,23.728931427001953,76.53138732910156
3,61588,8.945457458496094,16.66278839111328,0.22335119545459747,3.9216971397399902,25.030048370361328,0.3710034489631653,0.37202420830726624,0.37473762035369873,0.38337957859039307,26.191299438476562,25.511398315429688,24.879125595092773,24.346176147460938,296.2890319824219
4,61588,9.128241539001465,16.698596954345703,0.24608604609966278,3.908190965652466,24.97442626953125,0.3759491443634033,0.37864193320274353,0.3854096829891205,0.4070776700973511,26.09832191467285,25.568496704101562,25.11115837097168,24.721647262573242,482.97918701171875
5,61588,9.266165733337402,16.69196128845215,0.23500867187976837,3.8209469318389893,24.88852882385254,0.3784150779247284,0.3814196288585663,0.3892650902271271,0.41454243659973145,25.818029403686523,25.401025772094727,25.05162239074707,24.786962509155273,562.2249755859375
6,61588,9.124855041503906,16.699562072753906,0.21439394354820251,3.739851713180542,24.93771743774414,0.37887388467788696,0.3817908763885498,0.3899447023868561,0.415997177362442,25.708494186401367,25.31183624267578,24.976585388183594,24.74053955078125,592.9383544921875
7,61588,9.036407470703125,16.656814575195312,0.21949180960655212,3.7452080249786377,24.886539459228516,0.37851306796073914,0.3814413845539093,0.38963261246681213,0.4156281650066376,25.791309356689453,25.344030380249023,24.9809627532959,24.72000503540039,583.1766967773438
