month,pfaf_id,Rainf_tavg,Qair_f_tavg,Qs_tavg,Evap_tavg,Tair_f_tavg,SoilMoist_inst_lvl_0,SoilMoist_inst_lvl_1,SoilMoist_inst_lvl_2,SoilMoist_inst_lvl_3,SoilTemp_inst_lvl_0,SoilTemp_inst_lvl_1,SoilTemp_inst_lvl_2,SoilTemp_inst_lvl_3,Streamflow_tavg
4,62301,6.859716415405273,17.824337005615234,0.04086754098534584,3.8442938327789307,25.875171661376953,0.3873234689235687,0.38889437913894653,0.3964008390903473,0.4216462969779968,26.99382209777832,27.092323303222656,26.77411651611328,26.6121826171875,216576.28125
5,62301,6.647851943969727,17.97711944580078,0.03732870891690254,3.7615270614624023,26.033519744873047,0.3859674632549286,0.3877016305923462,0.39484265446662903,0.419035404920578,27.009552001953125,27.093706130981445,26.794878005981445,26.637939453125,196711.34375
6,62301,5.2128214836120605,17.810197830200195,0.02012474089860916,3.632864475250244,25.990734100341797,0.3801773190498352,0.38243934512138367,0.3900374472141266,0.4131440222263336,26.799549102783203,26.926115036010742,26.703601837158203,26.614295959472656,170019.484375
7,62301,3.6597695350646973,17.41511344909668,0.010699882172048092,3.6405975818634033,25.8869686126709,0.3685506582260132,0.37062594294548035,0.3770607113838196,0.39537087082862854,26.504121780395508,26.670265197753906,26.483476638793945,26.470722198486328,132834.65625
8,62301,3.644730567932129,17.652868270874023,0.00970947090536356,3.805767774581909,26.287525177001953,0.36291584372520447,0.3638697564601898,0.36703550815582275,0.3783676028251648,26.813695907592773,26.896350860595703,26.540271759033203,26.39238166809082,100222.3046875
9,62301,2.954293727874756,17.669178009033203,0.006416579708456993,3.9661386013031006,26.729124069213867,0.3524981737136841,0.3534947633743286,0.3556652367115021,0.36368420720100403,27.21221923828125,27.27759552001953,26.828807830810547,26.558177947998047,77834.3203125
