month,pfaf_id,Rainf_tavg,Qair_f_tavg,Qs_tavg,Evap_tavg,Tair_f_tavg,SoilMoist_inst_lvl_0,SoilMoist_inst_lvl_1,SoilMoist_inst_lvl_2,SoilMoist_inst_lvl_3,SoilTemp_inst_lvl_0,SoilTemp_inst_lvl_1,SoilTemp_inst_lvl_2,SoilTemp_inst_lvl_3,Streamflow_tavg
4,61594,7.62617301940918,17.323135375976562,0.02279043383896351,3.438150644302368,24.566925048828125,0.33528241515159607,0.33553335070610046,0.33447304368019104,0.33686286211013794,26.36378288269043,25.94795799255371,25.796052932739258,25.76343536376953,1700.248046875
5,61594,7.877392768859863,17.324539184570312,0.028358399868011475,3.3185501098632812,24.37849235534668,0.33935314416885376,0.3415195643901825,0.3456687927246094,0.3636403977870941,26.105976104736328,25.64096450805664,25.401142120361328,25.34246826171875,2006.5247802734375
6,61594,7.809736251831055,17.345664978027344,0.0214991495013237,3.3074593544006348,24.413759231567383,0.34079116582870483,0.34273844957351685,0.34797877073287964,0.3695509433746338,25.961021423339844,25.524322509765625,25.234745025634766,25.11864471435547,2376.324951171875
7,61594,7.804680347442627,17.20410919189453,0.01968991570174694,3.234487295150757,24.32347869873047,0.3409923315048218,0.3430258631706238,0.3488396406173706,0.37120696902275085,25.746532440185547,25.369863510131836,25.09423828125,24.984525680541992,2626.59326171875
8,61594,7.448480606079102,17.21572494506836,0.018474403768777847,3.34549617767334,24.59627914428711,0.3397866189479828,0.34209364652633667,0.3479819595813751,0.37003427743911743,25.889766693115234,25.45537757873535,25.097267150878906,24.92087173461914,2723.63232421875
9,61594,7.092931270599365,17.43113899230957,0.017778266221284866,3.4936554431915283,25.076684951782227,0.33858722448349,0.34082189202308655,0.34654107689857483,0.3677590489387512,26.36174964904785,25.830598831176758,25.364381790161133,25.065031051635742,2495.19189453125
