month,pfaf_id,Rainf_tavg,Qair_f_tavg,Qs_tavg,Evap_tavg,Tair_f_tavg,SoilMoist_inst_lvl_0,SoilMoist_inst_lvl_1,SoilMoist_inst_lvl_2,SoilMoist_inst_lvl_3,SoilTemp_inst_lvl_0,SoilTemp_inst_lvl_1,SoilTemp_inst_lvl_2,SoilTemp_inst_lvl_3,Streamflow_tavg
4,62255,6.292815685272217,17.179039001464844,0.07630201429128647,3.6937003135681152,25.999038696289062,0.37831631302833557,0.38175728917121887,0.39111626148223877,0.41727179288864136,27.524824142456055,27.588163375854492,27.328426361083984,27.188114166259766,156431.703125
5,62255,5.880314350128174,17.502504348754883,0.05335353687405586,3.5674664974212646,26.079368591308594,0.37535572052001953,0.3781808316707611,0.386136919260025,0.40900787711143494,27.465700149536133,27.470476150512695,27.155620574951172,27.02216339111328,147009.4375
6,62255,4.311249256134033,17.502613067626953,0.023270538076758385,3.428493022918701,26.020397186279297,0.3677641451358795,0.37116602063179016,0.3793461322784424,0.4007003605365753,27.255647659301758,27.31255531311035,27.02737808227539,26.908578872680664,128794.375
7,62255,3.166853189468384,16.97776222229004,0.010478914715349674,3.42962908744812,26.16020965576172,0.3554324805736542,0.3592357933521271,0.3666853904724121,0.3840455412864685,27.063735961914062,27.146211624145508,26.839223861694336,26.751806259155273,106583.9453125
8,62255,3.14102840423584,16.79294776916504,0.008526685647666454,3.7754645347595215,27.784866333007812,0.3439287841320038,0.3467382788658142,0.3514549434185028,0.363172322511673,28.073158264160156,27.96308135986328,27.25461769104004,26.830102920532227,86138.7109375
9,62255,3.8340322971343994,17.194326400756836,0.015613958239555359,3.9724366664886475,28.78481101989746,0.3420347273349762,0.34271374344825745,0.3431148827075958,0.3480282127857208,29.06859588623047,28.925771713256836,28.096033096313477,27.431493759155273,69454.078125
