month,pfaf_id,Rainf_tavg,Qair_f_tavg,Qs_tavg,Evap_tavg,Tair_f_tavg,SoilMoist_inst_lvl_0,SoilMoist_inst_lvl_1,SoilMoist_inst_lvl_2,SoilMoist_inst_lvl_3,SoilTemp_inst_lvl_0,SoilTemp_inst_lvl_1,SoilTemp_inst_lvl_2,SoilTemp_inst_lvl_3,Streamflow_tavg
1,62496,7.2650322914123535,16.24595832824707,0.06485087424516678,3.640533208847046,22.911710739135742,0.32522353529930115,0.3254488706588745,0.331432044506073,0.35985416173934937,23.8740234375,24.336305618286133,24.220012664794922,24.433820724487305,357.1181335449219
2,62496,6.712616920471191,16.233400344848633,0.061918195337057114,3.5938265323638916,23.129899978637695,0.32339078187942505,0.32501378655433655,0.33346790075302124,0.3669925332069397,23.899883270263672,24.359996795654297,23.972166061401367,23.90045738220215,427.8123474121094
3,62496,6.554185390472412,16.290287017822266,0.09353693574666977,3.5528626441955566,23.199228286743164,0.32301634550094604,0.3240061402320862,0.33314022421836853,0.3672481179237366,23.881425857543945,24.569034576416016,24.0440616607666,23.8279972076416,425.92437744140625
4,62496,4.585022449493408,15.362161636352539,0.058907508850097656,3.214927911758423,22.621379852294922,0.30938559770584106,0.3143373429775238,0.3265853524208069,0.36101654171943665,23.219327926635742,24.312824249267578,23.913671493530273,23.81406593322754,357.28076171875
5,62496,1.7604783773422241,12.186915397644043,0.011492487043142319,2.4132747650146484,21.249685287475586,0.2693365216255188,0.28774768114089966,0.3061259686946869,0.33947092294692993,21.742551803588867,23.19900131225586,22.99196434020996,23.281978607177734,181.4720001220703
12,62496,7.266775608062744,16.16111183166504,0.05573290213942528,3.663841485977173,23.101457595825195,0.314304381608963,0.31238096952438354,0.31149187684059143,0.3275384306907654,24.32923126220703,25.19424057006836,25.437667846679688,25.849519729614258,177.70266723632812
