month,pfaf_id,Rainf_tavg,Qair_f_tavg,Qs_tavg,Evap_tavg,Tair_f_tavg,SoilMoist_inst_lvl_0,SoilMoist_inst_lvl_1,SoilMoist_inst_lvl_2,SoilMoist_inst_lvl_3,SoilTemp_inst_lvl_0,SoilTemp_inst_lvl_1,SoilTemp_inst_lvl_2,SoilTemp_inst_lvl_3,Streamflow_tavg
1,61584,9.838794708251953,17.423458099365234,0.6797272562980652,3.714116096496582,25.304094314575195,0.3978045582771301,0.4001823961734772,0.40788814425468445,0.43118810653686523,26.31131935119629,25.71979331970215,25.1905574798584,24.682138442993164,2511.110107421875
2,61584,9.864349365234375,17.50993537902832,0.4868832528591156,3.8493168354034424,25.485342025756836,0.39780285954475403,0.40040692687034607,0.40795987844467163,0.4310871660709381,26.4462890625,25.888378143310547,25.358640670776367,24.868371963500977,2640.015625
3,61584,9.955944061279297,17.54323959350586,0.3631233274936676,3.8152270317077637,25.485130310058594,0.39802631735801697,0.40090280771255493,0.40858569741249084,0.43198609352111816,26.47260856628418,26.01186752319336,25.518596649169922,25.038082122802734,2705.04443359375
4,61584,10.228882789611816,17.49664306640625,0.3617265522480011,3.69744873046875,25.247425079345703,0.3990326523780823,0.4017866551876068,0.40959081053733826,0.4333696961402893,26.35094451904297,25.947179794311523,25.527297973632812,25.115097045898438,2885.905029296875
5,61584,10.114326477050781,17.447206497192383,0.4110279679298401,3.6017284393310547,25.11905860900879,0.39920297265052795,0.4017634093761444,0.40952494740486145,0.4333784282207489,26.23544692993164,25.806589126586914,25.428672790527344,25.077438354492188,2986.219970703125
12,61584,10.144007682800293,17.420774459838867,0.6547456979751587,3.6014888286590576,25.202028274536133,0.3963315784931183,0.39788690209388733,0.40395885705947876,0.42345738410949707,26.248775482177734,25.561405181884766,24.90185546875,24.37934684753418,1334.9576416015625
