month,pfaf_id,Rainf_tavg,Qair_f_tavg,Qs_tavg,Evap_tavg,Tair_f_tavg,SoilMoist_inst_lvl_0,SoilMoist_inst_lvl_1,SoilMoist_inst_lvl_2,SoilMoist_inst_lvl_3,SoilTemp_inst_lvl_0,SoilTemp_inst_lvl_1,SoilTemp_inst_lvl_2,SoilTemp_inst_lvl_3,Streamflow_tavg
1,62221,5.75066614151001,16.71515464782715,0.04015207663178444,3.4828877449035645,25.12959098815918,0.3442039489746094,0.33549776673316956,0.30404210090637207,0.23199671506881714,25.924318313598633,25.98333740234375,25.957414627075195,26.185808181762695,85494.484375
2,62221,5.901365280151367,16.85777473449707,0.05136612802743912,3.5521016120910645,25.154312133789062,0.3531547486782074,0.3476259708404541,0.3288160264492035,0.27253755927085876,25.921104431152344,25.947856903076172,25.75054931640625,25.76624298095703,89436.2734375
3,62221,6.234859466552734,17.02438735961914,0.07197855412960052,3.5980563163757324,25.237895965576172,0.3629682660102844,0.3595581352710724,0.34867388010025024,0.31626975536346436,25.926239013671875,25.9939022064209,25.739627838134766,25.666305541992188,112216.265625
4,62221,6.371982574462891,17.124544143676758,0.09045571088790894,3.6861534118652344,25.307106018066406,0.3713194727897644,0.3699263334274292,0.3660908341407776,0.356356143951416,25.95302963256836,26.019977569580078,25.746116638183594,25.64916229248047,138426.328125
5,62221,5.6719841957092285,17.12422752380371,0.07844919711351395,3.6286051273345947,25.245689392089844,0.374370813369751,0.3751174211502075,0.3764611780643463,0.38154906034469604,25.945457458496094,25.958154678344727,25.710277557373047,25.632761001586914,155035.25
12,62221,5.288188457489014,16.34126091003418,0.030533066019415855,3.449383497238159,25.677873611450195,0.3215775489807129,0.30569392442703247,0.26179441809654236,0.20443446934223175,26.355445861816406,26.592382431030273,26.82401466369629,27.218605041503906,88117.25
