month,pfaf_id,Rainf_tavg,Qair_f_tavg,Qs_tavg,Evap_tavg,Tair_f_tavg,SoilMoist_inst_lvl_0,SoilMoist_inst_lvl_1,SoilMoist_inst_lvl_2,SoilMoist_inst_lvl_3,SoilTemp_inst_lvl_0,SoilTemp_inst_lvl_1,SoilTemp_inst_lvl_2,SoilTemp_inst_lvl_3,Streamflow_tavg
2,61640,4.454422473907471,15.847517967224121,0.02574791945517063,3.552502393722534,24.98995018005371,0.3346797525882721,0.3274923264980316,0.3091205060482025,0.26681435108184814,25.517587661743164,25.34955596923828,25.054920196533203,24.964797973632812,704.1879272460938
3,61640,5.520035266876221,16.49713134765625,0.051933448761701584,3.506535291671753,24.813961029052734,0.3491014242172241,0.34328728914260864,0.327249675989151,0.29246649146080017,25.751338958740234,25.53469467163086,25.179288864135742,25.01495361328125,206.8101806640625
4,61640,6.273397445678711,16.921449661254883,0.07902705669403076,3.505633592605591,24.740800857543945,0.3642427325248718,0.3602704405784607,0.35011106729507446,0.3296465277671814,25.83368492126465,25.646528244018555,25.314481735229492,25.136274337768555,299.09869384765625
5,61640,6.794539928436279,17.1173152923584,0.09826715290546417,3.4542951583862305,24.743745803833008,0.3747684955596924,0.3739016652107239,0.37173351645469666,0.36678335070610046,25.710704803466797,25.569591522216797,25.29473114013672,25.16717529296875,856.8889770507812
6,61640,6.699769020080566,17.190834045410156,0.10217496007680893,3.392259120941162,24.816242218017578,0.379460871219635,0.38080286979675293,0.38401761651039124,0.3947165310382843,25.687992095947266,25.54627227783203,25.275774002075195,25.150611877441406,1569.906494140625
7,61640,6.304097652435303,17.015140533447266,0.08610985428094864,3.5498669147491455,24.787416458129883,0.3805731236934662,0.3824731409549713,0.38790351152420044,0.40638986229896545,25.75002670288086,25.576662063598633,25.278573989868164,25.1419620513916,1896.0418701171875
