month,pfaf_id,Rainf_tavg,Qair_f_tavg,Qs_tavg,Evap_tavg,Tair_f_tavg,SoilMoist_inst_lvl_0,SoilMoist_inst_lvl_1,SoilMoist_inst_lvl_2,SoilMoist_inst_lvl_3,SoilTemp_inst_lvl_0,SoilTemp_inst_lvl_1,SoilTemp_inst_lvl_2,SoilTemp_inst_lvl_3,Streamflow_tavg
1,64277,7.318124771118164,17.187135696411133,0.3504049479961395,2.9944634437561035,26.49566078186035,0.3330303430557251,0.33467474579811096,0.33788782358169556,0.3521305322647095,25.54648780822754,25.823328018188477,25.681795120239258,25.64706802368164,3280.42236328125
2,64277,6.34677267074585,17.240280151367188,0.30428624153137207,2.754179000854492,26.57425308227539,0.33633652329444885,0.3392799198627472,0.34656476974487305,0.3692814111709595,25.430349349975586,25.66512680053711,25.349924087524414,25.14339828491211,5311.65869140625
3,64277,4.313615322113037,16.740726470947266,0.12862147390842438,2.50370192527771,26.311920166015625,0.3286954164505005,0.33307918906211853,0.34228384494781494,0.3665398061275482,25.024065017700195,25.43842124938965,25.147371292114258,24.93244171142578,5398.55810546875
4,64277,1.889662265777588,14.347068786621094,0.03316657617688179,2.0420286655426025,24.781648635864258,0.3058607578277588,0.31682124733924866,0.32897672057151794,0.3515205681324005,23.205245971679688,24.033660888671875,24.164560317993164,24.38886260986328,4378.58056640625
5,64277,0.7789735198020935,11.377067565917969,0.01227211207151413,1.3842148780822754,22.429641723632812,0.2790593206882477,0.29946064949035645,0.3135492503643036,0.33393701910972595,20.389545440673828,21.535308837890625,22.06883430480957,22.92453384399414,2369.68310546875
12,64277,6.040327072143555,16.488601684570312,0.14413604140281677,3.076497793197632,26.615041732788086,0.3080153167247772,0.3114129900932312,0.307451456785202,0.31678128242492676,26.072107315063477,26.5970401763916,26.738868713378906,26.806970596313477,2350.055908203125
