month,pfaf_id,Rainf_tavg,Qair_f_tavg,Qs_tavg,Evap_tavg,Tair_f_tavg,SoilMoist_inst_lvl_0,SoilMoist_inst_lvl_1,SoilMoist_inst_lvl_2,SoilMoist_inst_lvl_3,SoilTemp_inst_lvl_0,SoilTemp_inst_lvl_1,SoilTemp_inst_lvl_2,SoilTemp_inst_lvl_3,Streamflow_tavg
1,62254,6.080513000488281,16.778982162475586,0.014748639427125454,3.7590532302856445,26.087217330932617,0.3163951635360718,0.3153144419193268,0.3105824291706085,0.3050159811973572,26.704587936401367,26.597455978393555,26.346820831298828,26.303604125976562,76225.859375
2,62254,6.2033257484436035,16.896360397338867,0.016538172960281372,3.7860751152038574,26.12186622619629,0.3222346901893616,0.3227396607398987,0.32282349467277527,0.3321014642715454,26.79700469970703,26.693904876708984,26.334644317626953,26.17418098449707,79848.859375
3,62254,6.345629692077637,17.018484115600586,0.01562538370490074,3.8142905235290527,26.155916213989258,0.3270837962627411,0.32814109325408936,0.33123189210891724,0.34944605827331543,26.791053771972656,26.75857925415039,26.39217185974121,26.200206756591797,93220.1328125
4,62254,6.313931465148926,17.076265335083008,0.015040997415781021,3.857759475708008,26.103525161743164,0.3296034038066864,0.33136263489723206,0.3363912105560303,0.3597199618816376,26.74949073791504,26.716556549072266,26.370664596557617,26.203161239624023,109030.609375
5,62254,5.600789546966553,17.089534759521484,0.013149827718734741,3.878455877304077,26.00380516052246,0.3277115821838379,0.32993409037590027,0.3359261453151703,0.36107105016708374,26.758211135864258,26.64484977722168,26.307247161865234,26.163955688476562,119270.7578125
12,62254,5.6584086418151855,16.660552978515625,0.011282840743660927,3.7761898040771484,26.317794799804688,0.3077995181083679,0.3047139346599579,0.29422739148139954,0.2715558707714081,26.842479705810547,26.809030532836914,26.692977905273438,26.741195678710938,77308.8515625
