month,pfaf_id,Rainf_tavg,Qair_f_tavg,Qs_tavg,Evap_tavg,Tair_f_tavg,SoilMoist_inst_lvl_0,SoilMoist_inst_lvl_1,SoilMoist_inst_lvl_2,SoilMoist_inst_lvl_3,SoilTemp_inst_lvl_0,SoilTemp_inst_lvl_1,SoilTemp_inst_lvl_2,SoilTemp_inst_lvl_3,Streamflow_tavg
2,67101,1.205631971359253,12.775516510009766,0.003580475691705942,0.9353514313697815,19.55929946899414,0.20424413681030273,0.21180254220962524,0.20175454020500183,0.20847876369953156,23.259113311767578,22.2613582611084,20.706178665161133,18.996482849121094,5.143284797668457
3,67101,0.7297899723052979,12.1618070602417,0.002132637659087777,0.7152067422866821,18.920167922973633,0.1952836811542511,0.2089739888906479,0.20474132895469666,0.2136589139699936,22.249404907226562,21.609270095825195,20.53729248046875,19.29906463623047,16.498640060424805
4,67101,0.2579318881034851,10.695544242858887,0.0004636920930352062,0.44153204560279846,17.716106414794922,0.17587518692016602,0.20091232657432556,0.20216892659664154,0.21490299701690674,20.459741592407227,20.067285537719727,19.505584716796875,18.820981979370117,18.79863166809082
5,67101,0.12207628786563873,9.245956420898438,0.00017971079796552658,0.265777051448822,16.434703826904297,0.16523081064224243,0.1958835870027542,0.19924578070640564,0.21338388323783875,18.07893943786621,17.796531677246094,17.577665328979492,17.464242935180664,9.209309577941895
6,67101,0.08330731093883514,8.213835716247559,0.000103298261819873,0.19530358910560608,15.41259479522705,0.16048535704612732,0.1930941343307495,0.1971421092748642,0.21157243847846985,16.478557586669922,16.06378746032715,15.846090316772461,15.884095191955566,4.605514049530029
7,67101,0.07232944667339325,7.865852355957031,7.271813956322148e-05,0.17935678362846375,15.014869689941406,0.15752361714839935,0.19127264618873596,0.19553354382514954,0.20994363725185394,16.185867309570312,15.449225425720215,14.882287979125977,14.69225025177002,2.6541037559509277
