month,pfaf_id,Rainf_tavg,Qair_f_tavg,Qs_tavg,Evap_tavg,Tair_f_tavg,SoilMoist_inst_lvl_0,SoilMoist_inst_lvl_1,SoilMoist_inst_lvl_2,SoilMoist_inst_lvl_3,SoilTemp_inst_lvl_0,SoilTemp_inst_lvl_1,SoilTemp_inst_lvl_2,SoilTemp_inst_lvl_3,Streamflow_tavg
2,62210,7.535019874572754,17.550601959228516,0.11083871871232986,3.609206199645996,25.782609939575195,0.3674902319908142,0.3657316565513611,0.36442673206329346,0.3621181845664978,26.67960548400879,26.895082473754883,26.762853622436523,26.774789810180664,118883.8359375
3,62210,7.547585487365723,17.78894805908203,0.13300517201423645,3.6003775596618652,26.04998016357422,0.3715226650238037,0.3713720440864563,0.37460973858833313,0.38765665888786316,26.848051071166992,26.954591751098633,26.664793014526367,26.56096649169922,137377.734375
4,62210,7.429649829864502,17.906780242919922,0.09274240583181381,3.5312836170196533,26.19620704650879,0.374627947807312,0.37585586309432983,0.3819945752620697,0.4026992917060852,26.89185333251953,27.006906509399414,26.71076011657715,26.55060386657715,152677.78125
5,62210,7.417092323303223,17.986295700073242,0.08775664120912552,3.454756259918213,26.226516723632812,0.3761572539806366,0.37822195887565613,0.3859681487083435,0.4103597104549408,26.792869567871094,26.944236755371094,26.67845344543457,26.54207420349121,160588.03125
6,62210,5.188147068023682,17.86916732788086,0.02428479678928852,3.4012653827667236,26.132081985473633,0.36901846528053284,0.37197086215019226,0.3805161416530609,0.40460842847824097,26.631216049194336,26.789875030517578,26.573036193847656,26.485252380371094,155525.71875
7,62210,3.0355887413024902,17.28154754638672,0.009669844061136246,3.502988338470459,25.973121643066406,0.3529828190803528,0.35624614357948303,0.36360928416252136,0.3820882737636566,26.356719970703125,26.513689041137695,26.333772659301758,26.32872772216797,130150.2421875
