month,pfaf_id,Rainf_tavg,Qair_f_tavg,Qs_tavg,Evap_tavg,Tair_f_tavg,SoilMoist_inst_lvl_0,SoilMoist_inst_lvl_1,SoilMoist_inst_lvl_2,SoilMoist_inst_lvl_3,SoilTemp_inst_lvl_0,SoilTemp_inst_lvl_1,SoilTemp_inst_lvl_2,SoilTemp_inst_lvl_3,Streamflow_tavg
1,61690,9.070602416992188,17.873828887939453,0.530800461769104,2.93652606010437,26.30849838256836,0.3639430105686188,0.35323119163513184,0.32091280817985535,0.2668238580226898,26.451435089111328,26.942869186401367,27.200769424438477,27.70285415649414,2.5315093994140625
2,61690,8.863700866699219,18.070602416992188,0.5604647994041443,3.1311028003692627,26.220121383666992,0.3840898871421814,0.38155630230903625,0.37038254737854004,0.34322020411491394,26.3647403717041,26.70772933959961,26.687786102294922,26.867023468017578,6.785370826721191
3,61690,9.745328903198242,18.33696937561035,1.140350580215454,3.0796611309051514,26.347291946411133,0.3968006670475006,0.39759448170661926,0.3979124426841736,0.39321666955947876,26.55544090270996,26.82305145263672,26.62917137145996,26.594907760620117,13.024867057800293
4,61690,9.910510063171387,18.475574493408203,1.7760894298553467,2.965484619140625,26.487934112548828,0.40204960107803345,0.4044685363769531,0.41013580560684204,0.42129847407341003,26.692358016967773,26.911775588989258,26.67701530456543,26.567150115966797,21.42137336730957
5,61690,8.427103042602539,18.400293350219727,0.8918794393539429,2.8840830326080322,26.407150268554688,0.401790052652359,0.4047060012817383,0.41203582286834717,0.42897671461105347,26.677474975585938,26.89311981201172,26.682554244995117,26.58143424987793,21.383037567138672
12,61690,5.526834964752197,17.29948616027832,0.17513130605220795,2.6505491733551025,27.16705894470215,0.3044714331626892,0.2782914340496063,0.24146732687950134,0.2052839696407318,27.378185272216797,28.16314697265625,28.762964248657227,29.367046356201172,1.834631323814392
