month,pfaf_id,Rainf_tavg,Qair_f_tavg,Qs_tavg,Evap_tavg,Tair_f_tavg,SoilMoist_inst_lvl_0,SoilMoist_inst_lvl_1,SoilMoist_inst_lvl_2,SoilMoist_inst_lvl_3,SoilTemp_inst_lvl_0,SoilTemp_inst_lvl_1,SoilTemp_inst_lvl_2,SoilTemp_inst_lvl_3,Streamflow_tavg
2,62491,5.470592975616455,17.496274948120117,0.10186240077018738,3.7623817920684814,25.635692596435547,0.39458614587783813,0.3931933343410492,0.39048686623573303,0.3881104588508606,26.665010452270508,26.874114990234375,26.825223922729492,26.973642349243164,2896.928466796875
3,62491,5.394298076629639,17.54541015625,0.128413587808609,3.7332043647766113,25.951494216918945,0.4043027460575104,0.40399134159088135,0.4050220847129822,0.4071202278137207,26.69451332092285,26.849702835083008,26.620059967041016,26.624204635620117,2600.474853515625
4,62491,4.610543251037598,17.384490966796875,0.11380880326032639,3.6812117099761963,25.87022590637207,0.40372827649116516,0.40507230162620544,0.4092772603034973,0.4170428216457367,26.405059814453125,26.65028953552246,26.45927619934082,26.46145248413086,2929.878662109375
5,62491,1.8094216585159302,14.91320514678955,0.021330561488866806,3.454146146774292,26.023780822753906,0.3593021035194397,0.38220348954200745,0.39230144023895264,0.40383487939834595,25.683591842651367,26.1240177154541,26.02330207824707,26.186243057250977,2265.72412109375
6,62491,0.8716381192207336,11.224553108215332,0.003315475769340992,1.9182531833648682,26.365243911743164,0.2519116997718811,0.3660542368888855,0.37213605642318726,0.3805706799030304,26.7539005279541,27.063722610473633,26.278839111328125,26.024085998535156,943.3082275390625
7,62491,0.5609208941459656,9.394230842590332,0.0017307486850768328,1.1551768779754639,27.01233673095703,0.20991095900535583,0.35926181077957153,0.3625892996788025,0.3684002161026001,28.19542121887207,28.47132682800293,27.38831901550293,26.68334197998047,369.0379943847656
