month,pfaf_id,Rainf_tavg,Qair_f_tavg,Qs_tavg,Evap_tavg,Tair_f_tavg,SoilMoist_inst_lvl_0,SoilMoist_inst_lvl_1,SoilMoist_inst_lvl_2,SoilMoist_inst_lvl_3,SoilTemp_inst_lvl_0,SoilTemp_inst_lvl_1,SoilTemp_inst_lvl_2,SoilTemp_inst_lvl_3,Streamflow_tavg
1,62252,5.6153788566589355,16.677576065063477,0.08367817103862762,3.462486505508423,25.21842384338379,0.3678506016731262,0.3634737432003021,0.3473087251186371,0.30621564388275146,25.945688247680664,25.75980567932129,25.621482849121094,25.670421600341797,77359.375
2,62252,5.7066216468811035,16.783615112304688,0.10147827863693237,3.5280699729919434,25.290132522583008,0.37471574544906616,0.37252435088157654,0.36362043023109436,0.3389914035797119,26.057687759399414,25.85212516784668,25.57778549194336,25.470731735229492,80549.6015625
3,62252,5.9974446296691895,16.899667739868164,0.12536928057670593,3.5428900718688965,25.35924530029297,0.382039338350296,0.3813151717185974,0.37730878591537476,0.3672856092453003,26.119571685791016,25.963336944580078,25.657123565673828,25.48263168334961,94226.765625
4,62252,6.243981838226318,16.906936645507812,0.13952280580997467,3.5810322761535645,25.332334518432617,0.38926276564598083,0.38978978991508484,0.3903276324272156,0.3927261233329773,26.104297637939453,25.944982528686523,25.66356086730957,25.50791358947754,111097.4609375
5,62252,6.1300787925720215,16.926599502563477,0.10299260169267654,3.642807722091675,25.282968521118164,0.3933240473270416,0.39454150199890137,0.3979264199733734,0.4082348644733429,26.08060646057129,25.882856369018555,25.615442276000977,25.48514747619629,122891.140625
12,62252,5.625243186950684,16.525310516357422,0.0560920350253582,3.4691519737243652,25.507299423217773,0.35197558999061584,0.34207096695899963,0.31522631645202637,0.27504098415374756,26.15383529663086,26.095703125,26.125797271728516,26.23197364807129,78741.734375
