month,pfaf_id,Rainf_tavg,Qair_f_tavg,Qs_tavg,Evap_tavg,Tair_f_tavg,SoilMoist_inst_lvl_0,SoilMoist_inst_lvl_1,SoilMoist_inst_lvl_2,SoilMoist_inst_lvl_3,SoilTemp_inst_lvl_0,SoilTemp_inst_lvl_1,SoilTemp_inst_lvl_2,SoilTemp_inst_lvl_3,Streamflow_tavg
1,62253,6.466134071350098,17.224937438964844,0.1594034880399704,3.420128107070923,26.27031707763672,0.3433156907558441,0.34004756808280945,0.32881131768226624,0.3041996657848358,27.217666625976562,27.27630615234375,27.190393447875977,27.336101531982422,77346.5
2,62253,6.467263698577881,17.393070220947266,0.11981839686632156,3.4583775997161865,26.287261962890625,0.3491314947605133,0.34786224365234375,0.342105895280838,0.32781267166137695,27.213747024536133,27.231847763061523,26.968963623046875,26.909446716308594,80556.7265625
3,62253,6.750097751617432,17.448278427124023,0.16258540749549866,3.504788875579834,26.391592025756836,0.35376402735710144,0.35337573289871216,0.35112133622169495,0.3475775122642517,27.302366256713867,27.346704483032227,26.994935989379883,26.818655014038086,94237.9453125
4,62253,6.823999404907227,17.366928100585938,0.1605301797389984,3.572965621948242,26.43229103088379,0.35816845297813416,0.3582841753959656,0.35907891392707825,0.36485233902931213,27.280906677246094,27.337890625,26.995676040649414,26.81739044189453,111108.015625
5,62253,6.377476692199707,17.44045066833496,0.11217670142650604,3.5760276317596436,26.322689056396484,0.3598632216453552,0.3609499931335449,0.364205002784729,0.37675219774246216,27.247800827026367,27.246585845947266,26.921428680419922,26.772510528564453,122895.6328125
12,62253,5.91209602355957,16.819377899169922,0.07840517908334732,3.486806631088257,26.889118194580078,0.32773882150650024,0.3211745619773865,0.301012247800827,0.27422964572906494,27.618505477905273,27.859050750732422,28.058982849121094,28.342750549316406,78743.5703125
