month,pfaf_id,Rainf_tavg,Qair_f_tavg,Qs_tavg,Evap_tavg,Tair_f_tavg,SoilMoist_inst_lvl_0,SoilMoist_inst_lvl_1,SoilMoist_inst_lvl_2,SoilMoist_inst_lvl_3,SoilTemp_inst_lvl_0,SoilTemp_inst_lvl_1,SoilTemp_inst_lvl_2,SoilTemp_inst_lvl_3,Streamflow_tavg
2,61567,3.926060438156128,14.765848159790039,0.033061735332012177,2.9286437034606934,25.839805603027344,0.281618595123291,0.3181823492050171,0.3215315043926239,0.3303253948688507,28.701452255249023,28.0948486328125,27.96968650817871,27.689613342285156,445.2825622558594
3,61567,5.352790832519531,15.512998580932617,0.0681275874376297,3.4194235801696777,25.964452743530273,0.32204002141952515,0.33395877480506897,0.336311012506485,0.3428482115268707,28.026968002319336,27.16781234741211,26.895015716552734,26.881118774414062,535.9646606445312
4,61567,6.536033630371094,16.276119232177734,0.09968763589859009,3.4875166416168213,25.491384506225586,0.34579408168792725,0.3493503928184509,0.3539600372314453,0.36759525537490845,27.0438232421875,26.42203712463379,26.233097076416016,26.224458694458008,960.4990234375
5,61567,6.623288631439209,16.30528450012207,0.10017827898263931,3.336806535720825,25.028804779052734,0.3538048267364502,0.35626861453056335,0.36209332942962646,0.3824410140514374,26.17075538635254,25.709135055541992,25.586891174316406,25.622648239135742,1285.744384765625
6,61567,6.655584335327148,16.28347396850586,0.0833301693201065,3.244598865509033,24.889183044433594,0.3568224012851715,0.3581371605396271,0.36297160387039185,0.3868063688278198,25.850852966308594,25.3411922454834,25.15657615661621,25.13886070251465,1366.742919921875
7,61567,6.640346527099609,16.075315475463867,0.06580838561058044,3.210894823074341,24.72648811340332,0.3571286201477051,0.35795122385025024,0.3616044223308563,0.3880898058414459,25.735376358032227,25.16549301147461,24.935283660888672,24.85771942138672,1366.585693359375
