month,pfaf_id,Rainf_tavg,Qair_f_tavg,Qs_tavg,Evap_tavg,Tair_f_tavg,SoilMoist_inst_lvl_0,SoilMoist_inst_lvl_1,SoilMoist_inst_lvl_2,SoilMoist_inst_lvl_3,SoilTemp_inst_lvl_0,SoilTemp_inst_lvl_1,SoilTemp_inst_lvl_2,SoilTemp_inst_lvl_3,Streamflow_tavg
2,62255,6.091133117675781,17.27204132080078,0.06840836256742477,3.6779565811157227,25.949674606323242,0.37164169549942017,0.3736862242221832,0.3787316381931305,0.3946353495121002,27.43008041381836,27.519136428833008,27.373437881469727,27.37466049194336,98158.2578125
3,62255,6.082568168640137,17.322351455688477,0.07253770530223846,3.683805465698242,26.104846954345703,0.3729306161403656,0.3751544654369354,0.38132965564727783,0.39974457025527954,27.59327507019043,27.596282958984375,27.236438751220703,27.093307495117188,112931.484375
4,62255,6.091883659362793,17.394685745239258,0.08854365348815918,3.664172649383545,26.218276977539062,0.37385788559913635,0.3764215111732483,0.38328269124031067,0.40343931317329407,27.60083770751953,27.640378952026367,27.256072998046875,27.04829978942871,118339.4453125
5,62255,5.841508865356445,17.51169776916504,0.0656108632683754,3.589345693588257,26.16353988647461,0.37371596693992615,0.3763454556465149,0.3835631012916565,0.4043942391872406,27.42656707763672,27.51905632019043,27.181758880615234,27.009471893310547,122402.8984375
6,62255,4.385295391082764,17.60272979736328,0.02072008140385151,3.5006754398345947,26.08452606201172,0.36763182282447815,0.37050291895866394,0.3781973421573639,0.3984319269657135,27.310161590576172,27.394996643066406,27.071619033813477,26.926795959472656,120844.7265625
7,62255,2.893781900405884,17.025075912475586,0.00782450009137392,3.557554244995117,26.154125213623047,0.3525055944919586,0.3562091588973999,0.3635772168636322,0.3802046775817871,27.26067352294922,27.282337188720703,26.93531608581543,26.817760467529297,106536.5234375
