month,pfaf_id,Rainf_tavg,Qair_f_tavg,Qs_tavg,Evap_tavg,Tair_f_tavg,SoilMoist_inst_lvl_0,SoilMoist_inst_lvl_1,SoilMoist_inst_lvl_2,SoilMoist_inst_lvl_3,SoilTemp_inst_lvl_0,SoilTemp_inst_lvl_1,SoilTemp_inst_lvl_2,SoilTemp_inst_lvl_3,Streamflow_tavg
2,62236,5.789488315582275,16.56779670715332,0.03582928329706192,3.557163715362549,24.990358352661133,0.3467005789279938,0.34199416637420654,0.3254731595516205,0.27795732021331787,25.949134826660156,25.983009338378906,25.913949966430664,26.008176803588867,217.8065643310547
3,62236,5.9539642333984375,16.84241485595703,0.038356881588697433,3.5391342639923096,25.081701278686523,0.3541722595691681,0.3511311411857605,0.3411230742931366,0.3112757205963135,25.964637756347656,25.90172576904297,25.680559158325195,25.656286239624023,271.57281494140625
4,62236,6.038390636444092,16.997806549072266,0.05009399726986885,3.5292434692382812,25.198226928710938,0.35959237813949585,0.35858994722366333,0.35401636362075806,0.342548668384552,25.97354507446289,25.906442642211914,25.649311065673828,25.550437927246094,443.5119323730469
5,62236,5.4870476722717285,17.096803665161133,0.035038355737924576,3.4333834648132324,25.183208465576172,0.3622657060623169,0.3625918924808502,0.36243727803230286,0.3645540475845337,25.841272354125977,25.817428588867188,25.581748962402344,25.493091583251953,526.0325927734375
6,62236,3.657588005065918,16.856050491333008,0.011227825656533241,3.352365255355835,25.028234481811523,0.35485368967056274,0.35611438751220703,0.3590328097343445,0.36845946311950684,25.573101043701172,25.573184967041016,25.400665283203125,25.38324546813965,437.76361083984375
7,62236,2.302380323410034,16.165382385253906,0.004222021903842688,3.420464277267456,24.866342544555664,0.3378565013408661,0.33942675590515137,0.34222927689552307,0.3504348397254944,25.439428329467773,25.3897705078125,25.17794418334961,25.196081161499023,241.62364196777344
