month,pfaf_id,Rainf_tavg,Qair_f_tavg,Qs_tavg,Evap_tavg,Tair_f_tavg,SoilMoist_inst_lvl_0,SoilMoist_inst_lvl_1,SoilMoist_inst_lvl_2,SoilMoist_inst_lvl_3,SoilTemp_inst_lvl_0,SoilTemp_inst_lvl_1,SoilTemp_inst_lvl_2,SoilTemp_inst_lvl_3,Streamflow_tavg
4,61587,10.124044418334961,17.2763729095459,0.5002150535583496,3.7111377716064453,25.25137710571289,0.4118845462799072,0.41020694375038147,0.4035862982273102,0.38230496644973755,27.16628074645996,26.710729598999023,26.773778915405273,26.92179298400879,417.4504699707031
5,61587,10.249473571777344,17.3043155670166,1.0333003997802734,3.6302711963653564,25.317867279052734,0.4273328185081482,0.4294606149196625,0.43646231293678284,0.4541615843772888,27.083242416381836,26.511425018310547,26.42287826538086,26.5234375,1402.025634765625
6,61587,10.127236366271973,17.318843841552734,0.6862421631813049,3.8128604888916016,25.39962387084961,0.42921170592308044,0.43194159865379333,0.439846932888031,0.4606549143791199,26.973052978515625,26.43099594116211,26.283239364624023,26.31161117553711,1926.2215576171875
7,61587,10.05767822265625,17.276535034179688,0.5001561641693115,3.792524814605713,25.376888275146484,0.42962008714675903,0.4322914183139801,0.44016194343566895,0.4611557126045227,26.80426025390625,26.350778579711914,26.19900131225586,26.203815460205078,2085.96533203125
8,61587,9.816465377807617,17.273452758789062,0.47034844756126404,3.9073925018310547,25.586727142333984,0.4293154776096344,0.43185514211654663,0.43960753083229065,0.4603513181209564,26.877756118774414,26.390033721923828,26.172958374023438,26.135507583618164,2061.161865234375
9,61587,9.533445358276367,17.344120025634766,0.623618483543396,4.037730693817139,26.064754486083984,0.42818164825439453,0.4306459426879883,0.43830981850624084,0.45841336250305176,27.30043601989746,26.702716827392578,26.368005752563477,26.203933715820312,1839.5540771484375
