month,pfaf_id,Rainf_tavg,Qair_f_tavg,Qs_tavg,Evap_tavg,Tair_f_tavg,SoilMoist_inst_lvl_0,SoilMoist_inst_lvl_1,SoilMoist_inst_lvl_2,SoilMoist_inst_lvl_3,SoilTemp_inst_lvl_0,SoilTemp_inst_lvl_1,SoilTemp_inst_lvl_2,SoilTemp_inst_lvl_3,Streamflow_tavg
2,62267,6.506593704223633,17.66997718811035,0.04204409942030907,3.5732409954071045,25.503896713256836,0.33096611499786377,0.3306788504123688,0.32713550329208374,0.31997597217559814,26.766889572143555,26.475257873535156,26.25364875793457,26.179996490478516,8381.923828125
3,62267,6.446731090545654,17.803871154785156,0.04218016564846039,3.504760980606079,25.67117691040039,0.33682289719581604,0.3381994068622589,0.34086358547210693,0.354947030544281,26.695724487304688,26.401752471923828,26.0939884185791,25.97003746032715,10040.666015625
4,62267,5.24793004989624,17.38111686706543,0.025253186002373695,3.4060089588165283,25.498659133911133,0.33390966057777405,0.33662354946136475,0.34299203753471375,0.3670234978199005,26.33266830444336,26.094209671020508,25.881975173950195,25.83188247680664,9410.8095703125
5,62267,3.611253023147583,16.17439079284668,0.013220345601439476,3.278764486312866,25.06874656677246,0.32322922348976135,0.3271016478538513,0.3348064124584198,0.358872652053833,25.581762313842773,25.44123649597168,25.386791229248047,25.500690460205078,8337.1630859375
6,62267,2.3226001262664795,14.255982398986816,0.005861268378794193,3.152663469314575,24.779577255249023,0.30382218956947327,0.3099272549152374,0.31744858622550964,0.3374660313129425,24.77068328857422,24.557756423950195,24.509328842163086,24.822933197021484,6114.43212890625
7,62267,1.6288901567459106,12.805289268493652,0.0026961583644151688,3.2117061614990234,25.75408935546875,0.2787603437900543,0.29064637422561646,0.29688701033592224,0.3116193115711212,25.365375518798828,24.855823516845703,24.434303283691406,24.450334548950195,3882.720947265625
