month,pfaf_id,Rainf_tavg,Qair_f_tavg,Qs_tavg,Evap_tavg,Tair_f_tavg,SoilMoist_inst_lvl_0,SoilMoist_inst_lvl_1,SoilMoist_inst_lvl_2,SoilMoist_inst_lvl_3,SoilTemp_inst_lvl_0,SoilTemp_inst_lvl_1,SoilTemp_inst_lvl_2,SoilTemp_inst_lvl_3,Streamflow_tavg
2,67207,10.12277889251709,17.20116424560547,0.8854832649230957,3.385603427886963,24.124631881713867,0.41215795278549194,0.41429075598716736,0.4213172197341919,0.44166821241378784,25.481178283691406,24.576635360717773,23.860523223876953,23.268070220947266,1263.494873046875
3,67207,9.84097957611084,17.221101760864258,0.94532710313797,3.387479782104492,24.10881996154785,0.4128285050392151,0.41512390971183777,0.4219755232334137,0.4414844214916229,25.708839416503906,24.88067626953125,24.34548568725586,23.814821243286133,1606.0103759765625
4,67207,10.2306489944458,17.3431453704834,1.098862648010254,3.332979917526245,24.157052993774414,0.41402164101600647,0.41637903451919556,0.4233042299747467,0.44281676411628723,25.69841194152832,24.960227966308594,24.55485725402832,24.143850326538086,1727.702880859375
5,67207,11.69233226776123,17.508203506469727,1.6379101276397705,3.3134467601776123,24.220983505249023,0.4183162450790405,0.42053523659706116,0.42736944556236267,0.446530282497406,25.5560245513916,24.9375057220459,24.60296058654785,24.270112991333008,1778.508544921875
6,67207,12.063486099243164,17.622066497802734,1.7297245264053345,3.399064779281616,24.28888702392578,0.4208016097545624,0.42290306091308594,0.4294324517250061,0.4478985667228699,25.537315368652344,24.965961456298828,24.63772201538086,24.31617546081543,2083.468017578125
7,67207,11.279111862182617,17.54875946044922,1.381945252418518,3.5393214225769043,24.41267204284668,0.4192746877670288,0.4213360846042633,0.42797014117240906,0.44641339778900146,25.642831802368164,25.031143188476562,24.69281005859375,24.361665725708008,2078.32177734375
