month,pfaf_id,Rainf_tavg,Qair_f_tavg,Qs_tavg,Evap_tavg,Tair_f_tavg,SoilMoist_inst_lvl_0,SoilMoist_inst_lvl_1,SoilMoist_inst_lvl_2,SoilMoist_inst_lvl_3,SoilTemp_inst_lvl_0,SoilTemp_inst_lvl_1,SoilTemp_inst_lvl_2,SoilTemp_inst_lvl_3,Streamflow_tavg
1,61629,5.135433673858643,16.64115333557129,0.03684670478105545,3.2955739498138428,24.549358367919922,0.33854374289512634,0.33590954542160034,0.32773905992507935,0.31111466884613037,25.49635124206543,25.32132911682129,25.098718643188477,25.09511375427246,245.51844787597656
2,61629,5.215149879455566,16.707151412963867,0.03796974942088127,3.4169952869415283,24.634719848632812,0.34210991859436035,0.3408169448375702,0.3366340696811676,0.33193132281303406,25.64345932006836,25.4655818939209,25.134672164916992,25.012392044067383,292.7160339355469
3,61629,5.561354160308838,16.82868003845215,0.04626232013106346,3.4169762134552,24.693683624267578,0.3466585576534271,0.3468810021877289,0.34556546807289124,0.3487128019332886,25.678466796875,25.571125030517578,25.233156204223633,25.07373809814453,362.5139465332031
4,61629,6.142367362976074,16.927387237548828,0.0547950379550457,3.377242088317871,24.669818878173828,0.3528369069099426,0.3540281355381012,0.3559707999229431,0.3669993281364441,25.626432418823242,25.544946670532227,25.245037078857422,25.113086700439453,493.3141174316406
5,61629,6.275248050689697,16.947891235351562,0.05732031911611557,3.4329309463500977,24.64846420288086,0.35668620467185974,0.35808008909225464,0.36261019110679626,0.38026121258735657,25.63709259033203,25.49880599975586,25.205734252929688,25.09516716003418,751.9888305664062
12,61629,5.621023654937744,16.724227905273438,0.033525895327329636,3.329660415649414,24.66776466369629,0.32915791869163513,0.3199664056301117,0.30216068029403687,0.2818582057952881,25.518701553344727,25.45941734313965,25.403650283813477,25.51592254638672,522.6843872070312
