month,pfaf_id,Rainf_tavg,Qair_f_tavg,Qs_tavg,Evap_tavg,Tair_f_tavg,SoilMoist_inst_lvl_0,SoilMoist_inst_lvl_1,SoilMoist_inst_lvl_2,SoilMoist_inst_lvl_3,SoilTemp_inst_lvl_0,SoilTemp_inst_lvl_1,SoilTemp_inst_lvl_2,SoilTemp_inst_lvl_3,Streamflow_tavg
2,62233,5.1431121826171875,17.18874740600586,0.03610408678650856,3.745079278945923,25.982568740844727,0.3258111774921417,0.31966426968574524,0.3026215434074402,0.257944792509079,26.983531951904297,27.096284866333008,26.909669876098633,26.92281723022461,110294.171875
3,62233,5.2208099365234375,17.489585876464844,0.04976203665137291,3.695312261581421,26.07741355895996,0.3310975432395935,0.32636386156082153,0.31412529945373535,0.27937978506088257,27.09030532836914,27.15279769897461,26.818458557128906,26.676883697509766,128191.9765625
4,62233,5.322208404541016,17.61325454711914,0.05451586842536926,3.626537561416626,26.232810974121094,0.33696311712265015,0.3342948853969574,0.3264545500278473,0.30458569526672363,27.03071403503418,27.118314743041992,26.797908782958984,26.627050399780273,138879.734375
5,62233,5.408586502075195,17.717334747314453,0.05846661701798439,3.5351529121398926,26.24907875061035,0.34280914068222046,0.3416529595851898,0.3378326892852783,0.32880446314811707,26.879758834838867,27.006437301635742,26.716678619384766,26.56763458251953,144099.21875
6,62233,4.3114118576049805,17.69569969177246,0.02543659135699272,3.4986653327941895,26.154979705810547,0.34072864055633545,0.3413429856300354,0.3417973220348358,0.34414881467819214,26.802873611450195,26.93598175048828,26.64029884338379,26.49540138244629,140485.984375
7,62233,2.8767879009246826,17.137714385986328,0.01067761518061161,3.5796468257904053,26.00486946105957,0.3269502818584442,0.32833531498908997,0.330160528421402,0.3353841006755829,26.689579010009766,26.82451057434082,26.517839431762695,26.40531349182129,121220.8359375
