month,pfaf_id,Rainf_tavg,Qair_f_tavg,Qs_tavg,Evap_tavg,Tair_f_tavg,SoilMoist_inst_lvl_0,SoilMoist_inst_lvl_1,SoilMoist_inst_lvl_2,SoilMoist_inst_lvl_3,SoilTemp_inst_lvl_0,SoilTemp_inst_lvl_1,SoilTemp_inst_lvl_2,SoilTemp_inst_lvl_3,Streamflow_tavg
2,62224,7.514447212219238,16.569522857666016,0.10199771821498871,3.719843626022339,24.523412704467773,0.3602406680583954,0.3610538840293884,0.36357682943344116,0.3768210709095001,25.216291427612305,25.3663272857666,25.234418869018555,25.28679084777832,952.7510986328125
3,62224,7.672680377960205,16.801916122436523,0.0994998887181282,3.6274778842926025,24.676738739013672,0.3655937910079956,0.36754974722862244,0.374083548784256,0.3984161913394928,25.236268997192383,25.336851119995117,25.098331451416016,25.084068298339844,1566.6058349609375
4,62224,7.2876787185668945,16.890758514404297,0.08516257256269455,3.599287748336792,24.701919555664062,0.3661961555480957,0.36833709478378296,0.3760894238948822,0.40324339270591736,25.153148651123047,25.283613204956055,25.04837989807129,25.015291213989258,1941.0059814453125
5,62224,5.3761725425720215,16.656354904174805,0.06025153771042824,3.5073227882385254,24.543325424194336,0.3591984808444977,0.36147910356521606,0.3696209490299225,0.3954532742500305,24.808696746826172,25.04620361328125,24.87621307373047,24.909677505493164,1633.2891845703125
6,62224,2.507540225982666,15.566527366638184,0.019103381782770157,3.3307552337646484,24.260461807250977,0.3377869725227356,0.34243351221084595,0.3513546884059906,0.37266314029693604,24.270509719848633,24.59003448486328,24.4752140045166,24.6393985748291,816.5671997070312
7,62224,0.9537343978881836,13.184341430664062,0.0034256894141435623,3.1585397720336914,24.594419479370117,0.2891019582748413,0.31204909086227417,0.3214670717716217,0.3371826112270355,24.5018253326416,24.736072540283203,24.330791473388672,24.381166458129883,260.5278625488281
