month,pfaf_id,Rainf_tavg,Qair_f_tavg,Qs_tavg,Evap_tavg,Tair_f_tavg,SoilMoist_inst_lvl_0,SoilMoist_inst_lvl_1,SoilMoist_inst_lvl_2,SoilMoist_inst_lvl_3,SoilTemp_inst_lvl_0,SoilTemp_inst_lvl_1,SoilTemp_inst_lvl_2,SoilTemp_inst_lvl_3,Streamflow_tavg
2,67201,7.11666202545166,15.13755989074707,0.23069003224372864,2.6752994060516357,22.08135223388672,0.30701640248298645,0.29794877767562866,0.26597729325294495,0.2557956278324127,24.03167152404785,23.03501319885254,22.181013107299805,21.540180206298828,437.9593811035156
3,67201,8.058871269226074,15.28060531616211,1.0824416875839233,2.5779454708099365,22.14413070678711,0.31693509221076965,0.31117838621139526,0.29724493622779846,0.2959732413291931,24.248363494873047,23.357864379882812,22.61577033996582,21.92030143737793,841.8076171875
4,67201,4.2116265296936035,14.5801362991333,0.3498956561088562,2.341672420501709,22.007583618164062,0.2999632656574249,0.3013131320476532,0.2982473075389862,0.3087393641471863,24.49612808227539,23.582223892211914,22.868913650512695,22.20044708251953,1195.65234375
5,67201,1.562508463859558,13.387096405029297,0.029758568853139877,1.9433684349060059,21.78362274169922,0.26613977551460266,0.27711230516433716,0.28059786558151245,0.296481192111969,24.690153121948242,23.63020133972168,22.909454345703125,22.305240631103516,730.0272216796875
6,67201,0.6364186406135559,12.385083198547363,0.0022295282687991858,1.57210373878479,21.672250747680664,0.23009070754051208,0.25477227568626404,0.2615946829319,0.27877211570739746,25.059762954711914,23.761579513549805,22.986988067626953,22.36821174621582,353.07147216796875
7,67201,0.43350544571876526,11.55163860321045,0.000894702214282006,1.2845371961593628,21.650861740112305,0.19913128018379211,0.23912768065929413,0.24656477570533752,0.2641311585903168,25.730932235717773,24.016841888427734,23.139606475830078,22.458698272705078,154.69082641601562
