month,pfaf_id,Rainf_tavg,Qair_f_tavg,Qs_tavg,Evap_tavg,Tair_f_tavg,SoilMoist_inst_lvl_0,SoilMoist_inst_lvl_1,SoilMoist_inst_lvl_2,SoilMoist_inst_lvl_3,SoilTemp_inst_lvl_0,SoilTemp_inst_lvl_1,SoilTemp_inst_lvl_2,SoilTemp_inst_lvl_3,Streamflow_tavg
2,62251,6.031506538391113,16.909669876098633,0.054214924573898315,3.792844533920288,26.12688446044922,0.3367888629436493,0.33685386180877686,0.3345646262168884,0.32810550928115845,27.283716201782227,27.473526000976562,27.422578811645508,27.559829711914062,98898.5
3,62251,6.30368185043335,17.20575714111328,0.07678405940532684,3.751863479614258,26.14312744140625,0.34066569805145264,0.34101733565330505,0.3412780165672302,0.3438904583454132,27.311025619506836,27.378665924072266,27.096248626708984,27.058683395385742,114057.0703125
4,62251,6.196578502655029,17.3326416015625,0.057309966534376144,3.703671932220459,26.3331298828125,0.3441847562789917,0.34592756628990173,0.3492126166820526,0.3594939708709717,27.31673812866211,27.393268585205078,27.052181243896484,26.90453338623047,120584.3671875
5,62251,5.878882884979248,17.458723068237305,0.039737384766340256,3.632704973220825,26.280920028686523,0.3458123505115509,0.34813934564590454,0.3534672260284424,0.3692336678504944,27.124177932739258,27.258108139038086,26.948686599731445,26.820377349853516,125322.2734375
6,62251,4.30327033996582,17.456838607788086,0.015044555068016052,3.5660593509674072,26.150815963745117,0.3393038511276245,0.3422324061393738,0.3490532338619232,0.36676573753356934,26.96800422668457,27.110424041748047,26.816633224487305,26.71439552307129,125206.3046875
7,62251,2.6634981632232666,16.772890090942383,0.005863699596375227,3.5983364582061768,26.014440536499023,0.32112571597099304,0.3252197802066803,0.33234524726867676,0.3474651575088501,26.864864349365234,26.993276596069336,26.654903411865234,26.577177047729492,111580.0
