month,pfaf_id,Rainf_tavg,Qair_f_tavg,Qs_tavg,Evap_tavg,Tair_f_tavg,SoilMoist_inst_lvl_0,SoilMoist_inst_lvl_1,SoilMoist_inst_lvl_2,SoilMoist_inst_lvl_3,SoilTemp_inst_lvl_0,SoilTemp_inst_lvl_1,SoilTemp_inst_lvl_2,SoilTemp_inst_lvl_3,Streamflow_tavg
2,62497,7.100480079650879,16.560501098632812,0.04240163415670395,3.7100911140441895,24.219018936157227,0.3110092878341675,0.3124222755432129,0.32076263427734375,0.353723406791687,25.001575469970703,25.623239517211914,25.53421974182129,25.727060317993164,1331.7142333984375
3,62497,6.608187675476074,16.571008682250977,0.03992556408047676,3.5666630268096924,24.525959014892578,0.3089272975921631,0.31124642491340637,0.32109400629997253,0.3556877672672272,25.089778900146484,25.654878616333008,25.24140739440918,25.17416763305664,1533.7645263671875
4,62497,4.878737449645996,15.538520812988281,0.028331471607089043,3.2412989139556885,23.93046760559082,0.2968759834766388,0.30239230394363403,0.3148367702960968,0.3492530286312103,24.395902633666992,25.308347702026367,24.94751739501953,24.946964263916016,1369.0416259765625
5,62497,1.786033034324646,12.406058311462402,0.004794049542397261,2.4968936443328857,22.970006942749023,0.25922533869743347,0.27592360973358154,0.2951468229293823,0.32873693108558655,23.21179962158203,24.596927642822266,24.302318572998047,24.485950469970703,708.4241333007812
6,62497,0.935146689414978,10.02090072631836,0.001532095717266202,1.6854807138442993,22.07478904724121,0.22029390931129456,0.2549550235271454,0.27650320529937744,0.30673104524612427,22.35172462463379,23.93183135986328,23.491872787475586,23.774206161499023,282.15972900390625
7,62497,0.6787706613540649,9.219178199768066,0.0007187751471064985,1.3021345138549805,22.728763580322266,0.18940553069114685,0.24518604576587677,0.26489654183387756,0.2918660640716553,23.306119918823242,24.80439567565918,23.855741500854492,23.667402267456055,140.90907287597656
