month,pfaf_id,Rainf_tavg,Qair_f_tavg,Qs_tavg,Evap_tavg,Tair_f_tavg,SoilMoist_inst_lvl_0,SoilMoist_inst_lvl_1,SoilMoist_inst_lvl_2,SoilMoist_inst_lvl_3,SoilTemp_inst_lvl_0,SoilTemp_inst_lvl_1,SoilTemp_inst_lvl_2,SoilTemp_inst_lvl_3,Streamflow_tavg
1,62249,6.970841407775879,16.90214729309082,0.11425375938415527,3.727787733078003,24.586868286132812,0.37857484817504883,0.37826359272003174,0.37787720561027527,0.3790940046310425,25.540836334228516,25.45803451538086,25.30300521850586,25.376346588134766,1175.8905029296875
2,62249,6.845588684082031,17.00004768371582,0.12740807235240936,3.714763641357422,24.74226951599121,0.38280993700027466,0.383539617061615,0.38724055886268616,0.40086159110069275,25.74432373046875,25.70457649230957,25.312955856323242,25.12053108215332,1839.97265625
3,62249,6.726535320281982,17.138717651367188,0.15990562736988068,3.719931125640869,24.75494384765625,0.38495418429374695,0.38584503531455994,0.3914700448513031,0.41083836555480957,25.63899040222168,25.675113677978516,25.308923721313477,25.107667922973633,2330.812255859375
4,62249,5.401418685913086,16.710729598999023,0.13801731169223785,3.6922614574432373,24.591720581054688,0.37966811656951904,0.3815633952617645,0.3889223635196686,0.41005706787109375,25.288043975830078,25.43550682067871,25.157115936279297,25.037309646606445,2442.39892578125
5,62249,2.6752710342407227,14.292059898376465,0.048683423548936844,3.343132972717285,24.19709587097168,0.34867432713508606,0.36171209812164307,0.3717731535434723,0.39134058356285095,24.422033309936523,24.722856521606445,24.580467224121094,24.712129592895508,1730.4461669921875
12,62249,6.718873977661133,16.532264709472656,0.10443111509084702,3.8088743686676025,24.93077850341797,0.36242595314979553,0.36143115162849426,0.3541363775730133,0.3414449691772461,25.76896858215332,25.861295700073242,25.970796585083008,26.224363327026367,1038.9652099609375
