month,pfaf_id,Rainf_tavg,Qair_f_tavg,Qs_tavg,Evap_tavg,Tair_f_tavg,SoilMoist_inst_lvl_0,SoilMoist_inst_lvl_1,SoilMoist_inst_lvl_2,SoilMoist_inst_lvl_3,SoilTemp_inst_lvl_0,SoilTemp_inst_lvl_1,SoilTemp_inst_lvl_2,SoilTemp_inst_lvl_3,Streamflow_tavg
4,62295,7.502719402313232,17.466289520263672,0.023228885605931282,3.515108346939087,25.52167320251465,0.35619521141052246,0.35932958126068115,0.3682626187801361,0.3950853645801544,26.80230140686035,26.516254425048828,26.411170959472656,26.3941707611084,51826.5
5,62295,7.180583953857422,17.555179595947266,0.016900120303034782,3.463935136795044,25.551115036010742,0.356160968542099,0.35970833897590637,0.36920392513275146,0.39737313985824585,26.74053955078125,26.368301391601562,26.17950439453125,26.141864776611328,47882.15234375
6,62295,5.870747089385986,17.37203598022461,0.01468918938189745,3.2892603874206543,25.443811416625977,0.35160499811172485,0.3553858697414398,0.364790678024292,0.3914448916912079,26.425477981567383,26.10070037841797,25.958023071289062,25.95567512512207,38528.94921875
7,62295,4.873683452606201,16.951210021972656,0.008910620585083961,3.272503614425659,25.293254852294922,0.3461860120296478,0.3495691120624542,0.35794883966445923,0.3816472291946411,26.03729248046875,25.72527503967285,25.60671615600586,25.682025909423828,30586.830078125
8,62295,4.870084285736084,17.249298095703125,0.007917515002191067,3.495785713195801,25.957679748535156,0.343693345785141,0.34623709321022034,0.3532423675060272,0.3740460276603699,26.564477920532227,26.116968154907227,25.73714256286621,25.582059860229492,23625.78515625
9,62295,5.269931793212891,17.662799835205078,0.010276815854012966,3.7772839069366455,26.65300178527832,0.3440137207508087,0.3461960554122925,0.3524326682090759,0.37206169962882996,27.332300186157227,26.78357696533203,26.24431800842285,25.882701873779297,17861.76171875
