month,pfaf_id,Rainf_tavg,Qair_f_tavg,Qs_tavg,Evap_tavg,Tair_f_tavg,SoilMoist_inst_lvl_0,SoilMoist_inst_lvl_1,SoilMoist_inst_lvl_2,SoilMoist_inst_lvl_3,SoilTemp_inst_lvl_0,SoilTemp_inst_lvl_1,SoilTemp_inst_lvl_2,SoilTemp_inst_lvl_3,Streamflow_tavg
2,61568,4.330109119415283,10.275279998779297,0.025949107483029366,2.271564483642578,13.01708984375,0.32180529832839966,0.3266874849796295,0.3257614076137543,0.3309389650821686,16.00771713256836,15.68380355834961,15.827804565429688,15.92607307434082,48.090824127197266
3,61568,5.257525444030762,10.651032447814941,0.041768819093704224,2.360624074935913,13.168051719665527,0.34373214840888977,0.34558117389678955,0.34717342257499695,0.35641247034072876,15.91755485534668,15.257670402526855,15.01667308807373,15.041300773620605,122.59007263183594
4,61568,6.067686557769775,11.000905990600586,0.053546786308288574,2.2965898513793945,13.179327964782715,0.3569748103618622,0.35768264532089233,0.3615773916244507,0.3782171607017517,15.56071949005127,15.004243850708008,14.738954544067383,14.637569427490234,261.749755859375
5,61568,5.680943012237549,10.963095664978027,0.03288505598902702,2.2699341773986816,13.084234237670898,0.35934141278266907,0.36085522174835205,0.3663579821586609,0.3867540657520294,15.23047924041748,14.683578491210938,14.44304370880127,14.350833892822266,314.2101745605469
6,61568,5.035215377807617,10.837359428405762,0.017360202968120575,2.319880485534668,12.996251106262207,0.35760167241096497,0.35902172327041626,0.364513635635376,0.385653018951416,15.097795486450195,14.450895309448242,14.209758758544922,14.116129875183105,285.6290283203125
7,61568,4.6472368240356445,10.611591339111328,0.012428125366568565,2.34883451461792,12.83472728729248,0.3550146818161011,0.3561772108078003,0.36094167828559875,0.3818761110305786,14.94640064239502,14.25010871887207,14.002448081970215,13.91765308380127,240.879638671875
