month,pfaf_id,Rainf_tavg,Qair_f_tavg,Qs_tavg,Evap_tavg,Tair_f_tavg,SoilMoist_inst_lvl_0,SoilMoist_inst_lvl_1,SoilMoist_inst_lvl_2,SoilMoist_inst_lvl_3,SoilTemp_inst_lvl_0,SoilTemp_inst_lvl_1,SoilTemp_inst_lvl_2,SoilTemp_inst_lvl_3,Streamflow_tavg
1,64279,6.877822399139404,17.215471267700195,0.02999037504196167,3.6399760246276855,25.611364364624023,0.28325340151786804,0.2844487428665161,0.28820744156837463,0.3155176639556885,25.937997817993164,26.511404037475586,26.084182739257812,25.876941680908203,2813.881591796875
2,64279,6.207456111907959,17.235790252685547,0.02408609166741371,3.5186517238616943,25.755290985107422,0.28184136748313904,0.2842732071876526,0.2911781668663025,0.32550930976867676,25.93234634399414,26.493791580200195,25.875186920166016,25.48733139038086,4503.69970703125
3,64279,5.139601707458496,16.8961238861084,0.01818668283522129,3.2697038650512695,25.624313354492188,0.2760232985019684,0.2793443500995636,0.2878662347793579,0.3230133056640625,25.651914596557617,26.508752822875977,25.86250877380371,25.436954498291016,4625.34033203125
4,64279,2.8374762535095215,14.660788536071777,0.0075927614234387875,2.5759098529815674,24.54977035522461,0.2532871961593628,0.2639375925064087,0.27686840295791626,0.3113657832145691,24.422441482543945,25.771955490112305,25.345308303833008,25.1874942779541,3857.85595703125
5,64279,1.3971266746520996,11.566133499145508,0.0022775400429964066,1.7625973224639893,22.706533432006836,0.2257760614156723,0.24529701471328735,0.26206666231155396,0.2948748767375946,22.255878448486328,23.917451858520508,23.782079696655273,24.114688873291016,2111.736328125
12,64279,6.275428771972656,16.667814254760742,0.022911684587597847,3.6607635021209717,25.75926971435547,0.27073249220848083,0.27153849601745605,0.27002766728401184,0.2917788028717041,26.384056091308594,27.255815505981445,27.014413833618164,26.927234649658203,2004.8475341796875
