month,pfaf_id,Rainf_tavg,Qair_f_tavg,Qs_tavg,Evap_tavg,Tair_f_tavg,SoilMoist_inst_lvl_0,SoilMoist_inst_lvl_1,SoilMoist_inst_lvl_2,SoilMoist_inst_lvl_3,SoilTemp_inst_lvl_0,SoilTemp_inst_lvl_1,SoilTemp_inst_lvl_2,SoilTemp_inst_lvl_3,Streamflow_tavg
1,62100,5.793257236480713,17.313262939453125,0.08694124966859818,3.2799270153045654,26.008560180664062,0.3131619095802307,0.30046603083610535,0.2716972231864929,0.23832814395427704,26.635896682739258,27.039213180541992,26.979997634887695,27.17121124267578,85877.296875
2,62100,6.133852481842041,17.594568252563477,0.08312924206256866,3.435157060623169,25.91686248779297,0.3281809091567993,0.3205859363079071,0.30073681473731995,0.271699458360672,26.58498764038086,26.91986083984375,26.68621063232422,26.675745010375977,88745.3671875
3,62100,6.722857475280762,17.883094787597656,0.17488643527030945,3.4795591831207275,25.96268081665039,0.3396492898464203,0.33533281087875366,0.3242662847042084,0.3033084273338318,26.638986587524414,26.963659286499023,26.65824317932129,26.534313201904297,110976.1796875
4,62100,6.991217136383057,18.02191734313965,0.23807790875434875,3.5270049571990967,26.01293182373047,0.3483404517173767,0.34678396582603455,0.34354740381240845,0.3347598910331726,26.690393447875977,26.976703643798828,26.65656852722168,26.50447654724121,137363.359375
5,62100,7.167712211608887,18.008872985839844,0.20300722122192383,3.5174598693847656,25.918485641479492,0.35450270771980286,0.3546488881111145,0.3560224771499634,0.3596284091472626,26.620548248291016,26.856311798095703,26.583555221557617,26.466384887695312,154811.390625
12,62100,4.071228981018066,16.73517608642578,0.0288237314671278,3.1693010330200195,26.7388973236084,0.2763386070728302,0.2649911046028137,0.24069523811340332,0.21782071888446808,27.3165340423584,27.864728927612305,27.93120765686035,28.12212371826172,87986.0390625
