month,pfaf_id,Rainf_tavg,Qair_f_tavg,Qs_tavg,Evap_tavg,Tair_f_tavg,SoilMoist_inst_lvl_0,SoilMoist_inst_lvl_1,SoilMoist_inst_lvl_2,SoilMoist_inst_lvl_3,SoilTemp_inst_lvl_0,SoilTemp_inst_lvl_1,SoilTemp_inst_lvl_2,SoilTemp_inst_lvl_3,Streamflow_tavg
2,62237,6.4655985832214355,16.829547882080078,0.11099198460578918,3.450143337249756,25.78964614868164,0.34037986397743225,0.3372219502925873,0.32512569427490234,0.299304723739624,26.878517150878906,27.239572525024414,27.427480697631836,27.768407821655273,111512.6328125
3,62237,6.81887674331665,17.249284744262695,0.11848694831132889,3.4275307655334473,25.785377502441406,0.3499438166618347,0.34837400913238525,0.34258347749710083,0.32556742429733276,26.836868286132812,27.003482818603516,26.846044540405273,26.950382232666016,128577.890625
4,62237,7.088578224182129,17.379880905151367,0.17017590999603271,3.4125964641571045,25.964454650878906,0.35549622774124146,0.35565823316574097,0.3545791506767273,0.35040920972824097,26.82269859313965,26.968400955200195,26.70705795288086,26.644710540771484,137892.28125
5,62237,6.382495880126953,17.508825302124023,0.11882400512695312,3.3612895011901855,25.932701110839844,0.356633722782135,0.3579472601413727,0.36018139123916626,0.36653098464012146,26.674266815185547,26.85679817199707,26.588499069213867,26.50617027282715,142094.40625
6,62237,4.184638023376465,17.425851821899414,0.029250867664813995,3.317734718322754,25.782445907592773,0.34830591082572937,0.35085171461105347,0.3558962941169739,0.3684060871601105,26.48641014099121,26.68360710144043,26.437225341796875,26.383625030517578,136875.078125
7,62237,2.4918019771575928,16.744525909423828,0.007592410314828157,3.34230637550354,25.63865852355957,0.3281131386756897,0.33293917775154114,0.3394067585468292,0.35172638297080994,26.371524810791016,26.545917510986328,26.251609802246094,26.224594116210938,117093.6640625
