month,pfaf_id,Rainf_tavg,Qair_f_tavg,Qs_tavg,Evap_tavg,Tair_f_tavg,SoilMoist_inst_lvl_0,SoilMoist_inst_lvl_1,SoilMoist_inst_lvl_2,SoilMoist_inst_lvl_3,SoilTemp_inst_lvl_0,SoilTemp_inst_lvl_1,SoilTemp_inst_lvl_2,SoilTemp_inst_lvl_3,Streamflow_tavg
2,62263,7.677350997924805,17.374597549438477,0.023650560528039932,3.6862010955810547,25.92237663269043,0.34627464413642883,0.34976938366889954,0.35877305269241333,0.3854767382144928,27.041664123535156,26.8275203704834,26.632503509521484,26.5615177154541,17767.013671875
3,62263,7.775736331939697,17.649974822998047,0.023936601355671883,3.664367914199829,26.09813690185547,0.3474554419517517,0.35128292441368103,0.3610668480396271,0.3896356225013733,27.12840461730957,26.824481964111328,26.533349990844727,26.407255172729492,24780.15234375
4,62263,7.652746677398682,17.84772300720215,0.02095438539981842,3.5975630283355713,26.08421516418457,0.34766894578933716,0.35151079297065735,0.3615211844444275,0.3906163275241852,27.11741828918457,26.844160079956055,26.542800903320312,26.385387420654297,26611.513671875
5,62263,6.416750907897949,17.735267639160156,0.010762898251414299,3.4774858951568604,25.930601119995117,0.34439602494239807,0.347969114780426,0.3578484356403351,0.3860255777835846,26.793397903442383,26.6339168548584,26.41861343383789,26.328548431396484,24568.736328125
6,62263,4.300572395324707,16.956525802612305,0.0047549656592309475,3.3769471645355225,25.618906021118164,0.33439546823501587,0.3375079333782196,0.3462943732738495,0.3703022301197052,26.18741798400879,26.06011962890625,25.9644775390625,26.052717208862305,18622.197265625
7,62263,3.1675758361816406,16.118947982788086,0.003671318292617798,3.4969770908355713,25.64852523803711,0.32247695326805115,0.3250032663345337,0.3318808972835541,0.35028785467147827,26.054780960083008,25.785707473754883,25.611324310302734,25.700054168701172,11695.060546875
