month,pfaf_id,Rainf_tavg,Qair_f_tavg,Qs_tavg,Evap_tavg,Tair_f_tavg,SoilMoist_inst_lvl_0,SoilMoist_inst_lvl_1,SoilMoist_inst_lvl_2,SoilMoist_inst_lvl_3,SoilTemp_inst_lvl_0,SoilTemp_inst_lvl_1,SoilTemp_inst_lvl_2,SoilTemp_inst_lvl_3,Streamflow_tavg
4,62264,6.911822319030762,17.62505340576172,0.10052508115768433,3.4340457916259766,24.83860969543457,0.3912055492401123,0.3932783305644989,0.39984673261642456,0.42182257771492004,25.947795867919922,25.80998420715332,25.673551559448242,25.626150131225586,2988.612548828125
5,62264,4.526444911956787,16.482397079467773,0.049619030207395554,3.156679153442383,24.255992889404297,0.3829037547111511,0.38580676913261414,0.3936452269554138,0.415560245513916,24.9539737701416,24.941726684570312,25.020383834838867,25.23181915283203,2560.46923828125
6,62264,2.729320764541626,15.019257545471191,0.020289935171604156,3.0072662830352783,23.809188842773438,0.3679271340370178,0.3720273971557617,0.3797680139541626,0.3979969918727875,24.13157844543457,24.12584114074707,24.22771644592285,24.58867645263672,1393.435791015625
7,62264,1.577543020248413,12.929357528686523,0.006619492545723915,3.0542497634887695,24.476591110229492,0.33151277899742126,0.34961560368537903,0.35780569911003113,0.37244144082069397,24.38811683654785,24.155044555664062,23.835500717163086,24.016721725463867,593.4151611328125
8,62264,1.8497133255004883,12.82467269897461,0.009519169107079506,3.1290557384490967,26.870405197143555,0.296441912651062,0.33127740025520325,0.33562400937080383,0.34510427713394165,26.92813491821289,26.306652069091797,25.1640682220459,24.457515716552734,218.14212036132812
9,62264,3.000927448272705,14.132110595703125,0.022225577384233475,3.5852150917053223,28.056903839111328,0.3077467978000641,0.32347169518470764,0.3207310140132904,0.3240824341773987,28.462875366210938,27.751773834228516,26.65139389038086,25.73446273803711,88.44133758544922
