month,pfaf_id,Rainf_tavg,Qair_f_tavg,Qs_tavg,Evap_tavg,Tair_f_tavg,SoilMoist_inst_lvl_0,SoilMoist_inst_lvl_1,SoilMoist_inst_lvl_2,SoilMoist_inst_lvl_3,SoilTemp_inst_lvl_0,SoilTemp_inst_lvl_1,SoilTemp_inst_lvl_2,SoilTemp_inst_lvl_3,Streamflow_tavg
4,62256,6.682365417480469,17.071741104125977,0.07130759954452515,3.628626823425293,25.53196907043457,0.37977632880210876,0.3790300786495209,0.37498584389686584,0.37139564752578735,26.523727416992188,26.333820343017578,26.160490036010742,26.07845115661621,151566.34375
5,62256,6.611980438232422,17.295501708984375,0.05402659997344017,3.5897538661956787,25.72943115234375,0.38405081629753113,0.38487741351127625,0.38631299138069153,0.3891506791114807,26.534423828125,26.282649993896484,26.047819137573242,25.951574325561523,143100.71875
6,62256,5.698958396911621,17.283418655395508,0.03750034049153328,3.496246814727783,25.72964859008789,0.38372743129730225,0.3854846656322479,0.38945162296295166,0.4011342227458954,26.36236000061035,26.160240173339844,25.962726593017578,25.881027221679688,125055.0859375
7,62256,4.712944030761719,17.01720428466797,0.0294474046677351,3.412558078765869,25.633785247802734,0.38047000765800476,0.38269710540771484,0.38770800828933716,0.4024280309677124,26.069873809814453,25.91476058959961,25.75749397277832,25.743661880493164,103472.3203125
8,62256,4.430797576904297,17.155908584594727,0.027698267251253128,3.6063222885131836,26.20856285095215,0.37787744402885437,0.3797540068626404,0.38425272703170776,0.39812302589416504,26.496959686279297,26.212434768676758,25.84525489807129,25.67363929748535,83938.0078125
9,62256,4.655942916870117,17.457290649414062,0.02931862697005272,3.8692662715911865,26.788270950317383,0.37722715735435486,0.3785942494869232,0.38224145770072937,0.3946482539176941,27.154945373535156,26.789608001708984,26.284807205200195,25.92428970336914,67817.2109375
