month,pfaf_id,Rainf_tavg,Qair_f_tavg,Qs_tavg,Evap_tavg,Tair_f_tavg,SoilMoist_inst_lvl_0,SoilMoist_inst_lvl_1,SoilMoist_inst_lvl_2,SoilMoist_inst_lvl_3,SoilTemp_inst_lvl_0,SoilTemp_inst_lvl_1,SoilTemp_inst_lvl_2,SoilTemp_inst_lvl_3,Streamflow_tavg
1,62302,6.701038837432861,17.576261520385742,0.10507399588823318,3.301701784133911,26.068878173828125,0.33272644877433777,0.32852205634117126,0.3190551698207855,0.30828532576560974,26.540010452270508,26.720720291137695,26.559600830078125,26.59116554260254,62.45063400268555
2,62302,7.094359874725342,17.807659149169922,0.12427262961864471,3.3698225021362305,26.04620933532715,0.34235382080078125,0.3403061330318451,0.33725446462631226,0.33538174629211426,26.624126434326172,26.78346824645996,26.51043701171875,26.418371200561523,112.74378204345703
3,62302,8.255491256713867,18.09923553466797,0.17868950963020325,3.3618154525756836,26.09522247314453,0.35186365246772766,0.3513791859149933,0.35232973098754883,0.3589678704738617,26.686710357666016,26.859819412231445,26.57170295715332,26.42652702331543,165.88294982910156
4,62302,8.774023056030273,18.183002471923828,0.19102570414543152,3.3819360733032227,26.09858512878418,0.3577789068222046,0.35898151993751526,0.3639448583126068,0.3807375133037567,26.731487274169922,26.90034294128418,26.604257583618164,26.455265045166016,252.171142578125
5,62302,8.418941497802734,18.1580867767334,0.15387341380119324,3.3528335094451904,25.987064361572266,0.35970914363861084,0.361868292093277,0.3693648874759674,0.39288032054901123,26.6173038482666,26.780746459960938,26.54458999633789,26.444053649902344,315.3504943847656
12,62302,5.204653739929199,16.97492218017578,0.042726803570985794,3.3986127376556396,26.79277801513672,0.3101203441619873,0.3045029938220978,0.29330170154571533,0.27985331416130066,26.84446907043457,27.08172607421875,26.972352981567383,26.988040924072266,54.25405502319336
