month,pfaf_id,Rainf_tavg,Qair_f_tavg,Qs_tavg,Evap_tavg,Tair_f_tavg,SoilMoist_inst_lvl_0,SoilMoist_inst_lvl_1,SoilMoist_inst_lvl_2,SoilMoist_inst_lvl_3,SoilTemp_inst_lvl_0,SoilTemp_inst_lvl_1,SoilTemp_inst_lvl_2,SoilTemp_inst_lvl_3,Streamflow_tavg
1,62244,7.196265697479248,16.909448623657227,0.11842606961727142,3.701097249984741,24.725933074951172,0.38157087564468384,0.37967541813850403,0.3728303015232086,0.35242801904678345,25.785253524780273,25.56010627746582,25.371944427490234,25.3657283782959,1410.9251708984375
2,62244,7.156222820281982,16.997802734375,0.13106736540794373,3.7506508827209473,24.81144142150879,0.38901105523109436,0.3886040449142456,0.3883083164691925,0.39072129130363464,25.978986740112305,25.744422912597656,25.373266220092773,25.160770416259766,3113.70654296875
3,62244,7.081945896148682,17.142560958862305,0.15981397032737732,3.7308154106140137,24.801271438598633,0.39342206716537476,0.3938711881637573,0.39697667956352234,0.41055309772491455,25.88899040222168,25.754640579223633,25.385385513305664,25.148597717285156,5000.0380859375
4,62244,5.779545307159424,16.746498107910156,0.12844549119472504,3.686890125274658,24.614877700805664,0.39064890146255493,0.39211347699165344,0.39729616045951843,0.4150477945804596,25.579492568969727,25.501026153564453,25.23990821838379,25.089418411254883,6080.07421875
5,62244,3.1549792289733887,14.74960708618164,0.051086943596601486,3.4602317810058594,24.222871780395508,0.37041524052619934,0.37606287002563477,0.38275405764579773,0.39918360114097595,24.751379013061523,24.709537506103516,24.642562866210938,24.76172637939453,4590.64892578125
12,62244,6.875852108001709,16.578243255615234,0.09314355254173279,3.719815492630005,25.07834243774414,0.36486485600471497,0.3597523868083954,0.34082046151161194,0.29557475447654724,25.98554039001465,25.906463623046875,25.898906707763672,25.995649337768555,1745.2275390625
