month,pfaf_id,Rainf_tavg,Qair_f_tavg,Qs_tavg,Evap_tavg,Tair_f_tavg,SoilMoist_inst_lvl_0,SoilMoist_inst_lvl_1,SoilMoist_inst_lvl_2,SoilMoist_inst_lvl_3,SoilTemp_inst_lvl_0,SoilTemp_inst_lvl_1,SoilTemp_inst_lvl_2,SoilTemp_inst_lvl_3,Streamflow_tavg
1,62248,7.7178425788879395,16.84142303466797,0.1029031053185463,3.629042863845825,24.748931884765625,0.3685368001461029,0.368487685918808,0.36845603585243225,0.3718886077404022,25.467370986938477,25.444562911987305,25.29021453857422,25.340959548950195,413.03375244140625
2,62248,7.802060127258301,17.020946502685547,0.11055514961481094,3.650888681411743,24.848522186279297,0.3738178014755249,0.37523698806762695,0.380143940448761,0.3988892436027527,25.641090393066406,25.59113121032715,25.253664016723633,25.115550994873047,667.1430053710938
3,62248,7.753936767578125,17.214426040649414,0.11316176503896713,3.677528142929077,24.847665786743164,0.37703344225883484,0.378184974193573,0.38497042655944824,0.4104229211807251,25.661569595336914,25.674930572509766,25.30419158935547,25.113910675048828,814.7400512695312
4,62248,6.70068359375,17.24490737915039,0.12419258058071136,3.678427219390869,24.778566360473633,0.3741145133972168,0.37563788890838623,0.38353192806243896,0.4104710519313812,25.618038177490234,25.693811416625977,25.321802139282227,25.133901596069336,830.6715087890625
5,62248,4.011658668518066,16.17462921142578,0.10519253462553024,3.297011375427246,24.42401695251465,0.36005261540412903,0.36326587200164795,0.3723156750202179,0.3971627950668335,25.11896514892578,25.32305145263672,25.075042724609375,25.0430908203125,579.5834350585938
12,62248,7.056231498718262,16.3395938873291,0.08670102059841156,3.7072432041168213,25.15219497680664,0.3523547649383545,0.35021835565567017,0.34098750352859497,0.326306015253067,25.689556121826172,25.807825088500977,25.81903648376465,26.00640869140625,269.4612731933594
