month,pfaf_id,Rainf_tavg,Qair_f_tavg,Qs_tavg,Evap_tavg,Tair_f_tavg,SoilMoist_inst_lvl_0,SoilMoist_inst_lvl_1,SoilMoist_inst_lvl_2,SoilMoist_inst_lvl_3,SoilTemp_inst_lvl_0,SoilTemp_inst_lvl_1,SoilTemp_inst_lvl_2,SoilTemp_inst_lvl_3,Streamflow_tavg
1,61624,3.4569180011749268,14.9122896194458,0.009289971552789211,3.4078028202056885,22.587905883789062,0.30565503239631653,0.30340367555618286,0.29885292053222656,0.29855412244796753,23.086795806884766,23.189355850219727,23.12470245361328,23.346267700195312,313.5524597167969
2,61624,3.4753904342651367,14.914817810058594,0.008511612191796303,3.515711784362793,22.741268157958984,0.299390584230423,0.29467183351516724,0.2886316776275635,0.2888367176055908,23.396867752075195,23.44209861755371,23.073970794677734,22.999771118164062,288.7955017089844
3,61624,3.810920238494873,15.120655059814453,0.009825877845287323,3.53444766998291,22.857206344604492,0.29921355843544006,0.29311880469322205,0.2815609574317932,0.27860626578330994,23.693527221679688,23.788860321044922,23.33223533630371,23.122589111328125,364.6022033691406
4,61624,4.6291823387146,15.552586555480957,0.015374507755041122,3.4396533966064453,22.839534759521484,0.30949902534484863,0.3023415505886078,0.28509876132011414,0.27525410056114197,23.92820930480957,23.98238182067871,23.552988052368164,23.32709312438965,463.7909851074219
5,61624,5.198824882507324,15.7947416305542,0.020468590781092644,3.360527992248535,22.753177642822266,0.320303350687027,0.31521084904670715,0.2998250424861908,0.283305287361145,23.935157775878906,23.915559768676758,23.567134857177734,23.421127319335938,726.0004272460938
12,61624,3.764340400695801,15.229681015014648,0.012257787398993969,3.3858835697174072,22.724456787109375,0.31047695875167847,0.3071581721305847,0.3023228049278259,0.3031471371650696,23.407312393188477,23.74533462524414,24.053691864013672,24.463903427124023,674.6133422851562
