month,pfaf_id,Rainf_tavg,Qair_f_tavg,Qs_tavg,Evap_tavg,Tair_f_tavg,SoilMoist_inst_lvl_0,SoilMoist_inst_lvl_1,SoilMoist_inst_lvl_2,SoilMoist_inst_lvl_3,SoilTemp_inst_lvl_0,SoilTemp_inst_lvl_1,SoilTemp_inst_lvl_2,SoilTemp_inst_lvl_3,Streamflow_tavg
2,61566,3.9587254524230957,15.598307609558105,0.02705351822078228,3.209955930709839,25.239591598510742,0.30823108553886414,0.33892059326171875,0.34356826543807983,0.3538437485694885,28.056644439697266,27.40300178527832,27.338903427124023,27.079700469970703,155.651611328125
3,61566,5.11590051651001,15.975482940673828,0.0472058430314064,3.681076765060425,25.453163146972656,0.3458598554134369,0.3529264032840729,0.3544663190841675,0.3598291277885437,27.51628875732422,26.583484649658203,26.32440948486328,26.32172966003418,44.69327163696289
4,61566,5.8959856033325195,16.25935935974121,0.06276145577430725,3.6813011169433594,25.2508544921875,0.36571991443634033,0.3685970902442932,0.37162813544273376,0.3806043863296509,26.74405860900879,26.03396987915039,25.821142196655273,25.76886749267578,65.36875915527344
5,61566,5.968800067901611,16.213415145874023,0.06648644059896469,3.4850363731384277,24.901491165161133,0.3744364082813263,0.37743231654167175,0.3831626772880554,0.3990974724292755,26.0360164642334,25.46607780456543,25.310224533081055,25.291383743286133,146.1497039794922
6,61566,6.112679481506348,16.209728240966797,0.055183880031108856,3.3480727672576904,24.809579849243164,0.37999776005744934,0.3827390968799591,0.389316588640213,0.40937334299087524,25.69293975830078,25.1084041595459,24.924692153930664,24.8858699798584,225.54795837402344
7,61566,6.043054103851318,16.041770935058594,0.04685210809111595,3.3294427394866943,24.685222625732422,0.3818318843841553,0.38475582003593445,0.39217397570610046,0.41435694694519043,25.63129425048828,24.978883743286133,24.738121032714844,24.63471794128418,279.3958435058594
