month,pfaf_id,Rainf_tavg,Qair_f_tavg,Qs_tavg,Evap_tavg,Tair_f_tavg,SoilMoist_inst_lvl_0,SoilMoist_inst_lvl_1,SoilMoist_inst_lvl_2,SoilMoist_inst_lvl_3,SoilTemp_inst_lvl_0,SoilTemp_inst_lvl_1,SoilTemp_inst_lvl_2,SoilTemp_inst_lvl_3,Streamflow_tavg
1,62499,6.889338970184326,16.4227237701416,0.04460270702838898,3.797715663909912,23.700817108154297,0.31193381547927856,0.3113422095775604,0.3168553411960602,0.3457033038139343,24.556459426879883,24.97993278503418,24.70200538635254,24.704050064086914,540.9364624023438
2,62499,6.433624267578125,16.414621353149414,0.04305176064372063,3.7027032375335693,23.90218162536621,0.3101906180381775,0.3112792670726776,0.31962311267852783,0.3541470766067505,24.56926727294922,25.033557891845703,24.52781867980957,24.29829978942871,703.7288208007812
3,62499,6.079537391662598,16.442453384399414,0.056047286838293076,3.605198860168457,23.9424991607666,0.30896538496017456,0.3094748854637146,0.31894925236701965,0.35432085394859314,24.52757453918457,25.20316505432129,24.598249435424805,24.267656326293945,711.59130859375
4,62499,4.12760591506958,15.440085411071777,0.033410102128982544,3.157952308654785,23.301544189453125,0.2936466932296753,0.2988392114639282,0.31187349557876587,0.3474934697151184,23.812177658081055,24.920827865600586,24.436216354370117,24.237503051757812,584.6844482421875
5,62499,1.5811561346054077,12.271485328674316,0.005826146341860294,2.2395179271698,21.881088256835938,0.2537394165992737,0.2725980281829834,0.2920781373977661,0.3268612027168274,22.435026168823242,23.86625862121582,23.5411319732666,23.699857711791992,306.5769958496094
12,62499,6.741490364074707,16.293222427368164,0.03391832485795021,3.794431447982788,23.888275146484375,0.2997456192970276,0.29789525270462036,0.2974698543548584,0.31676942110061646,25.075407028198242,25.765464782714844,25.68548583984375,25.778297424316406,285.16339111328125
