month,pfaf_id,Rainf_tavg,Qair_f_tavg,Qs_tavg,Evap_tavg,Tair_f_tavg,SoilMoist_inst_lvl_0,SoilMoist_inst_lvl_1,SoilMoist_inst_lvl_2,SoilMoist_inst_lvl_3,SoilTemp_inst_lvl_0,SoilTemp_inst_lvl_1,SoilTemp_inst_lvl_2,SoilTemp_inst_lvl_3,Streamflow_tavg
2,62283,6.693586826324463,17.658306121826172,0.014579981565475464,3.748187780380249,25.934614181518555,0.3348279595375061,0.3366733491420746,0.3414936065673828,0.3590613305568695,27.013099670410156,26.73623275756836,26.517087936401367,26.431734085083008,13154.5234375
3,62283,6.740657329559326,17.661922454833984,0.015800656750798225,3.7316524982452393,25.987592697143555,0.3385474979877472,0.34178733825683594,0.3494417071342468,0.3726784586906433,27.136232376098633,26.781356811523438,26.477405548095703,26.349401473999023,13099.6376953125
4,62283,6.784512042999268,17.712554931640625,0.01246750820428133,3.695279359817505,25.950037002563477,0.3403846025466919,0.3439922034740448,0.3528055250644684,0.3788949251174927,27.01912498474121,26.733280181884766,26.4715518951416,26.351512908935547,17665.396484375
5,62283,6.803964138031006,17.69426155090332,0.009943276643753052,3.5953783988952637,25.860044479370117,0.3412919044494629,0.3448731005191803,0.3541186451911926,0.3810691237449646,26.79351234436035,26.556821823120117,26.339344024658203,26.272472381591797,21873.451171875
6,62283,6.356899261474609,17.740999221801758,0.007689433638006449,3.519390344619751,25.84815788269043,0.340139240026474,0.3437739312648773,0.3531821072101593,0.38021618127822876,26.711156845092773,26.450355529785156,26.224458694458008,26.164445877075195,25605.982421875
7,62283,5.468572616577148,17.547494888305664,0.004484875127673149,3.5749576091766357,25.717025756835938,0.33593443036079407,0.33937862515449524,0.3481403589248657,0.3731713593006134,26.617664337158203,26.332530975341797,26.11497688293457,26.07295036315918,27586.048828125
