month,pfaf_id,Rainf_tavg,Qair_f_tavg,Qs_tavg,Evap_tavg,Tair_f_tavg,SoilMoist_inst_lvl_0,SoilMoist_inst_lvl_1,SoilMoist_inst_lvl_2,SoilMoist_inst_lvl_3,SoilTemp_inst_lvl_0,SoilTemp_inst_lvl_1,SoilTemp_inst_lvl_2,SoilTemp_inst_lvl_3,Streamflow_tavg
2,62297,5.913507461547852,16.700824737548828,0.024635640904307365,3.47994065284729,24.3831844329834,0.35927027463912964,0.36223772168159485,0.370087206363678,0.39391472935676575,25.98994255065918,25.307649612426758,25.03174591064453,24.797805786132812,36392.8046875
3,62297,6.070223331451416,16.755146026611328,0.027367759495973587,3.4582762718200684,24.400026321411133,0.3593626618385315,0.362204372882843,0.3697502017021179,0.3928394615650177,26.003376007080078,25.25387191772461,24.91517448425293,24.66354751586914,33941.23828125
4,62297,6.1995649337768555,16.798500061035156,0.028130773454904556,3.371743679046631,24.32622718811035,0.3603421747684479,0.36334937810897827,0.3712640404701233,0.39529138803482056,25.834590911865234,25.154869079589844,24.839553833007812,24.59101676940918,27228.80078125
5,62297,5.923762321472168,16.65167236328125,0.018665358424186707,3.2930877208709717,24.168853759765625,0.3598155081272125,0.36276721954345703,0.3708316683769226,0.39512741565704346,25.57962989807129,24.966991424560547,24.692028045654297,24.484207153320312,28136.740234375
6,62297,5.251023292541504,16.449600219726562,0.012920765206217766,3.230619430541992,24.049304962158203,0.3565986156463623,0.35938727855682373,0.3670821189880371,0.3901126980781555,25.33792495727539,24.725740432739258,24.463848114013672,24.30912971496582,28233.689453125
7,62297,4.552984237670898,16.190876007080078,0.009585974738001823,3.25777530670166,23.98867416381836,0.35205331444740295,0.3546504080295563,0.36173608899116516,0.38273540139198303,25.22405242919922,24.566577911376953,24.305418014526367,24.151527404785156,24075.044921875
