month,pfaf_id,Rainf_tavg,Qair_f_tavg,Qs_tavg,Evap_tavg,Tair_f_tavg,SoilMoist_inst_lvl_0,SoilMoist_inst_lvl_1,SoilMoist_inst_lvl_2,SoilMoist_inst_lvl_3,SoilTemp_inst_lvl_0,SoilTemp_inst_lvl_1,SoilTemp_inst_lvl_2,SoilTemp_inst_lvl_3,Streamflow_tavg
4,62269,3.7887187004089355,12.806036949157715,0.02353815548121929,2.759073495864868,18.459186553955078,0.322747141122818,0.3261958360671997,0.33062440156936646,0.3408019244670868,20.40045738220215,20.741825103759766,21.348491668701172,22.125757217407227,12266.9697265625
5,62269,2.660011053085327,10.971691131591797,0.015386958606541157,2.375108003616333,17.072111129760742,0.31281039118766785,0.3185775876045227,0.3249034583568573,0.3367690443992615,18.342838287353516,18.671194076538086,19.2210693359375,20.228775024414062,9079.357421875
6,62269,2.169739007949829,9.835641860961914,0.011016502976417542,2.1643757820129395,16.42483901977539,0.3017384707927704,0.3095574975013733,0.31662631034851074,0.32850781083106995,17.222637176513672,17.518741607666016,17.80927276611328,18.680622100830078,5819.98291015625
7,62269,1.7550407648086548,9.10304069519043,0.0071100578643381596,2.16400146484375,16.868288040161133,0.2864569425582886,0.29859068989753723,0.3060102164745331,0.3171752095222473,17.474411010742188,17.553417205810547,17.334884643554688,17.82207489013672,3876.872802734375
8,62269,1.6950246095657349,9.178675651550293,0.006153738591820002,2.3314573764801025,18.786203384399414,0.269875705242157,0.28810960054397583,0.29471108317375183,0.3044963479042053,19.6152400970459,19.249164581298828,18.306873321533203,18.070091247558594,2453.53466796875
9,62269,2.358062744140625,10.092951774597168,0.009538475424051285,2.6948678493499756,20.126033782958984,0.26795288920402527,0.28110581636428833,0.28414449095726013,0.29160192608833313,21.541845321655273,21.032682418823242,19.862741470336914,19.241058349609375,1473.359619140625
