month,pfaf_id,Rainf_tavg,Qair_f_tavg,Qs_tavg,Evap_tavg,Tair_f_tavg,SoilMoist_inst_lvl_0,SoilMoist_inst_lvl_1,SoilMoist_inst_lvl_2,SoilMoist_inst_lvl_3,SoilTemp_inst_lvl_0,SoilTemp_inst_lvl_1,SoilTemp_inst_lvl_2,SoilTemp_inst_lvl_3,Streamflow_tavg
2,62294,6.5547194480896,16.969589233398438,0.027447590604424477,3.4876248836517334,24.64242172241211,0.3448985517024994,0.34670889377593994,0.35123902559280396,0.3690069019794464,26.258878707885742,25.566572189331055,25.212812423706055,24.93497085571289,51648.71875
3,62294,6.822332859039307,17.024972915649414,0.026595180854201317,3.526902437210083,24.639461517333984,0.34962767362594604,0.3522549569606781,0.35896334052085876,0.3802414834499359,26.317975997924805,25.581912994384766,25.193872451782227,24.8961181640625,48558.3671875
4,62294,7.036520481109619,17.048828125,0.028469225391745567,3.3830161094665527,24.51838493347168,0.3522666394710541,0.35558825731277466,0.3639053404331207,0.3889816701412201,26.08795166015625,25.443471908569336,25.11776351928711,24.858963012695312,41995.41015625
5,62294,7.086029529571533,16.941682815551758,0.02707916684448719,3.26788067817688,24.2895565032959,0.3534286916255951,0.3569982945919037,0.3659564256668091,0.39275914430618286,25.778528213500977,25.206905364990234,24.93074607849121,24.732328414916992,43861.37109375
6,62294,6.951588153839111,16.90709686279297,0.021967703476548195,3.1998162269592285,24.23104476928711,0.3533407747745514,0.3570253849029541,0.3661403954029083,0.3933441638946533,25.651485443115234,25.079862594604492,24.781410217285156,24.58175277709961,45321.375
7,62294,6.562976837158203,16.739421844482422,0.01617724634706974,3.2324845790863037,24.14944839477539,0.35208138823509216,0.35573893785476685,0.36477720737457275,0.3916196823120117,25.588682174682617,24.989843368530273,24.691967010498047,24.487348556518555,40871.08203125
