month,pfaf_id,Rainf_tavg,Qair_f_tavg,Qs_tavg,Evap_tavg,Tair_f_tavg,SoilMoist_inst_lvl_0,SoilMoist_inst_lvl_1,SoilMoist_inst_lvl_2,SoilMoist_inst_lvl_3,SoilTemp_inst_lvl_0,SoilTemp_inst_lvl_1,SoilTemp_inst_lvl_2,SoilTemp_inst_lvl_3,Streamflow_tavg
2,67206,9.21073055267334,13.641427040100098,0.2269563525915146,2.906853675842285,18.04680633544922,0.351265549659729,0.3525010347366333,0.36047354340553284,0.3869023323059082,20.032304763793945,19.439212799072266,19.151248931884766,18.910663604736328,1089.20849609375
3,67206,9.635971069335938,13.739413261413574,0.2645277678966522,2.879199504852295,18.156967163085938,0.35497963428497314,0.35683107376098633,0.36601904034614563,0.3959521949291229,20.12982940673828,19.3968448638916,18.968154907226562,18.681896209716797,1609.9874267578125
4,67206,9.824411392211914,13.848468780517578,0.27914583683013916,2.8597023487091064,18.266267776489258,0.35656073689460754,0.35845404863357544,0.36761346459388733,0.39824071526527405,20.1156063079834,19.422292709350586,18.996654510498047,18.657451629638672,1730.5050048828125
5,67206,9.210492134094238,13.819584846496582,0.2667995095252991,2.860275983810425,18.276391983032227,0.355545312166214,0.3575593829154968,0.36700528860092163,0.397826224565506,19.931764602661133,19.28165054321289,18.898086547851562,18.602327346801758,1770.6573486328125
6,67206,7.700954437255859,13.682178497314453,0.1875351071357727,2.941274881362915,18.237926483154297,0.35065174102783203,0.3523741662502289,0.3613111972808838,0.390206903219223,19.80784797668457,19.127431869506836,18.77154541015625,18.50851821899414,1422.9954833984375
7,67206,6.489687919616699,13.303755760192871,0.137033149600029,3.0981032848358154,18.11139678955078,0.34473615884780884,0.3462807834148407,0.3547547161579132,0.38161009550094604,19.77992820739746,18.959287643432617,18.600069046020508,18.375288009643555,1100.0557861328125
