month,pfaf_id,Rainf_tavg,Qair_f_tavg,Qs_tavg,Evap_tavg,Tair_f_tavg,SoilMoist_inst_lvl_0,SoilMoist_inst_lvl_1,SoilMoist_inst_lvl_2,SoilMoist_inst_lvl_3,SoilTemp_inst_lvl_0,SoilTemp_inst_lvl_1,SoilTemp_inst_lvl_2,SoilTemp_inst_lvl_3,Streamflow_tavg
4,62222,7.1609320640563965,16.908485412597656,0.1114906370639801,3.5237233638763428,24.6059627532959,0.4031689465045929,0.40511664748191833,0.4105704426765442,0.428594172000885,25.513017654418945,25.436243057250977,25.317659378051758,25.27796173095703,6599.63720703125
5,62222,5.694535732269287,16.856441497802734,0.04991171136498451,3.25077486038208,24.549957275390625,0.401577889919281,0.40416643023490906,0.4110422730445862,0.43126997351646423,25.18130874633789,25.103574752807617,25.01223373413086,25.049999237060547,5233.26123046875
6,62222,2.979212760925293,15.844688415527344,0.017775168642401695,3.093693971633911,24.322647094726562,0.3886464238166809,0.3912169635295868,0.397612601518631,0.41422128677368164,24.410310745239258,24.422452926635742,24.49186897277832,24.710466384887695,4274.17724609375
7,62222,1.6745558977127075,14.349443435668945,0.009421817027032375,3.2564752101898193,24.437131881713867,0.3667890727519989,0.3698034882545471,0.3747251331806183,0.38540858030319214,23.963577270507812,23.946714401245117,23.939876556396484,24.20964241027832,1884.917236328125
8,62222,1.480017066001892,12.980877876281738,0.008771161548793316,3.6295418739318848,26.031055450439453,0.33155903220176697,0.3390588164329529,0.3433002531528473,0.3500910997390747,25.05181884765625,24.72507667541504,24.191320419311523,24.04839515686035,612.6133422851562
9,62222,3.466779947280884,14.632306098937988,0.03040771372616291,3.8146374225616455,26.817184448242188,0.3342824876308441,0.3318049907684326,0.32230040431022644,0.3186207115650177,26.54465675354004,26.080602645874023,25.279823303222656,24.687538146972656,215.4005584716797
