month,pfaf_id,Rainf_tavg,Qair_f_tavg,Qs_tavg,Evap_tavg,Tair_f_tavg,SoilMoist_inst_lvl_0,SoilMoist_inst_lvl_1,SoilMoist_inst_lvl_2,SoilMoist_inst_lvl_3,SoilTemp_inst_lvl_0,SoilTemp_inst_lvl_1,SoilTemp_inst_lvl_2,SoilTemp_inst_lvl_3,Streamflow_tavg
4,61625,4.069938659667969,16.334802627563477,0.008551191538572311,3.529463529586792,23.857685089111328,0.28827616572380066,0.28092923760414124,0.2647453546524048,0.24816641211509705,25.121925354003906,25.34484100341797,25.263565063476562,25.340469360351562,542.2592163085938
5,61625,4.704604148864746,16.932056427001953,0.01187583152204752,3.3779501914978027,23.78197479248047,0.3060135543346405,0.2993820011615753,0.28173214197158813,0.254512220621109,25.241336822509766,25.211877822875977,24.918964385986328,24.880739212036133,225.3468475341797
6,61625,4.892800807952881,17.045015335083008,0.014223255217075348,3.3237102031707764,23.793743133544922,0.31309351325035095,0.30854320526123047,0.29692599177360535,0.27335962653160095,25.248767852783203,25.232009887695312,24.90900421142578,24.80322265625,193.5624237060547
7,61625,4.687846660614014,16.934036254882812,0.013033357448875904,3.3939461708068848,23.728178024291992,0.3146355152130127,0.3122081458568573,0.3053581714630127,0.29060742259025574,24.98958396911621,25.036277770996094,24.770381927490234,24.723411560058594,329.20751953125
8,61625,4.051709175109863,16.957698822021484,0.010143649764358997,3.4376304149627686,23.85101318359375,0.3112938702106476,0.3098388910293579,0.3053838610649109,0.29771363735198975,24.9799747467041,25.05778694152832,24.733129501342773,24.64230728149414,549.781982421875
9,61625,3.0262372493743896,16.993629455566406,0.005569851957261562,3.4035401344299316,23.99510955810547,0.30057093501091003,0.29926761984825134,0.2959059178829193,0.2915361225605011,25.04250717163086,25.14602279663086,24.790807723999023,24.672590255737305,558.65087890625
