month,pfaf_id,Rainf_tavg,Qair_f_tavg,Qs_tavg,Evap_tavg,Tair_f_tavg,SoilMoist_inst_lvl_0,SoilMoist_inst_lvl_1,SoilMoist_inst_lvl_2,SoilMoist_inst_lvl_3,SoilTemp_inst_lvl_0,SoilTemp_inst_lvl_1,SoilTemp_inst_lvl_2,SoilTemp_inst_lvl_3,Streamflow_tavg
1,62294,6.581945419311523,16.956560134887695,0.024139191955327988,3.4401183128356934,24.545011520385742,0.35137149691581726,0.35465091466903687,0.3632175028324127,0.3887803554534912,25.99108123779297,25.284931182861328,24.953439712524414,24.727407455444336,39445.9140625
2,62294,6.764164924621582,17.0380916595459,0.027093850076198578,3.449575901031494,24.662242889404297,0.3518010675907135,0.3553186357021332,0.3640930950641632,0.3900347948074341,26.112930297851562,25.4194278717041,25.009212493896484,24.698284149169922,34161.92578125
3,62294,6.85817813873291,17.07596206665039,0.02745845541357994,3.4429750442504883,24.671316146850586,0.35229793190956116,0.3558507561683655,0.3647336959838867,0.39104706048965454,26.08098030090332,25.461349487304688,25.069583892822266,24.753080368041992,35759.3984375
4,62294,7.033091068267822,16.988059997558594,0.028654670342803,3.351675510406494,24.418880462646484,0.3531039357185364,0.3567596971988678,0.36578091979026794,0.39256954193115234,25.854412078857422,25.29612159729004,24.984989166259766,24.739431381225586,39117.94140625
5,62294,7.009443759918213,16.943519592285156,0.024485109373927116,3.2940025329589844,24.302541732788086,0.3534100353717804,0.3570726811885834,0.36620622873306274,0.3934277892112732,25.784482955932617,25.179086685180664,24.860925674438477,24.639585494995117,42683.01171875
12,62294,6.560596942901611,16.96919822692871,0.02262529544532299,3.3953893184661865,24.456424713134766,0.35048410296440125,0.3534754812717438,0.36132118105888367,0.3853456974029541,25.946800231933594,25.31252670288086,25.084123611450195,24.92327117919922,43688.4296875
