month,pfaf_id,Rainf_tavg,Qair_f_tavg,Qs_tavg,Evap_tavg,Tair_f_tavg,SoilMoist_inst_lvl_0,SoilMoist_inst_lvl_1,SoilMoist_inst_lvl_2,SoilMoist_inst_lvl_3,SoilTemp_inst_lvl_0,SoilTemp_inst_lvl_1,SoilTemp_inst_lvl_2,SoilTemp_inst_lvl_3,Streamflow_tavg
4,62284,6.464701175689697,16.6115779876709,0.050309378653764725,3.4936256408691406,25.154966354370117,0.31665873527526855,0.3053610324859619,0.26779067516326904,0.22687163949012756,27.165061950683594,27.280405044555664,27.421937942504883,27.60345458984375,604.6485595703125
5,62284,6.801858901977539,16.89248275756836,0.0739082470536232,3.6197550296783447,25.100475311279297,0.34002041816711426,0.33522936701774597,0.3179154694080353,0.2680415213108063,26.700820922851562,26.521934509277344,26.41618537902832,26.568218231201172,529.0467529296875
6,62284,6.718786239624023,16.951480865478516,0.08218175917863846,3.6392388343811035,25.081743240356445,0.3496084213256836,0.347650408744812,0.3407156765460968,0.31953251361846924,26.424999237060547,26.20854949951172,26.015932083129883,26.0318603515625,1237.8243408203125
7,62284,6.450113296508789,16.848636627197266,0.07607042789459229,3.6459569931030273,25.000652313232422,0.3546832203865051,0.3549480140209198,0.3541982173919678,0.35404810309410095,26.09115982055664,25.930015563964844,25.720735549926758,25.7122859954834,2688.256103515625
8,62284,5.833630084991455,16.865951538085938,0.05574145168066025,3.7609212398529053,25.351213455200195,0.3553417921066284,0.35696059465408325,0.35985833406448364,0.3699215054512024,26.268665313720703,26.056346893310547,25.688108444213867,25.550487518310547,3778.796142578125
9,62284,4.976712703704834,16.945539474487305,0.041749194264411926,3.8641557693481445,25.79003143310547,0.3489978313446045,0.3521871566772461,0.35659247636795044,0.3693050742149353,26.7750301361084,26.507606506347656,25.986286163330078,25.683372497558594,3825.678466796875
