month,pfaf_id,Rainf_tavg,Qair_f_tavg,Qs_tavg,Evap_tavg,Tair_f_tavg,SoilMoist_inst_lvl_0,SoilMoist_inst_lvl_1,SoilMoist_inst_lvl_2,SoilMoist_inst_lvl_3,SoilTemp_inst_lvl_0,SoilTemp_inst_lvl_1,SoilTemp_inst_lvl_2,SoilTemp_inst_lvl_3,Streamflow_tavg
2,62309,7.066523551940918,17.50680923461914,0.08714205026626587,3.8452534675598145,25.578266143798828,0.38293421268463135,0.38034212589263916,0.3770231008529663,0.366180419921875,26.6923885345459,26.90142822265625,26.8453311920166,26.945608139038086,2026.5970458984375
3,62309,7.08614444732666,17.762187957763672,0.09453945606946945,3.765350580215454,25.757225036621094,0.38751423358917236,0.3872412443161011,0.3891054391860962,0.39568811655044556,26.78963851928711,26.876384735107422,26.64809226989746,26.614093780517578,1658.2596435546875
4,62309,7.101966857910156,17.911901473999023,0.09252606332302094,3.714050531387329,25.857078552246094,0.3919541835784912,0.39317646622657776,0.3988704979419708,0.41653555631637573,26.799877166748047,26.882766723632812,26.62766456604004,26.518856048583984,1866.6871337890625
5,62309,6.652205944061279,17.995431900024414,0.07677257061004639,3.6497693061828613,25.931415557861328,0.3930763304233551,0.39478370547294617,0.40205633640289307,0.42347246408462524,26.701976776123047,26.828372955322266,26.58244514465332,26.473154067993164,2373.298828125
6,62309,4.511503219604492,17.73965072631836,0.04061559960246086,3.6438586711883545,25.84821319580078,0.38404810428619385,0.3864767253398895,0.39386430382728577,0.413170725107193,26.487619400024414,26.643980026245117,26.450054168701172,26.39625358581543,2320.035888671875
7,62309,2.565021514892578,16.936281204223633,0.015145410783588886,3.8247737884521484,25.797435760498047,0.3643719553947449,0.3681808114051819,0.3743330240249634,0.3879910707473755,26.303266525268555,26.443532943725586,26.2380428314209,26.23715591430664,1333.6478271484375
