month,pfaf_id,Rainf_tavg,Qair_f_tavg,Qs_tavg,Evap_tavg,Tair_f_tavg,SoilMoist_inst_lvl_0,SoilMoist_inst_lvl_1,SoilMoist_inst_lvl_2,SoilMoist_inst_lvl_3,SoilTemp_inst_lvl_0,SoilTemp_inst_lvl_1,SoilTemp_inst_lvl_2,SoilTemp_inst_lvl_3,Streamflow_tavg
1,62301,5.407515525817871,17.45009994506836,0.01978699304163456,3.6504197120666504,26.170434951782227,0.3456062078475952,0.3362436294555664,0.31230008602142334,0.28280094265937805,27.002391815185547,27.1954288482666,26.98774528503418,26.985628128051758,85864.6015625
2,62301,5.836805820465088,17.676034927368164,0.023334063589572906,3.742443323135376,26.1418399810791,0.3577793836593628,0.3516696095466614,0.3358355760574341,0.3080211877822876,27.085222244262695,27.263303756713867,26.938417434692383,26.812768936157227,88713.8046875
3,62301,6.374934673309326,17.93235969543457,0.030996648594737053,3.7656137943267822,26.190671920776367,0.3679954707622528,0.36468783020973206,0.35613980889320374,0.3366522789001465,27.183958053588867,27.385570526123047,27.02869987487793,26.83424186706543,110921.0859375
4,62301,6.7343292236328125,17.994075775146484,0.033355746418237686,3.8024561405181885,26.219970703125,0.37599441409111023,0.375132292509079,0.37341511249542236,0.3697693645954132,27.2183837890625,27.40355682373047,27.064674377441406,26.879804611206055,137343.234375
5,62301,6.723186016082764,17.91237449645996,0.03281059488654137,3.7889280319213867,26.08417320251465,0.3798463046550751,0.3808797597885132,0.3838444948196411,0.3943786919116974,27.099998474121094,27.251070022583008,26.981351852416992,26.856416702270508,154871.890625
12,62301,4.103573799133301,16.969797134399414,0.01162733044475317,3.6616342067718506,26.792585372924805,0.3215171694755554,0.3126649558544159,0.29000216722488403,0.2716621458530426,27.303606033325195,27.544506072998047,27.379772186279297,27.359161376953125,87990.046875
