month,pfaf_id,Rainf_tavg,Qair_f_tavg,Qs_tavg,Evap_tavg,Tair_f_tavg,SoilMoist_inst_lvl_0,SoilMoist_inst_lvl_1,SoilMoist_inst_lvl_2,SoilMoist_inst_lvl_3,SoilTemp_inst_lvl_0,SoilTemp_inst_lvl_1,SoilTemp_inst_lvl_2,SoilTemp_inst_lvl_3,Streamflow_tavg
2,62457,6.719034194946289,17.35154914855957,0.09660401195287704,3.6149682998657227,25.0398006439209,0.36208364367485046,0.360866516828537,0.35763174295425415,0.3555721640586853,26.0363712310791,26.339242935180664,26.337120056152344,26.530580520629883,6369.35400390625
3,62457,6.934115886688232,17.590314865112305,0.09967350959777832,3.613530397415161,25.199121475219727,0.3705989420413971,0.3711554706096649,0.3740573227405548,0.38840511441230774,26.094022750854492,26.2905330657959,26.09050941467285,26.15736198425293,5815.71630859375
4,62457,6.612058162689209,17.657258987426758,0.09995227307081223,3.6036338806152344,25.188013076782227,0.3731165826320648,0.37465807795524597,0.3808760643005371,0.40373921394348145,26.008953094482422,26.25918960571289,26.02936363220215,26.037851333618164,6709.84326171875
5,62457,4.555438995361328,17.179275512695312,0.05612041428685188,3.4909889698028564,24.964426040649414,0.3648400604724884,0.3675035536289215,0.37544524669647217,0.39921122789382935,25.598575592041016,26.038272857666016,25.867229461669922,25.93502426147461,6409.26806640625
6,62457,2.3071072101593018,15.848099708557129,0.017236769199371338,3.260927200317383,24.533729553222656,0.34138837456703186,0.34750592708587646,0.35658007860183716,0.3765835165977478,25.003738403320312,25.595043182373047,25.4425048828125,25.648906707763672,3241.93408203125
7,62457,1.0490859746932983,13.728779792785645,0.003268508007749915,2.8854169845581055,24.728374481201172,0.2880825698375702,0.32110366225242615,0.33112913370132446,0.3474208116531372,25.45639419555664,26.073936462402344,25.50506019592285,25.48435401916504,1084.346435546875
