month,pfaf_id,Rainf_tavg,Qair_f_tavg,Qs_tavg,Evap_tavg,Tair_f_tavg,SoilMoist_inst_lvl_0,SoilMoist_inst_lvl_1,SoilMoist_inst_lvl_2,SoilMoist_inst_lvl_3,SoilTemp_inst_lvl_0,SoilTemp_inst_lvl_1,SoilTemp_inst_lvl_2,SoilTemp_inst_lvl_3,Streamflow_tavg
2,67203,3.9065895080566406,16.576887130737305,0.06914550811052322,2.114250659942627,25.151704788208008,0.3021726906299591,0.2937262952327728,0.25789687037467957,0.2710988521575928,25.808135986328125,25.594594955444336,26.10125732421875,26.631362915039062,437.7599182128906
3,67203,4.946659088134766,16.75953483581543,0.22788414359092712,1.9930596351623535,25.1243896484375,0.31942060589790344,0.3137494623661041,0.2884182035923004,0.2958444654941559,25.538585662841797,25.091232299804688,25.192285537719727,25.49985122680664,840.8662109375
4,67203,2.4021434783935547,15.667813301086426,0.09203499555587769,1.7507041692733765,23.963762283325195,0.30960923433303833,0.31580623984336853,0.30365240573883057,0.3144903779029846,24.800729751586914,24.392126083374023,24.567033767700195,24.855764389038086,1190.566162109375
5,67203,0.8268128633499146,14.295156478881836,0.006900450214743614,1.5003602504730225,23.076086044311523,0.2731243968009949,0.294014573097229,0.29074519872665405,0.30642667412757874,24.19126319885254,23.676433563232422,23.778724670410156,24.140195846557617,717.3544921875
6,67203,0.3950636088848114,13.788077354431152,0.0006705644773319364,1.1362687349319458,23.052562713623047,0.23562154173851013,0.2776539623737335,0.2779456377029419,0.2963063716888428,24.467544555664062,23.78114891052246,23.642166137695312,23.759733200073242,344.90411376953125
7,67203,0.21611015498638153,13.418142318725586,0.00017637757991906255,0.7644186019897461,22.966102600097656,0.2020585685968399,0.2678069770336151,0.2680220901966095,0.2880379259586334,24.85986328125,24.0261287689209,23.776012420654297,23.74797248840332,149.33705139160156
