month,pfaf_id,Rainf_tavg,Qair_f_tavg,Qs_tavg,Evap_tavg,Tair_f_tavg,SoilMoist_inst_lvl_0,SoilMoist_inst_lvl_1,SoilMoist_inst_lvl_2,SoilMoist_inst_lvl_3,SoilTemp_inst_lvl_0,SoilTemp_inst_lvl_1,SoilTemp_inst_lvl_2,SoilTemp_inst_lvl_3,Streamflow_tavg
1,62281,7.073847770690918,17.605411529541016,0.09152908623218536,3.634049415588379,26.09581756591797,0.3531092405319214,0.3543972074985504,0.357730507850647,0.37010297179222107,26.96319007873535,26.673625946044922,26.44709014892578,26.390417098999023,18074.63671875
2,62281,7.163052558898926,17.671630859375,0.10797392576932907,3.641126871109009,26.140382766723633,0.3578451871871948,0.36025235056877136,0.3670598566532135,0.38819050788879395,27.06218910217285,26.784204483032227,26.471576690673828,26.319988250732422,23002.51171875
3,62281,7.2884907722473145,17.72317123413086,0.10277485102415085,3.638127088546753,26.214052200317383,0.35998812317848206,0.36284124851226807,0.3709539771080017,0.39516350626945496,27.093833923339844,26.861787796020508,26.550092697143555,26.369630813598633,25547.830078125
4,62281,7.368059158325195,17.664472579956055,0.09438028931617737,3.629154682159424,26.079280853271484,0.36093711853027344,0.3639391362667084,0.37245336174964905,0.39781129360198975,26.957609176635742,26.75298309326172,26.49565315246582,26.371503829956055,27484.0
5,62281,7.1708903312683105,17.736711502075195,0.06296196579933167,3.66507625579834,26.020235061645508,0.3606795072555542,0.36382120847702026,0.37244436144828796,0.39801251888275146,26.935964584350586,26.684616088867188,26.417369842529297,26.308475494384766,29897.80078125
12,62281,6.645022392272949,17.504487991333008,0.05887372046709061,3.658418655395508,26.18207359313965,0.3431074023246765,0.34189555048942566,0.3387957513332367,0.3369413912296295,26.951812744140625,26.750505447387695,26.65121841430664,26.683340072631836,20136.263671875
