month,pfaf_id,Rainf_tavg,Qair_f_tavg,Qs_tavg,Evap_tavg,Tair_f_tavg,SoilMoist_inst_lvl_0,SoilMoist_inst_lvl_1,SoilMoist_inst_lvl_2,SoilMoist_inst_lvl_3,SoilTemp_inst_lvl_0,SoilTemp_inst_lvl_1,SoilTemp_inst_lvl_2,SoilTemp_inst_lvl_3,Streamflow_tavg
1,62265,6.788436412811279,17.462661743164062,0.04638450965285301,3.6294262409210205,25.442039489746094,0.3446429371833801,0.3432469964027405,0.3374379277229309,0.32365739345550537,26.7382755279541,26.368606567382812,26.145748138427734,26.109712600708008,6798.71337890625
2,62265,6.937031269073486,17.535146713256836,0.043718814849853516,3.630730390548706,25.397672653198242,0.3519349992275238,0.3522273004055023,0.3530596196651459,0.3580942749977112,26.762521743774414,26.400108337402344,26.07243537902832,25.920543670654297,9000.0927734375
3,62265,7.06061315536499,17.674406051635742,0.05244835466146469,3.6723082065582275,25.405715942382812,0.35594412684440613,0.35726433992385864,0.36157462000846863,0.37782153487205505,26.762346267700195,26.4461669921875,26.084110260009766,25.888137817382812,12337.9921875
4,62265,6.204663276672363,17.540769577026367,0.054544635117053986,3.636995315551758,25.251928329467773,0.35467827320098877,0.3564746081829071,0.36248794198036194,0.38365671038627625,26.549488067626953,26.25090789794922,25.964075088500977,25.830347061157227,15368.896484375
5,62265,4.273713111877441,16.85045051574707,0.035628542304039,3.3611106872558594,24.85426902770996,0.3462153375148773,0.3480150103569031,0.35414472222328186,0.3740563690662384,26.112504959106445,25.781835556030273,25.585460662841797,25.5938720703125,14907.0595703125
12,62265,6.254167556762695,17.16272735595703,0.03888281062245369,3.6717865467071533,25.79975128173828,0.33257901668548584,0.3280870318412781,0.3126206696033478,0.27696147561073303,26.945613861083984,26.652393341064453,26.566747665405273,26.625699996948242,5979.2734375
