month,pfaf_id,Rainf_tavg,Qair_f_tavg,Qs_tavg,Evap_tavg,Tair_f_tavg,SoilMoist_inst_lvl_0,SoilMoist_inst_lvl_1,SoilMoist_inst_lvl_2,SoilMoist_inst_lvl_3,SoilTemp_inst_lvl_0,SoilTemp_inst_lvl_1,SoilTemp_inst_lvl_2,SoilTemp_inst_lvl_3,Streamflow_tavg
1,62283,6.584245681762695,17.64845085144043,0.015897030010819435,3.680940866470337,25.939922332763672,0.33617445826530457,0.3389755189418793,0.3452220559120178,0.3650784492492676,26.870819091796875,26.52994155883789,26.30479621887207,26.262510299682617,17148.79296875
2,62283,6.600322723388672,17.693313598632812,0.011603920720517635,3.70428204536438,26.019079208374023,0.3390219807624817,0.342405766248703,0.3507067561149597,0.3754480481147766,26.954833984375,26.63631820678711,26.330677032470703,26.201929092407227,21402.26953125
3,62283,6.676962852478027,17.712499618530273,0.01148943230509758,3.6737704277038574,26.052513122558594,0.3401709496974945,0.34367984533309937,0.35262036323547363,0.3787098228931427,26.996837615966797,26.734018325805664,26.421594619750977,26.260330200195312,23118.93359375
4,62283,6.757583141326904,17.657127380371094,0.009169845841825008,3.6789369583129883,25.900468826293945,0.34094417095184326,0.3443377912044525,0.3534584045410156,0.3801843822002411,26.892234802246094,26.647281646728516,26.38414764404297,26.2750244140625,24867.57421875
5,62283,6.718289852142334,17.67731475830078,0.008240117691457272,3.728505849838257,25.829195022583008,0.3408222496509552,0.34433412551879883,0.35345861315727234,0.38027194142341614,26.86598014831543,26.573965072631836,26.309568405151367,26.221195220947266,27207.083984375
12,62283,6.378241062164307,17.594850540161133,0.014363892376422882,3.689333200454712,25.915788650512695,0.3296511471271515,0.3305377960205078,0.3326045870780945,0.3435016870498657,26.850522994995117,26.600217819213867,26.4852237701416,26.520967483520508,18577.615234375
