month,pfaf_id,Rainf_tavg,Qair_f_tavg,Qs_tavg,Evap_tavg,Tair_f_tavg,SoilMoist_inst_lvl_0,SoilMoist_inst_lvl_1,SoilMoist_inst_lvl_2,SoilMoist_inst_lvl_3,SoilTemp_inst_lvl_0,SoilTemp_inst_lvl_1,SoilTemp_inst_lvl_2,SoilTemp_inst_lvl_3,Streamflow_tavg
2,61593,7.150348663330078,17.769140243530273,0.16372907161712646,3.410099744796753,25.351675033569336,0.3906427323818207,0.38896453380584717,0.38065341114997864,0.36905142664909363,27.196027755737305,26.84425163269043,26.838821411132812,26.83794593811035,3689.01123046875
3,61593,8.227577209472656,17.9462833404541,0.31615057587623596,3.5444862842559814,25.47606658935547,0.41179001331329346,0.41340556740760803,0.41554784774780273,0.4230458736419678,27.3929500579834,26.758285522460938,26.530073165893555,26.496301651000977,2910.436767578125
4,61593,8.749870300292969,18.038373947143555,0.4020223915576935,3.4937069416046143,25.393945693969727,0.4192955493927002,0.42247113585472107,0.4293569326400757,0.44864514470100403,27.35796546936035,26.75792694091797,26.516782760620117,26.39411163330078,3737.018310546875
5,61593,8.935748100280762,17.964693069458008,0.3665160834789276,3.3672211170196533,25.142677307128906,0.42046883702278137,0.4236910343170166,0.4310186803340912,0.45146045088768005,26.992780685424805,26.494277954101562,26.32390022277832,26.2773494720459,5194.2802734375
6,61593,9.074999809265137,17.983356475830078,0.35922420024871826,3.2549407482147217,25.113418579101562,0.4209029972553253,0.42407503724098206,0.4316312372684479,0.4524730443954468,26.924270629882812,26.405603408813477,26.197555541992188,26.1335506439209,6313.69775390625
7,61593,9.111876487731934,17.876060485839844,0.37978318333625793,3.2625951766967773,25.006444931030273,0.420653373003006,0.42400074005126953,0.4316990077495575,0.452574759721756,26.894060134887695,26.33555793762207,26.1342830657959,26.05669593811035,6818.47412109375
