month,pfaf_id,Rainf_tavg,Qair_f_tavg,Qs_tavg,Evap_tavg,Tair_f_tavg,SoilMoist_inst_lvl_0,SoilMoist_inst_lvl_1,SoilMoist_inst_lvl_2,SoilMoist_inst_lvl_3,SoilTemp_inst_lvl_0,SoilTemp_inst_lvl_1,SoilTemp_inst_lvl_2,SoilTemp_inst_lvl_3,Streamflow_tavg
2,62253,6.831822872161865,17.183195114135742,0.1827753484249115,3.572146415710449,26.130367279052734,0.3631482720375061,0.36519795656204224,0.36979424953460693,0.3838959336280823,27.191036224365234,27.27970314025879,27.22502326965332,27.30498695373535,98977.1796875
3,62253,6.858654022216797,17.332555770874023,0.169247105717659,3.536425828933716,26.255430221557617,0.36413663625717163,0.36608195304870605,0.37156766653060913,0.3891831636428833,27.312877655029297,27.289413452148438,27.003381729125977,26.926315307617188,113887.9140625
4,62253,6.837291717529297,17.426687240600586,0.16217656433582306,3.4902262687683105,26.417583465576172,0.36561399698257446,0.36824753880500793,0.3749042749404907,0.3951900601387024,27.3361759185791,27.334123611450195,27.00328254699707,26.83416175842285,120021.9453125
5,62253,6.3309855461120605,17.547752380371094,0.12161602079868317,3.4157705307006836,26.351491928100586,0.3651897609233856,0.36801180243492126,0.37527674436569214,0.39669716358184814,27.187410354614258,27.231239318847656,26.931575775146484,26.783674240112305,124703.8671875
6,62253,4.3901848793029785,17.63113021850586,0.02425934374332428,3.3414182662963867,26.219802856445312,0.3582455813884735,0.36114880442619324,0.36877524852752686,0.3893624544143677,27.025808334350586,27.07335662841797,26.803287506103516,26.694778442382812,124248.8203125
7,62253,2.6377358436584473,17.005590438842773,0.006484640762209892,3.3928518295288086,26.15625,0.34189745783805847,0.3453301787376404,0.3524923324584961,0.3690181076526642,26.914743423461914,26.92388153076172,26.632837295532227,26.55978775024414,110250.8359375
