month,pfaf_id,Rainf_tavg,Qair_f_tavg,Qs_tavg,Evap_tavg,Tair_f_tavg,SoilMoist_inst_lvl_0,SoilMoist_inst_lvl_1,SoilMoist_inst_lvl_2,SoilMoist_inst_lvl_3,SoilTemp_inst_lvl_0,SoilTemp_inst_lvl_1,SoilTemp_inst_lvl_2,SoilTemp_inst_lvl_3,Streamflow_tavg
1,61585,9.220427513122559,17.42255973815918,0.4427168667316437,3.7315914630889893,25.6857967376709,0.3696644902229309,0.3731861710548401,0.3814040422439575,0.40665847063064575,26.750476837158203,26.303062438964844,26.03580665588379,25.9653263092041,2080.500244140625
2,61585,9.207403182983398,17.47679328918457,0.3165813684463501,3.9223594665527344,25.856468200683594,0.3698121905326843,0.3734703063964844,0.381462424993515,0.4068201184272766,26.883256912231445,26.436260223388672,26.091854095458984,25.94942855834961,2212.47802734375
3,61585,9.282455444335938,17.49540901184082,0.27500542998313904,3.9015285968780518,25.820451736450195,0.37015393376350403,0.37378498911857605,0.38176676630973816,0.40728944540023804,26.869810104370117,26.526792526245117,26.196210861206055,26.031911849975586,2273.67333984375
4,61585,9.370199203491211,17.44346809387207,0.2759978771209717,3.809577703475952,25.572538375854492,0.3708629906177521,0.3742044270038605,0.38221198320388794,0.40805187821388245,26.718154907226562,26.432165145874023,26.162818908691406,26.052610397338867,2427.318603515625
5,61585,9.332769393920898,17.417863845825195,0.33336326479911804,3.6904892921447754,25.443557739257812,0.3707698583602905,0.37414854764938354,0.3823198080062866,0.4082852005958557,26.601696014404297,26.28092384338379,26.037973403930664,25.97582244873047,2518.004638671875
12,61585,9.330440521240234,17.388874053955078,0.380289226770401,3.6207642555236816,25.51378059387207,0.3661381006240845,0.3688502907752991,0.37397390604019165,0.39125820994377136,26.74125099182129,26.329524993896484,26.117191314697266,26.103378295898438,1098.1160888671875
