month,pfaf_id,Rainf_tavg,Qair_f_tavg,Qs_tavg,Evap_tavg,Tair_f_tavg,SoilMoist_inst_lvl_0,SoilMoist_inst_lvl_1,SoilMoist_inst_lvl_2,SoilMoist_inst_lvl_3,SoilTemp_inst_lvl_0,SoilTemp_inst_lvl_1,SoilTemp_inst_lvl_2,SoilTemp_inst_lvl_3,Streamflow_tavg
1,67105,0.2574581205844879,12.617538452148438,8.543334843125194e-05,0.20084664225578308,19.855939865112305,0.1492862105369568,0.18920733034610748,0.19005921483039856,0.20081545412540436,23.16707992553711,21.81584358215332,20.936742782592773,20.089374542236328,2.3207552433013916
2,67105,0.2851570248603821,13.198169708251953,9.31386966840364e-05,0.24627698957920074,20.353187561035156,0.16730690002441406,0.18967925012111664,0.1895296722650528,0.20067308843135834,23.530750274658203,22.20861053466797,21.297740936279297,20.34661865234375,10.4091796875
3,67105,0.22721976041793823,12.891214370727539,6.761976692359895e-05,0.21400673687458038,19.965415954589844,0.1739603877067566,0.18983742594718933,0.18949690461158752,0.20066528022289276,22.313888549804688,21.67253875732422,21.1031494140625,20.418869018554688,50.202880859375
4,67105,0.11214128881692886,11.684572219848633,2.2372210878529586e-05,0.1505189687013626,18.57965850830078,0.17330482602119446,0.18814249336719513,0.18952490389347076,0.20073826611042023,20.402986526489258,19.9664363861084,19.90680503845215,19.800931930541992,58.195213317871094
5,67105,0.06335094571113586,10.300810813903809,1.0589991688902956e-05,0.09934374690055847,16.963825225830078,0.17306706309318542,0.18548226356506348,0.18885302543640137,0.20074397325515747,17.818601608276367,17.68997573852539,18.003984451293945,18.425914764404297,34.880714416503906
12,67105,0.2201770693063736,11.858124732971191,5.955640517640859e-05,0.09568209201097488,19.062253952026367,0.11486262083053589,0.19021327793598175,0.19104242324829102,0.20103877782821655,22.583654403686523,21.376930236816406,20.864564895629883,20.155691146850586,6.457684516906738
