month,pfaf_id,Rainf_tavg,Qair_f_tavg,Qs_tavg,Evap_tavg,Tair_f_tavg,SoilMoist_inst_lvl_0,SoilMoist_inst_lvl_1,SoilMoist_inst_lvl_2,SoilMoist_inst_lvl_3,SoilTemp_inst_lvl_0,SoilTemp_inst_lvl_1,SoilTemp_inst_lvl_2,SoilTemp_inst_lvl_3,Streamflow_tavg
2,64284,6.692528247833252,16.540796279907227,0.15430934727191925,3.582991361618042,23.539888381958008,0.37060049176216125,0.36998626589775085,0.3706645369529724,0.38222000002861023,24.339248657226562,24.596525192260742,24.293657302856445,24.2203426361084,926.8427124023438
3,64284,6.081269264221191,16.57308006286621,0.16341987252235413,3.525984048843384,23.67337989807129,0.3777773678302765,0.3784008026123047,0.383959025144577,0.40049460530281067,24.319753646850586,24.634977340698242,24.220478057861328,24.01569366455078,1195.485595703125
4,64284,4.119646072387695,15.39070987701416,0.10243643820285797,3.2934529781341553,22.934961318969727,0.3674629330635071,0.3716673254966736,0.3806438446044922,0.39967140555381775,23.252317428588867,23.888830184936523,23.75926399230957,23.8038330078125,1168.8304443359375
5,64284,1.4984816312789917,12.28637981414795,0.016968978568911552,2.7248106002807617,21.907888412475586,0.3208294212818146,0.34769579768180847,0.3608610928058624,0.3788570761680603,21.559799194335938,22.644001007080078,22.707792282104492,23.088855743408203,530.2757568359375
6,64284,0.9176406860351562,9.95711898803711,0.005865033250302076,1.6413419246673584,20.988670349121094,0.25447356700897217,0.33365458250045776,0.3446578085422516,0.35906484723091125,21.145118713378906,22.292837142944336,21.94239616394043,22.22712516784668,166.57858276367188
7,64284,0.6521695256233215,9.098557472229004,0.002228651661425829,1.1048882007598877,21.932899475097656,0.21708226203918457,0.3292420208454132,0.3373570740222931,0.348812460899353,22.62290382385254,23.64173126220703,22.640127182006836,22.259557723999023,71.6876220703125
