month,pfaf_id,Rainf_tavg,Qair_f_tavg,Qs_tavg,Evap_tavg,Tair_f_tavg,SoilMoist_inst_lvl_0,SoilMoist_inst_lvl_1,SoilMoist_inst_lvl_2,SoilMoist_inst_lvl_3,SoilTemp_inst_lvl_0,SoilTemp_inst_lvl_1,SoilTemp_inst_lvl_2,SoilTemp_inst_lvl_3,Streamflow_tavg
2,66405,3.266261577606201,7.1217474937438965,0.06108184903860092,2.141165256500244,8.173113822937012,0.26380839943885803,0.25917744636535645,0.2448035329580307,0.2407027930021286,13.819046974182129,13.403467178344727,12.695231437683105,12.030274391174316,225.5100860595703
3,66405,2.7435975074768066,7.048431396484375,0.05599590390920639,1.9948786497116089,8.153130531311035,0.26724177598953247,0.26707518100738525,0.2613409757614136,0.26083245873451233,13.323582649230957,12.67195987701416,11.598651885986328,10.802305221557617,259.9839782714844
4,66405,1.4524106979370117,5.842146873474121,0.03501126542687416,1.5556132793426514,7.423191547393799,0.25296688079833984,0.2596983015537262,0.26254525780677795,0.2700954079627991,11.850518226623535,11.58971881866455,10.651937484741211,9.97427749633789,349.5469055175781
5,66405,0.6939567923545837,4.485834121704102,0.012251423671841621,1.1173597574234009,5.990192413330078,0.2368016093969345,0.24856527149677277,0.2559909224510193,0.26704269647598267,9.78339958190918,9.842100143432617,9.142481803894043,8.818235397338867,360.06524658203125
6,66405,0.2891651690006256,3.5711569786071777,0.0032180047128349543,0.781814455986023,4.621930122375488,0.22230416536331177,0.2383984476327896,0.24845045804977417,0.2606406807899475,7.795807361602783,8.078405380249023,7.49031400680542,7.393679618835449,334.50958251953125
7,66405,0.32386261224746704,3.54023814201355,0.0029752920381724834,0.7053042650222778,4.553924560546875,0.21531975269317627,0.2319299280643463,0.24223780632019043,0.25447461009025574,8.166404724121094,7.98508882522583,6.865537643432617,6.373625755310059,322.0573425292969
