month,pfaf_id,Rainf_tavg,Qair_f_tavg,Qs_tavg,Evap_tavg,Tair_f_tavg,SoilMoist_inst_lvl_0,SoilMoist_inst_lvl_1,SoilMoist_inst_lvl_2,SoilMoist_inst_lvl_3,SoilTemp_inst_lvl_0,SoilTemp_inst_lvl_1,SoilTemp_inst_lvl_2,SoilTemp_inst_lvl_3,Streamflow_tavg
2,64248,4.471859931945801,16.70566749572754,0.021254926919937134,3.6517086029052734,26.3304443359375,0.297405481338501,0.2932266891002655,0.28476035594940186,0.2947629392147064,27.036420822143555,26.977209091186523,26.714162826538086,26.615570068359375,2782.999267578125
3,64248,4.167308330535889,16.698137283325195,0.020897772163152695,3.383532762527466,26.46413230895996,0.2995675504207611,0.2983807921409607,0.29389718174934387,0.29918166995048523,26.91680908203125,26.887245178222656,26.447620391845703,26.22947120666504,2600.781494140625
4,64248,3.091360092163086,15.050930976867676,0.01603311486542225,3.1108503341674805,26.09716796875,0.2878960371017456,0.2913247048854828,0.2932148873806,0.30006229877471924,26.28024673461914,26.448930740356445,26.09811019897461,25.98954200744629,2282.983642578125
5,64248,1.7277084589004517,12.081315040588379,0.004391873721033335,2.623746871948242,25.431610107421875,0.25951260328292847,0.2729194462299347,0.28063729405403137,0.2905210256576538,25.209199905395508,25.72145652770996,25.486780166625977,25.54027557373047,1916.8404541015625
6,64248,1.1658557653427124,9.932802200317383,0.0017370466375723481,1.916922688484192,24.350852966308594,0.22799056768417358,0.255553662776947,0.26587972044944763,0.27696049213409424,24.17241668701172,24.79405975341797,24.503902435302734,24.7506103515625,1165.9078369140625
7,64248,0.8842263221740723,9.140498161315918,0.0009093732223846018,1.5957456827163696,25.010494232177734,0.2059352993965149,0.24424661695957184,0.2547416388988495,0.2659217119216919,25.090349197387695,25.461400985717773,24.639856338500977,24.434185028076172,590.5587158203125
