month,pfaf_id,Rainf_tavg,Qair_f_tavg,Qs_tavg,Evap_tavg,Tair_f_tavg,SoilMoist_inst_lvl_0,SoilMoist_inst_lvl_1,SoilMoist_inst_lvl_2,SoilMoist_inst_lvl_3,SoilTemp_inst_lvl_0,SoilTemp_inst_lvl_1,SoilTemp_inst_lvl_2,SoilTemp_inst_lvl_3,Streamflow_tavg
2,62252,5.64896297454834,16.48683738708496,0.08924239128828049,3.561650276184082,25.355573654174805,0.36331692337989807,0.35787224769592285,0.33898305892944336,0.30272606015205383,26.111486434936523,25.92197036743164,25.683855056762695,25.61119842529297,98962.1953125
3,62252,6.021122455596924,16.778831481933594,0.12577460706233978,3.546921968460083,25.26034927368164,0.37498438358306885,0.3718297779560089,0.3604601323604584,0.32968980073928833,26.185134887695312,25.948049545288086,25.656970977783203,25.524492263793945,113881.25
4,62252,6.193820953369141,16.927593231201172,0.13610482215881348,3.5372774600982666,25.3232364654541,0.3830839693546295,0.3820849657058716,0.3773791491985321,0.3615272343158722,26.196104049682617,25.98432731628418,25.69556427001953,25.532421112060547,120019.8203125
5,62252,6.201736927032471,17.023242950439453,0.1102861687541008,3.478715658187866,25.360143661499023,0.3890119194984436,0.38949283957481384,0.3894469738006592,0.3887213468551636,26.068599700927734,25.906864166259766,25.651525497436523,25.51728057861328,124701.2890625
6,62252,5.509556770324707,17.084861755371094,0.07548660784959793,3.437228202819824,25.386138916015625,0.39090636372566223,0.39240899682044983,0.39563173055648804,0.40482404828071594,26.009109497070312,25.838773727416992,25.596323013305664,25.474998474121094,124270.828125
7,62252,4.29776668548584,16.68172264099121,0.03931887447834015,3.5758285522460938,25.247337341308594,0.38675007224082947,0.38835281133651733,0.3924050033092499,0.4040328860282898,25.88336944580078,25.69171905517578,25.474822998046875,25.399463653564453,110315.9765625
