month,pfaf_id,Rainf_tavg,Qair_f_tavg,Qs_tavg,Evap_tavg,Tair_f_tavg,SoilMoist_inst_lvl_0,SoilMoist_inst_lvl_1,SoilMoist_inst_lvl_2,SoilMoist_inst_lvl_3,SoilTemp_inst_lvl_0,SoilTemp_inst_lvl_1,SoilTemp_inst_lvl_2,SoilTemp_inst_lvl_3,Streamflow_tavg
1,62296,5.638828754425049,16.89402961730957,0.016846230253577232,3.7096292972564697,25.039995193481445,0.3480456471443176,0.3473033607006073,0.3449541926383972,0.3433803915977478,26.488563537597656,25.764009475708008,25.460561752319336,25.25981903076172,25264.427734375
2,62296,5.921537399291992,16.99660873413086,0.02096271701157093,3.669950008392334,24.916419982910156,0.35375267267227173,0.3540785312652588,0.35459914803504944,0.35948845744132996,26.45679473876953,25.778961181640625,25.419525146484375,25.16559600830078,20552.552734375
3,62296,5.97615385055542,17.069103240966797,0.0218223687261343,3.6941378116607666,24.889650344848633,0.35736095905303955,0.358572781085968,0.3616497814655304,0.3733607828617096,26.431550979614258,25.79874610900879,25.425537109375,25.15168571472168,22181.927734375
4,62296,5.6613569259643555,17.013418197631836,0.02046308107674122,3.643566846847534,24.785755157470703,0.35847944021224976,0.3603374660015106,0.3652030825614929,0.3815688490867615,26.262868881225586,25.65752601623535,25.344154357910156,25.1171932220459,25108.28515625
5,62296,4.604123115539551,16.709251403808594,0.012477213516831398,3.484675168991089,24.61359214782715,0.3538534343242645,0.35586631298065186,0.3612574338912964,0.3784603476524353,26.02242088317871,25.389646530151367,25.123178482055664,24.97624397277832,27523.27734375
12,62296,5.159717082977295,16.731361389160156,0.01397398766130209,3.7458784580230713,25.233797073364258,0.34293994307518005,0.3416268229484558,0.33760085701942444,0.3297565281391144,26.603681564331055,25.887861251831055,25.636919021606445,25.45900535583496,28730.455078125
