month,pfaf_id,Rainf_tavg,Qair_f_tavg,Qs_tavg,Evap_tavg,Tair_f_tavg,SoilMoist_inst_lvl_0,SoilMoist_inst_lvl_1,SoilMoist_inst_lvl_2,SoilMoist_inst_lvl_3,SoilTemp_inst_lvl_0,SoilTemp_inst_lvl_1,SoilTemp_inst_lvl_2,SoilTemp_inst_lvl_3,Streamflow_tavg
2,62232,5.466869354248047,16.42873191833496,0.05477852001786232,3.407897472381592,24.346494674682617,0.3779852092266083,0.3687188923358917,0.34585878252983093,0.27699360251426697,25.275711059570312,25.162906646728516,24.978004455566406,24.946453094482422,415.2243957519531
3,62232,5.671938419342041,16.834840774536133,0.07525580376386642,3.3838162422180176,24.35582733154297,0.3868822455406189,0.38054585456848145,0.3652152419090271,0.319585919380188,25.446563720703125,25.275896072387695,24.984500885009766,24.842819213867188,128.01107788085938
4,62232,5.8430070877075195,17.092546463012695,0.09738713502883911,3.349759340286255,24.419876098632812,0.39708563685417175,0.3935334384441376,0.38579365611076355,0.36367368698120117,25.515655517578125,25.35895538330078,25.06772232055664,24.883251190185547,222.3822479248047
5,62232,5.8647284507751465,17.177581787109375,0.10918557643890381,3.3077850341796875,24.45096206665039,0.4051789343357086,0.40382733941078186,0.4022672176361084,0.3991219997406006,25.391353607177734,25.284780502319336,25.04506492614746,24.897645950317383,546.8141479492188
6,62232,5.21152400970459,17.113861083984375,0.08036245405673981,3.289400339126587,24.38825225830078,0.4083728492259979,0.408850759267807,0.4114546775817871,0.41952770948410034,25.268882751464844,25.171592712402344,24.96268081665039,24.851789474487305,933.8087768554688
7,62232,4.08635139465332,16.680334091186523,0.04567126929759979,3.4699432849884033,24.27060890197754,0.4041229784488678,0.40509286522865295,0.4086132347583771,0.4187770485877991,25.125520706176758,25.005002975463867,24.81837272644043,24.75652313232422,953.658203125
