month,pfaf_id,Rainf_tavg,Qair_f_tavg,Qs_tavg,Evap_tavg,Tair_f_tavg,SoilMoist_inst_lvl_0,SoilMoist_inst_lvl_1,SoilMoist_inst_lvl_2,SoilMoist_inst_lvl_3,SoilTemp_inst_lvl_0,SoilTemp_inst_lvl_1,SoilTemp_inst_lvl_2,SoilTemp_inst_lvl_3,Streamflow_tavg
2,62284,4.826873302459717,15.664591789245605,0.030691059306263924,3.372260570526123,25.795135498046875,0.29447054862976074,0.29274141788482666,0.2695366144180298,0.2497037798166275,27.394485473632812,27.327035903930664,27.000469207763672,26.783273696899414,796.9024658203125
3,62284,5.757740497589111,16.462507247924805,0.053803905844688416,3.59700345993042,25.450178146362305,0.3241671919822693,0.32243338227272034,0.3044919967651367,0.26768311858177185,27.17853546142578,26.961429595947266,26.584796905517578,26.47789192199707,521.2188720703125
4,62284,6.349151611328125,16.814645767211914,0.07204568386077881,3.688638687133789,25.31189727783203,0.3392094671726227,0.3374325931072235,0.32784608006477356,0.303355872631073,26.944629669189453,26.76513671875,26.43777084350586,26.31065559387207,692.4912109375
5,62284,6.739266872406006,16.954744338989258,0.0851793885231018,3.6885995864868164,25.152746200561523,0.35147422552108765,0.3508288860321045,0.3474060893058777,0.34117764234542847,26.429283142089844,26.3190975189209,26.095346450805664,26.056743621826172,1772.366943359375
6,62284,6.650544166564941,17.001998901367188,0.07581496983766556,3.6369917392730713,25.144582748413086,0.35816627740859985,0.35928070545196533,0.3608841300010681,0.3688093423843384,26.167715072631836,26.030973434448242,25.805471420288086,25.77133560180664,3390.07421875
7,62284,6.5537872314453125,16.921340942382812,0.06247057020664215,3.677161693572998,25.068832397460938,0.3615000545978546,0.36339646577835083,0.3676084578037262,0.38233456015586853,26.136188507080078,25.92698097229004,25.658536911010742,25.585243225097656,4741.57470703125
