month,pfaf_id,Rainf_tavg,Qair_f_tavg,Qs_tavg,Evap_tavg,Tair_f_tavg,SoilMoist_inst_lvl_0,SoilMoist_inst_lvl_1,SoilMoist_inst_lvl_2,SoilMoist_inst_lvl_3,SoilTemp_inst_lvl_0,SoilTemp_inst_lvl_1,SoilTemp_inst_lvl_2,SoilTemp_inst_lvl_3,Streamflow_tavg
2,61660,4.669780254364014,15.980215072631836,0.04826587438583374,3.516521453857422,24.512765884399414,0.35288316011428833,0.34691527485847473,0.335518479347229,0.3086376488208771,25.197378158569336,25.14910125732422,24.903913497924805,24.841196060180664,737.4285888671875
3,61660,5.251550674438477,16.57731056213379,0.07564336806535721,3.491816997528076,24.491634368896484,0.36199328303337097,0.35753658413887024,0.3489951491355896,0.33317476511001587,25.459945678710938,25.344587326049805,24.992755889892578,24.81830596923828,261.4959411621094
4,61660,5.9158759117126465,17.08271026611328,0.1422169953584671,3.4375171661376953,24.4631290435791,0.3736377954483032,0.37053874135017395,0.3659912347793579,0.35880953073501587,25.61223793029785,25.506635665893555,25.15422821044922,24.93743324279785,596.0895385742188
5,61660,6.025646686553955,17.280445098876953,0.19367142021656036,3.3884172439575195,24.50458526611328,0.380173921585083,0.37925076484680176,0.3796273469924927,0.3836202323436737,25.502777099609375,25.44074058532715,25.15746307373047,24.995452880859375,1151.3436279296875
6,61660,5.625777244567871,17.32355308532715,0.1445346176624298,3.328169107437134,24.536767959594727,0.3817184865474701,0.38228145241737366,0.3856727182865143,0.3977492153644562,25.43450164794922,25.384906768798828,25.125062942504883,24.985137939453125,1404.0863037109375
7,61660,5.016754150390625,17.003406524658203,0.0917547196149826,3.5473222732543945,24.47435760498047,0.3804335296154022,0.3812735080718994,0.38564011454582214,0.40043652057647705,25.422605514526367,25.345212936401367,25.07638168334961,24.949321746826172,1398.9991455078125
