month,pfaf_id,Rainf_tavg,Qair_f_tavg,Qs_tavg,Evap_tavg,Tair_f_tavg,SoilMoist_inst_lvl_0,SoilMoist_inst_lvl_1,SoilMoist_inst_lvl_2,SoilMoist_inst_lvl_3,SoilTemp_inst_lvl_0,SoilTemp_inst_lvl_1,SoilTemp_inst_lvl_2,SoilTemp_inst_lvl_3,Streamflow_tavg
4,61581,10.601592063903809,18.150957107543945,0.3271096646785736,3.559277057647705,25.44167137145996,0.39886540174484253,0.3946388363838196,0.3794826865196228,0.33870893716812134,27.66986846923828,27.279008865356445,27.398311614990234,27.55683135986328,1409.1292724609375
5,61581,10.916479110717773,18.183732986450195,0.47227004170417786,3.5013036727905273,25.334636688232422,0.41775548458099365,0.4199489951133728,0.4246642589569092,0.43748319149017334,27.42793846130371,26.88254165649414,26.81631088256836,26.9157657623291,2807.606201171875
6,61581,10.894821166992188,18.224023818969727,0.5794076919555664,3.5206656455993652,25.382505416870117,0.42212873697280884,0.4258542060852051,0.4337036609649658,0.45383402705192566,27.31855010986328,26.761030197143555,26.596765518188477,26.57802391052246,5634.5751953125
7,61581,10.930708885192871,18.108854293823242,0.5255137085914612,3.495993137359619,25.255491256713867,0.4231887757778168,0.4271845817565918,0.435001015663147,0.45463788509368896,27.07793617248535,26.593496322631836,26.427753448486328,26.39071273803711,6331.61474609375
8,61581,10.671468734741211,18.139249801635742,0.3309244215488434,3.533837080001831,25.4940185546875,0.4227810800075531,0.42664656043052673,0.4348377585411072,0.4544300436973572,27.210556030273438,26.6628360748291,26.393898010253906,26.278995513916016,6432.9609375
9,61581,10.115442276000977,18.320331573486328,0.4064438045024872,3.5745601654052734,25.962438583374023,0.42017048597335815,0.42380979657173157,0.4322871267795563,0.452744722366333,27.547565460205078,26.971088409423828,26.599180221557617,26.35504722595215,6061.92822265625
