month,pfaf_id,Rainf_tavg,Qair_f_tavg,Qs_tavg,Evap_tavg,Tair_f_tavg,SoilMoist_inst_lvl_0,SoilMoist_inst_lvl_1,SoilMoist_inst_lvl_2,SoilMoist_inst_lvl_3,SoilTemp_inst_lvl_0,SoilTemp_inst_lvl_1,SoilTemp_inst_lvl_2,SoilTemp_inst_lvl_3,Streamflow_tavg
1,61595,6.118673801422119,17.30543327331543,0.053771890699863434,3.2299561500549316,24.57370376586914,0.36439481377601624,0.36732056736946106,0.37320518493652344,0.39293015003204346,25.946638107299805,25.432851791381836,25.244409561157227,25.23857879638672,4408.78564453125
2,61595,6.449929237365723,17.50164794921875,0.05168648436665535,3.3830602169036865,24.86741065979004,0.3648776710033417,0.36746880412101746,0.37290409207344055,0.39204609394073486,26.153120040893555,25.597339630126953,25.277414321899414,25.1424503326416,4075.882080078125
3,61595,6.93199348449707,17.643321990966797,0.04986860603094101,3.402629852294922,25.052204132080078,0.366599977016449,0.36907854676246643,0.37485432624816895,0.3948867917060852,26.240324020385742,25.75889015197754,25.42875862121582,25.237504959106445,4145.59814453125
4,61595,7.633700847625732,17.62225914001465,0.05756455659866333,3.3428354263305664,24.823060989379883,0.3686745762825012,0.3712908625602722,0.37739869952201843,0.3986189663410187,26.14982795715332,25.71356201171875,25.44312858581543,25.29782485961914,4719.60302734375
5,61595,7.776974678039551,17.594762802124023,0.06174342334270477,3.2391390800476074,24.652523040771484,0.36922603845596313,0.37203624844551086,0.3784962296485901,0.40044575929641724,26.13089942932129,25.64236068725586,25.38124656677246,25.267738342285156,5461.58251953125
12,61595,6.869372844696045,17.445716857910156,0.05483008921146393,3.182994842529297,24.534574508666992,0.3662330210208893,0.368371844291687,0.3734355568885803,0.3922460973262787,26.08095359802246,25.619050979614258,25.52695655822754,25.565950393676758,5260.59375
