month,pfaf_id,Rainf_tavg,Qair_f_tavg,Qs_tavg,Evap_tavg,Tair_f_tavg,SoilMoist_inst_lvl_0,SoilMoist_inst_lvl_1,SoilMoist_inst_lvl_2,SoilMoist_inst_lvl_3,SoilTemp_inst_lvl_0,SoilTemp_inst_lvl_1,SoilTemp_inst_lvl_2,SoilTemp_inst_lvl_3,Streamflow_tavg
1,62264,7.478104591369629,17.59556007385254,0.09449596703052521,3.5303456783294678,25.18851089477539,0.38331958651542664,0.38251793384552,0.3792310357093811,0.37089014053344727,26.32611656188965,26.05868911743164,25.931421279907227,25.979368209838867,887.9676513671875
2,62264,7.579801559448242,17.691307067871094,0.08802179992198944,3.562864303588867,25.18893051147461,0.39051923155784607,0.39140555262565613,0.39435601234436035,0.40604013204574585,26.400981903076172,26.09815788269043,25.82806968688965,25.71470832824707,2000.095947265625
3,62264,7.686866283416748,17.83685302734375,0.10320671647787094,3.6199400424957275,25.175643920898438,0.3941712975502014,0.39552024006843567,0.4010251760482788,0.4214625954627991,26.449371337890625,26.147964477539062,25.823102951049805,25.64989471435547,2937.225341796875
4,62264,6.633188724517822,17.688697814941406,0.1245088055729866,3.575434446334839,25.01727294921875,0.39191898703575134,0.3936542570590973,0.40038731694221497,0.42330989241600037,26.273889541625977,26.022090911865234,25.742488861083984,25.604660034179688,3223.156494140625
5,62264,4.28316593170166,16.744686126708984,0.07459122687578201,3.266611099243164,24.66083526611328,0.38075554370880127,0.3830926716327667,0.3903910219669342,0.4111751616001129,25.771305084228516,25.547229766845703,25.3792781829834,25.40542221069336,2383.41748046875
12,62264,7.021237850189209,17.19313621520996,0.08058188110589981,3.605700731277466,25.63491439819336,0.3674617111682892,0.3629114031791687,0.34831127524375916,0.3147176504135132,26.568008422851562,26.4252872467041,26.465023040771484,26.62855339050293,719.0404663085938
