month,pfaf_id,Rainf_tavg,Qair_f_tavg,Qs_tavg,Evap_tavg,Tair_f_tavg,SoilMoist_inst_lvl_0,SoilMoist_inst_lvl_1,SoilMoist_inst_lvl_2,SoilMoist_inst_lvl_3,SoilTemp_inst_lvl_0,SoilTemp_inst_lvl_1,SoilTemp_inst_lvl_2,SoilTemp_inst_lvl_3,Streamflow_tavg
2,62296,5.8599677085876465,16.95201301574707,0.01837579533457756,3.6682991981506348,24.808828353881836,0.36133816838264465,0.3638758659362793,0.37062525749206543,0.39195308089256287,26.443603515625,25.81015396118164,25.525379180908203,25.299901962280273,36336.4609375
3,62296,5.991710186004639,17.043846130371094,0.020009836181998253,3.6293466091156006,24.859466552734375,0.3621269166469574,0.3646722435951233,0.371429979801178,0.3927300274372101,26.405702590942383,25.73626708984375,25.4035701751709,25.173418045043945,33949.453125
4,62296,5.615909099578857,17.051515579223633,0.018099671229720116,3.5321288108825684,24.82925033569336,0.36148837208747864,0.3642863929271698,0.37159866094589233,0.39379581809043884,26.227832794189453,25.608381271362305,25.316492080688477,25.10213279724121,27232.24609375
5,62296,4.771669864654541,16.745771408081055,0.012264200486242771,3.42502498626709,24.606430053710938,0.3576412796974182,0.3603416681289673,0.3675454258918762,0.3887898027896881,25.837051391601562,25.293224334716797,25.089557647705078,24.95621681213379,28122.84375
6,62296,3.672292947769165,16.04974937438965,0.0078168585896492,3.326448917388916,24.352336883544922,0.3491067588329315,0.3513166606426239,0.35739776492118835,0.37516292929649353,25.35338020324707,24.779327392578125,24.621980667114258,24.627891540527344,28236.24609375
7,62296,2.9153358936309814,15.341300964355469,0.0046910485252738,3.474379301071167,24.661054611206055,0.33803603053092957,0.3394966721534729,0.3438734710216522,0.35718047618865967,25.409881591796875,24.685367584228516,24.427921295166016,24.35432243347168,24079.451171875
