month,pfaf_id,Rainf_tavg,Qair_f_tavg,Qs_tavg,Evap_tavg,Tair_f_tavg,SoilMoist_inst_lvl_0,SoilMoist_inst_lvl_1,SoilMoist_inst_lvl_2,SoilMoist_inst_lvl_3,SoilTemp_inst_lvl_0,SoilTemp_inst_lvl_1,SoilTemp_inst_lvl_2,SoilTemp_inst_lvl_3,Streamflow_tavg
2,62287,7.727733612060547,17.844167709350586,0.031125349923968315,3.672881841659546,25.640151977539062,0.33999547362327576,0.3418301045894623,0.3460817039012909,0.3628576993942261,27.043277740478516,26.684724807739258,26.439210891723633,26.331151962280273,11508.966796875
3,62287,7.7074666023254395,17.858413696289062,0.028994644060730934,3.693708658218384,25.640777587890625,0.34401658177375793,0.3469852805137634,0.3544119596481323,0.3771475851535797,27.07242774963379,26.651010513305664,26.360042572021484,26.24043083190918,12277.283203125
4,62287,7.82666540145874,17.882699966430664,0.030805567279458046,3.6086015701293945,25.58258819580078,0.3459436893463135,0.34937533736228943,0.35818737745285034,0.3848031163215637,26.929336547851562,26.569063186645508,26.314661026000977,26.203506469726562,16205.099609375
5,62287,7.88263463973999,17.828548431396484,0.026092147454619408,3.5069596767425537,25.44491195678711,0.34712183475494385,0.35068413615226746,0.3601326048374176,0.3884166181087494,26.634187698364258,26.34507179260254,26.144947052001953,26.09356117248535,18553.986328125
6,62287,7.766324520111084,17.853816986083984,0.02072381228208542,3.443881034851074,25.445201873779297,0.34713301062583923,0.3508768677711487,0.36060190200805664,0.3894210159778595,26.534534454345703,26.232194900512695,26.00863265991211,25.95488929748535,20244.23828125
7,62287,7.218862533569336,17.769933700561523,0.01303747296333313,3.47035813331604,25.412466049194336,0.3454301953315735,0.34919285774230957,0.3587972819805145,0.3869922459125519,26.564790725708008,26.21961212158203,25.970834732055664,25.890729904174805,20635.232421875
