month,pfaf_id,Rainf_tavg,Qair_f_tavg,Qs_tavg,Evap_tavg,Tair_f_tavg,SoilMoist_inst_lvl_0,SoilMoist_inst_lvl_1,SoilMoist_inst_lvl_2,SoilMoist_inst_lvl_3,SoilTemp_inst_lvl_0,SoilTemp_inst_lvl_1,SoilTemp_inst_lvl_2,SoilTemp_inst_lvl_3,Streamflow_tavg
1,62291,6.422449111938477,17.55229377746582,0.0186771247535944,3.8084218502044678,26.21845054626465,0.34226489067077637,0.3429567813873291,0.34498414397239685,0.3545253276824951,27.33086585998535,27.064672470092773,26.807323455810547,26.731945037841797,46727.1796875
2,62291,6.419434547424316,17.622665405273438,0.019366871565580368,3.7883992195129395,26.252683639526367,0.3473063111305237,0.3495076298713684,0.35558539628982544,0.374831885099411,27.43638801574707,27.176687240600586,26.818923950195312,26.637216567993164,41580.9140625
3,62291,6.587118148803711,17.708860397338867,0.0182760339230299,3.8122048377990723,26.326698303222656,0.3502516746520996,0.35287609696388245,0.36062654852867126,0.38401922583580017,27.4796085357666,27.263708114624023,26.90192413330078,26.685985565185547,44260.68359375
4,62291,6.660074710845947,17.647722244262695,0.014560414478182793,3.848557233810425,26.215408325195312,0.3513981103897095,0.35427674651145935,0.3625844419002533,0.3875941336154938,27.367273330688477,27.180814743041992,26.861730575561523,26.692188262939453,49860.64453125
5,62291,6.465724945068359,17.727876663208008,0.013377771712839603,3.8765625953674316,26.12289810180664,0.3509265184402466,0.35396066308021545,0.3623979985713959,0.3876512944698334,27.335351943969727,27.108890533447266,26.789051055908203,26.639644622802734,55286.08984375
12,62291,6.063591003417969,17.410579681396484,0.017019430175423622,3.843069314956665,26.394912719726562,0.33258718252182007,0.3310120701789856,0.32731425762176514,0.3233991265296936,27.356321334838867,27.18330955505371,27.0560302734375,27.066814422607422,47557.73046875
