month,pfaf_id,Rainf_tavg,Qair_f_tavg,Qs_tavg,Evap_tavg,Tair_f_tavg,SoilMoist_inst_lvl_0,SoilMoist_inst_lvl_1,SoilMoist_inst_lvl_2,SoilMoist_inst_lvl_3,SoilTemp_inst_lvl_0,SoilTemp_inst_lvl_1,SoilTemp_inst_lvl_2,SoilTemp_inst_lvl_3,Streamflow_tavg
2,67208,11.251593589782715,17.586647033691406,0.6774058938026428,3.4529147148132324,24.964906692504883,0.38234415650367737,0.38520094752311707,0.3935949504375458,0.4200341999530792,25.943443298339844,25.050294876098633,24.199787139892578,23.438888549804688,1261.4637451171875
3,67208,10.769533157348633,17.639347076416016,0.6791918277740479,3.3729095458984375,24.933757781982422,0.38198795914649963,0.38522133231163025,0.3940090537071228,0.4204651117324829,26.1261043548584,25.345603942871094,24.73839569091797,24.092260360717773,1236.193603515625
4,67208,11.24997329711914,17.76036262512207,0.8033044338226318,3.328428030014038,24.96038246154785,0.38310250639915466,0.38634106516838074,0.3951263725757599,0.4217091500759125,26.09009552001953,25.422151565551758,24.954206466674805,24.443788528442383,1299.1346435546875
5,67208,13.872319221496582,18.022254943847656,1.4363211393356323,3.3651578426361084,25.019926071166992,0.3891305923461914,0.39235547184944153,0.40145689249038696,0.4284069240093231,26.023662567138672,25.453479766845703,25.03477668762207,24.58216667175293,1627.818603515625
6,67208,15.952893257141113,18.267011642456055,2.0349113941192627,3.4864766597747803,25.122486114501953,0.39466986060142517,0.3978109359741211,0.4068627953529358,0.4336206316947937,26.013662338256836,25.50422477722168,25.103822708129883,24.660154342651367,2083.411865234375
7,67208,15.36653995513916,18.279890060424805,1.7523225545883179,3.6570863723754883,25.248807907104492,0.3948063254356384,0.3978118598461151,0.4065990447998047,0.43324029445648193,26.09077262878418,25.572879791259766,25.170204162597656,24.722864151000977,2075.41357421875
