month,pfaf_id,Rainf_tavg,Qair_f_tavg,Qs_tavg,Evap_tavg,Tair_f_tavg,SoilMoist_inst_lvl_0,SoilMoist_inst_lvl_1,SoilMoist_inst_lvl_2,SoilMoist_inst_lvl_3,SoilTemp_inst_lvl_0,SoilTemp_inst_lvl_1,SoilTemp_inst_lvl_2,SoilTemp_inst_lvl_3,Streamflow_tavg
2,62286,6.7559990882873535,17.16866111755371,0.05259948968887329,3.570101737976074,25.71645736694336,0.326163113117218,0.3174780607223511,0.2927161157131195,0.25967147946357727,27.013349533081055,26.7564697265625,26.597049713134766,26.5548095703125,221.80661010742188
3,62286,7.045315742492676,17.288660049438477,0.07838887721300125,3.639319658279419,25.69384765625,0.3446991443634033,0.3423876464366913,0.3314584493637085,0.302754282951355,27.064533233642578,26.673059463500977,26.380077362060547,26.30815315246582,258.5975036621094
4,62286,7.193029880523682,17.314186096191406,0.11177946627140045,3.644730567932129,25.668231964111328,0.35365819931030273,0.35412922501564026,0.3521774411201477,0.3455978333950043,26.894550323486328,26.57392692565918,26.329402923583984,26.248332977294922,514.9535522460938
5,62286,7.239664077758789,17.305173873901367,0.09112653881311417,3.5597259998321533,25.534252166748047,0.35943785309791565,0.36142095923423767,0.3643198311328888,0.37214428186416626,26.52027702331543,26.297990798950195,26.119731903076172,26.107105255126953,939.5198974609375
6,62286,7.331620216369629,17.34404754638672,0.07503990828990936,3.5019783973693848,25.56380271911621,0.3628526031970978,0.36544036865234375,0.3708465099334717,0.38646820187568665,26.418926239013672,26.18199348449707,25.972824096679688,25.94679069519043,1355.129150390625
7,62286,6.759004592895508,17.276636123657227,0.040230702608823776,3.536003589630127,25.513212203979492,0.3626978099346161,0.3655239939689636,0.3719826340675354,0.39085882902145386,26.450607299804688,26.16275978088379,25.924665451049805,25.87046241760254,1523.6363525390625
