month,pfaf_id,Rainf_tavg,Qair_f_tavg,Qs_tavg,Evap_tavg,Tair_f_tavg,SoilMoist_inst_lvl_0,SoilMoist_inst_lvl_1,SoilMoist_inst_lvl_2,SoilMoist_inst_lvl_3,SoilTemp_inst_lvl_0,SoilTemp_inst_lvl_1,SoilTemp_inst_lvl_2,SoilTemp_inst_lvl_3,Streamflow_tavg
1,67204,7.010976314544678,14.624100685119629,0.1193007081747055,2.7048988342285156,20.956714630126953,0.3219606876373291,0.31882235407829285,0.3160098195075989,0.3346613049507141,23.067522048950195,22.08542251586914,21.34138298034668,20.560813903808594,899.58544921875
2,67204,8.169737815856934,15.006665229797363,0.1769091933965683,2.787055730819702,21.094419479370117,0.332923948764801,0.3279845416545868,0.3234863877296448,0.34422528743743896,23.184003829956055,22.277002334594727,21.562171936035156,20.81597137451172,1155.514404296875
3,67204,8.65062427520752,15.180756568908691,0.21545280516147614,2.74493408203125,21.129976272583008,0.3389926850795746,0.33521029353141785,0.3309549391269684,0.3524427115917206,23.16493034362793,22.330825805664062,21.67107391357422,20.967205047607422,1352.8035888671875
4,67204,8.496274948120117,15.073145866394043,0.24554379284381866,2.6927618980407715,21.115497589111328,0.3393760323524475,0.33722013235092163,0.3341917395591736,0.3561791479587555,23.107276916503906,22.279918670654297,21.66912841796875,21.01475715637207,1382.309326171875
5,67204,6.808669567108154,14.768022537231445,0.18584361672401428,2.7806475162506104,21.050884246826172,0.3335355520248413,0.3326414227485657,0.33143651485443115,0.3537181317806244,23.098482131958008,22.175533294677734,21.593425750732422,20.983020782470703,1172.8072509765625
12,67204,6.721120834350586,14.502699851989746,0.10386737436056137,2.489617347717285,20.78407096862793,0.3123979866504669,0.30974748730659485,0.3049401640892029,0.31642380356788635,22.992929458618164,21.850858688354492,20.90999984741211,20.045978546142578,489.05670166015625
