month,pfaf_id,Rainf_tavg,Qair_f_tavg,Qs_tavg,Evap_tavg,Tair_f_tavg,SoilMoist_inst_lvl_0,SoilMoist_inst_lvl_1,SoilMoist_inst_lvl_2,SoilMoist_inst_lvl_3,SoilTemp_inst_lvl_0,SoilTemp_inst_lvl_1,SoilTemp_inst_lvl_2,SoilTemp_inst_lvl_3,Streamflow_tavg
2,61581,8.687152862548828,18.05296516418457,0.25222763419151306,3.601010322570801,25.738542556762695,0.39052170515060425,0.3868851959705353,0.37503767013549805,0.3561914563179016,27.60982894897461,27.265625,27.194847106933594,27.13632583618164,1339.9075927734375
3,61581,9.894269943237305,18.21167755126953,0.42868074774742126,3.654477119445801,25.81467056274414,0.41329270601272583,0.4146787226200104,0.41764289140701294,0.4265933632850647,27.67909049987793,27.13620376586914,26.8971004486084,26.831750869750977,1999.5457763671875
4,61581,10.551206588745117,18.295446395874023,0.5423722267150879,3.6592366695404053,25.700653076171875,0.41988837718963623,0.42317625880241394,0.43064451217651367,0.45133548974990845,27.643354415893555,27.071134567260742,26.83592414855957,26.70954704284668,4647.173828125
5,61581,10.776315689086914,18.247806549072266,0.518483579158783,3.550020694732666,25.485637664794922,0.4214770793914795,0.42498579621315,0.4328521490097046,0.4538697898387909,27.2684383392334,26.78255271911621,26.619840621948242,26.567424774169922,5980.49951171875
6,61581,10.9269380569458,18.263395309448242,0.3949366807937622,3.4490106105804443,25.45122528076172,0.42285871505737305,0.42659807205200195,0.434783935546875,0.4548773467540741,27.16653060913086,26.670238494873047,26.468170166015625,26.400352478027344,6585.23095703125
7,61581,10.9406099319458,18.174137115478516,0.44094833731651306,3.454054355621338,25.35097312927246,0.4234440326690674,0.42760783433914185,0.43584752082824707,0.45496445894241333,27.165937423706055,26.619781494140625,26.4102725982666,26.31593132019043,6716.41748046875
