month,pfaf_id,Rainf_tavg,Qair_f_tavg,Qs_tavg,Evap_tavg,Tair_f_tavg,SoilMoist_inst_lvl_0,SoilMoist_inst_lvl_1,SoilMoist_inst_lvl_2,SoilMoist_inst_lvl_3,SoilTemp_inst_lvl_0,SoilTemp_inst_lvl_1,SoilTemp_inst_lvl_2,SoilTemp_inst_lvl_3,Streamflow_tavg
2,62496,6.963499069213867,16.200294494628906,0.06252752989530563,3.542755126953125,23.05623435974121,0.3216756284236908,0.32212382555007935,0.3288287818431854,0.3583481013774872,23.93593406677246,24.514928817749023,24.389606475830078,24.526750564575195,328.4925231933594
3,62496,6.488128185272217,16.237789154052734,0.0690537616610527,3.4090397357940674,23.2684268951416,0.32216522097587585,0.3238452076911926,0.33326825499534607,0.3673922121524811,24.036266326904297,24.58612632751465,24.154508590698242,24.041973114013672,415.55499267578125
4,62496,4.6713385581970215,15.199599266052246,0.05164298415184021,3.0678727626800537,22.558073043823242,0.3104381859302521,0.3152546286582947,0.3273092210292816,0.36191603541374207,23.195066452026367,24.102636337280273,23.800216674804688,23.813800811767578,373.32568359375
5,62496,1.6489359140396118,12.180316925048828,0.008389875292778015,2.3874473571777344,21.47542381286621,0.27261948585510254,0.288903146982193,0.307083398103714,0.3405594229698181,21.75762367248535,23.144853591918945,22.972864151000977,23.23937225341797,183.73806762695312
6,62496,0.9153916239738464,9.907139778137207,0.0028279076796025038,1.6310675144195557,20.59311866760254,0.23098279535770416,0.2682582437992096,0.28826916217803955,0.3179353177547455,20.866056442260742,22.45033836364746,22.067371368408203,22.399993896484375,68.29112243652344
7,62496,0.6343080997467041,9.187664031982422,0.0008584540337324142,1.2711973190307617,21.27048683166504,0.20214375853538513,0.2572838366031647,0.2765991687774658,0.3030349314212799,21.919979095458984,23.395187377929688,22.44643211364746,22.251964569091797,33.53202438354492
