month,pfaf_id,Rainf_tavg,Qair_f_tavg,Qs_tavg,Evap_tavg,Tair_f_tavg,SoilMoist_inst_lvl_0,SoilMoist_inst_lvl_1,SoilMoist_inst_lvl_2,SoilMoist_inst_lvl_3,SoilTemp_inst_lvl_0,SoilTemp_inst_lvl_1,SoilTemp_inst_lvl_2,SoilTemp_inst_lvl_3,Streamflow_tavg
4,61588,9.227686882019043,16.615802764892578,0.1443498581647873,3.7505717277526855,24.715463638305664,0.3621736168861389,0.3590877652168274,0.34762945771217346,0.31758275628089905,25.91545295715332,25.2431697845459,24.644887924194336,24.222944259643555,101.18732452392578
5,61588,9.262414932250977,16.666624069213867,0.26129862666130066,3.746241807937622,24.808481216430664,0.37263113260269165,0.3737637996673584,0.37673839926719666,0.3855527639389038,25.948028564453125,25.357685089111328,24.89125633239746,24.51735496520996,348.2882995605469
6,61588,9.070767402648926,16.674318313598633,0.2384515106678009,3.805558919906616,24.869733810424805,0.3764365613460541,0.3792641758918762,0.3861974775791168,0.40837520360946655,25.8492431640625,25.344356536865234,24.94548797607422,24.645166397094727,507.22650146484375
7,61588,9.006115913391113,16.630535125732422,0.20420874655246735,3.7677254676818848,24.823993682861328,0.37789949774742126,0.3809104859828949,0.3887909948825836,0.4140818119049072,25.730619430541992,25.314693450927734,24.951595306396484,24.685962677001953,556.9912719726562
8,61588,8.628931045532227,16.624439239501953,0.16363568603992462,3.876352071762085,24.99163055419922,0.37705427408218384,0.38004419207572937,0.38812384009361267,0.4136383533477783,25.837364196777344,25.39258575439453,24.987167358398438,24.70118522644043,542.454345703125
9,61588,8.113309860229492,16.674663543701172,0.12082066386938095,4.041589736938477,25.405250549316406,0.37479281425476074,0.37769708037376404,0.38571640849113464,0.41036054491996765,26.221166610717773,25.6932315826416,25.20096206665039,24.821889877319336,477.5406799316406
