month,pfaf_id,Rainf_tavg,Qair_f_tavg,Qs_tavg,Evap_tavg,Tair_f_tavg,SoilMoist_inst_lvl_0,SoilMoist_inst_lvl_1,SoilMoist_inst_lvl_2,SoilMoist_inst_lvl_3,SoilTemp_inst_lvl_0,SoilTemp_inst_lvl_1,SoilTemp_inst_lvl_2,SoilTemp_inst_lvl_3,Streamflow_tavg
1,61589,8.148346900939941,16.26268196105957,0.08618706464767456,3.6068356037139893,23.696866989135742,0.36099591851234436,0.3631435036659241,0.3692065179347992,0.3902682065963745,24.798242568969727,24.38897132873535,24.195451736450195,24.240297317504883,1272.052001953125
2,61589,8.192235946655273,16.308385848999023,0.06409776955842972,3.741422176361084,23.853803634643555,0.36191898584365845,0.36461180448532104,0.3715499937534332,0.3959988057613373,24.922754287719727,24.51532745361328,24.23317527770996,24.180458068847656,1350.6297607421875
3,61589,8.365965843200684,16.3233699798584,0.057452600449323654,3.73549747467041,23.88964080810547,0.3630613088607788,0.36577194929122925,0.37326905131340027,0.3995911478996277,24.860450744628906,24.55292510986328,24.291473388671875,24.226125717163086,1402.233154296875
4,61589,8.555906295776367,16.304119110107422,0.05313599854707718,3.661954402923584,23.726015090942383,0.36448144912719727,0.3669852316379547,0.374824196100235,0.40251755714416504,24.729646682739258,24.465137481689453,24.251256942749023,24.224897384643555,1502.4066162109375
5,61589,8.542808532714844,16.289852142333984,0.05319172516465187,3.6102163791656494,23.593307495117188,0.36492589116096497,0.3674386739730835,0.3754514455795288,0.4037776291370392,24.63052749633789,24.321420669555664,24.130970001220703,24.14885139465332,1556.4730224609375
12,61589,8.421730041503906,16.263530731201172,0.0790744200348854,3.5829551219940186,23.59083366394043,0.3565874993801117,0.35665202140808105,0.35706856846809387,0.3674657344818115,24.74689483642578,24.443002700805664,24.400476455688477,24.552675247192383,687.7902221679688
