month,pfaf_id,Rainf_tavg,Qair_f_tavg,Qs_tavg,Evap_tavg,Tair_f_tavg,SoilMoist_inst_lvl_0,SoilMoist_inst_lvl_1,SoilMoist_inst_lvl_2,SoilMoist_inst_lvl_3,SoilTemp_inst_lvl_0,SoilTemp_inst_lvl_1,SoilTemp_inst_lvl_2,SoilTemp_inst_lvl_3,Streamflow_tavg
1,61564,2.8809046745300293,13.801468849182129,0.03064955770969391,3.3614866733551025,23.39157485961914,0.3186802268028259,0.3413711488246918,0.3495910167694092,0.3619472086429596,25.2390079498291,24.159687042236328,23.455312728881836,23.00841522216797,19.398073196411133
2,61564,3.221791982650757,13.993637084960938,0.03403377905488014,3.3285470008850098,23.91561508178711,0.3134824335575104,0.33482927083969116,0.34093618392944336,0.35104939341545105,25.784603118896484,24.829431533813477,23.9953670501709,23.34079933166504,14.48239803314209
3,61564,3.6485471725463867,14.494853973388672,0.042395517230033875,3.366091012954712,24.020904541015625,0.3214143216609955,0.3340300917625427,0.33813542127609253,0.34647485613822937,25.735769271850586,25.011394500732422,24.302095413208008,23.709535598754883,16.32029914855957
4,61564,4.3525848388671875,15.049490928649902,0.05704345181584358,3.42606782913208,23.560991287231445,0.33677804470062256,0.3395478427410126,0.34096214175224304,0.3484328091144562,25.060291290283203,24.56013298034668,24.151145935058594,23.798051834106445,26.88905143737793
5,61564,4.334098815917969,15.102968215942383,0.04867355152964592,3.36922550201416,23.22628402709961,0.3439550995826721,0.34339988231658936,0.34326714277267456,0.3526262640953064,24.434818267822266,23.928653717041016,23.677406311035156,23.512985229492188,40.636627197265625
12,61564,3.4998316764831543,14.493021011352539,0.038432393223047256,3.509605646133423,23.13019561767578,0.3352738916873932,0.3516843318939209,0.35971009731292725,0.3734351396560669,24.79372787475586,23.889097213745117,23.343441009521484,22.912334442138672,44.27621078491211
