month,pfaf_id,Rainf_tavg,Qair_f_tavg,Qs_tavg,Evap_tavg,Tair_f_tavg,SoilMoist_inst_lvl_0,SoilMoist_inst_lvl_1,SoilMoist_inst_lvl_2,SoilMoist_inst_lvl_3,SoilTemp_inst_lvl_0,SoilTemp_inst_lvl_1,SoilTemp_inst_lvl_2,SoilTemp_inst_lvl_3,Streamflow_tavg
2,61625,3.30733060836792,15.542205810546875,0.006303696893155575,3.8102481365203857,23.775659561157227,0.2924179434776306,0.29049378633499146,0.2858177423477173,0.28023549914360046,24.249441146850586,24.509817123413086,24.514930725097656,24.742048263549805,534.1161499023438
3,61625,3.575690746307373,16.017696380615234,0.00731259910389781,3.6598775386810303,23.80558204650879,0.2916259765625,0.2878235876560211,0.28027379512786865,0.2727586030960083,24.646434783935547,24.715490341186523,24.38401985168457,24.349088668823242,195.94325256347656
4,61625,4.018610954284668,16.550010681152344,0.009440317749977112,3.4893319606781006,23.899646759033203,0.29632487893104553,0.28938931226730347,0.2766042947769165,0.2666682004928589,25.102514266967773,25.114551544189453,24.661376953125,24.470369338989258,66.95640563964844
5,61625,4.78037691116333,16.974119186401367,0.012677174061536789,3.3595409393310547,23.816251754760742,0.30811527371406555,0.30255722999572754,0.2872633635997772,0.27093517780303955,25.17096710205078,25.190229415893555,24.828786849975586,24.676462173461914,99.06754302978516
6,61625,4.915281772613525,17.11310577392578,0.013762131333351135,3.3074779510498047,23.832149505615234,0.31446173787117004,0.31146055459976196,0.3017404079437256,0.28471484780311584,25.04113006591797,25.093210220336914,24.796857833862305,24.704578399658203,373.17498779296875
7,61625,4.896800994873047,17.033523559570312,0.013856492936611176,3.3473117351531982,23.786245346069336,0.31677553057670593,0.3152148723602295,0.3094816207885742,0.29844000935554504,24.97948455810547,25.000762939453125,24.716001510620117,24.6498966217041,732.3068237304688
