month,pfaf_id,Rainf_tavg,Qair_f_tavg,Qs_tavg,Evap_tavg,Tair_f_tavg,SoilMoist_inst_lvl_0,SoilMoist_inst_lvl_1,SoilMoist_inst_lvl_2,SoilMoist_inst_lvl_3,SoilTemp_inst_lvl_0,SoilTemp_inst_lvl_1,SoilTemp_inst_lvl_2,SoilTemp_inst_lvl_3,Streamflow_tavg
1,62236,5.339006423950195,16.611780166625977,0.022157810628414154,3.3662564754486084,25.089599609375,0.3323778212070465,0.32272449135780334,0.2888775169849396,0.21684220433235168,25.923246383666992,25.944549560546875,25.865345001220703,26.027978897094727,105.17363739013672
2,62236,5.498166084289551,16.78292465209961,0.02920430153608322,3.4373044967651367,25.116744995117188,0.33993345499038696,0.3335212469100952,0.3118650019168854,0.24492701888084412,25.95480728149414,25.927785873413086,25.69172477722168,25.658052444458008,171.01486206054688
3,62236,5.8830246925354,16.91282081604004,0.044214870780706406,3.4963772296905518,25.168243408203125,0.3476772606372833,0.34308502078056335,0.3276742398738861,0.27905765175819397,25.931255340576172,25.91870880126953,25.65968894958496,25.5695858001709,249.58154296875
4,62236,6.071384429931641,16.978055953979492,0.04460064321756363,3.6195106506347656,25.209548950195312,0.3542822301387787,0.3515103757381439,0.3421270549297333,0.3155478835105896,25.9614200592041,25.934213638305664,25.64689064025879,25.53130531311035,324.0791931152344
5,62236,5.558406829833984,17.023212432861328,0.04301678389310837,3.617172956466675,25.148395538330078,0.3569847643375397,0.35628142952919006,0.35234692692756653,0.34410789608955383,25.971485137939453,25.901805877685547,25.622236251831055,25.51141929626465,405.9070739746094
12,62236,4.9744038581848145,16.21039581298828,0.01808888651430607,3.368162155151367,25.633121490478516,0.31269994378089905,0.29635322093963623,0.24914193153381348,0.19899475574493408,26.346860885620117,26.515918731689453,26.66819953918457,26.976621627807617,91.54769134521484
