month,pfaf_id,Rainf_tavg,Qair_f_tavg,Qs_tavg,Evap_tavg,Tair_f_tavg,SoilMoist_inst_lvl_0,SoilMoist_inst_lvl_1,SoilMoist_inst_lvl_2,SoilMoist_inst_lvl_3,SoilTemp_inst_lvl_0,SoilTemp_inst_lvl_1,SoilTemp_inst_lvl_2,SoilTemp_inst_lvl_3,Streamflow_tavg
2,62305,9.432388305664062,17.89576530456543,0.18453475832939148,3.5752899646759033,25.643436431884766,0.37355178594589233,0.37376368045806885,0.3761654794216156,0.3861898183822632,26.40130615234375,26.702844619750977,26.647506713867188,26.77499008178711,117450.1796875
3,62305,9.212226867675781,18.218053817749023,0.2134183943271637,3.5823652744293213,25.900236129760742,0.3771537244319916,0.378866583108902,0.38591957092285156,0.4098922312259674,26.63142204284668,26.83793830871582,26.5787353515625,26.532733917236328,136902.203125
4,62305,9.220285415649414,18.403175354003906,0.23913350701332092,3.546989917755127,26.04439353942871,0.378606915473938,0.3809148669242859,0.3894031345844269,0.41685768961906433,26.736989974975586,26.96327018737793,26.681880950927734,26.553470611572266,152835.71875
5,62305,9.632309913635254,18.4500732421875,0.2660934329032898,3.4795894622802734,26.002201080322266,0.37978583574295044,0.3821869194507599,0.3910987973213196,0.41957277059555054,26.6370906829834,26.903779983520508,26.668235778808594,26.576112747192383,161161.28125
6,62305,7.66480016708374,18.333017349243164,0.1154090017080307,3.384709596633911,25.918415069580078,0.37546077370643616,0.3780336081981659,0.3874601125717163,0.41571760177612305,26.52126121520996,26.78443717956543,26.575542449951172,26.52707862854004,156521.40625
7,62305,4.832198143005371,17.897659301757812,0.043426286429166794,3.4974894523620605,25.796127319335938,0.36230817437171936,0.3655571937561035,0.3747127950191498,0.3985125422477722,26.33394432067871,26.60468101501465,26.419015884399414,26.421546936035156,131108.328125
